product_id,product_name,category,subcategory,unit_price,weight_kg,is_active
PROD_0001,Whiteboard One-To-One Web-Readiness,Alimentos,Doces,261.46,24.97,True
PROD_0002,Extend Efficient Action-Items,Esportes,Corrida,619.22,2.96,True
PROD_0003,Enhance Global Platforms,Brinquedos,Eletrônicos,70.73,3.43,True
PROD_0004,Innovate E-Business Applications,Livros,Técnicos,59.38,27.05,True
PROD_0005,Brand Robust Web-Readiness,Alimentos,Saudáveis,67.55,16.27,True
PROD_0006,Evolve Killer E-Services,Informática,Software,201.32,21.59,True
PROD_0007,Deliver Proactive Schemas,Casa e Decoração,Tapetes,64.17,6.84,True
PROD_0008,Aggregate Next-Generation E-Services,Alimentos,Doces,84.55,5.07,True
PROD_0009,Grow Efficient Synergies,Brinquedos,Eletrônicos,244.02,25.07,True
PROD_0010,Engineer Granular E-Commerce,Livros,Autoajuda,42.48,10.82,True
PROD_0011,Facilitate Efficient Eyeballs,Esportes,Fitness,477.89,13.71,True
PROD_0012,Architect Cross-Platform Platforms,Brinquedos,Veículos,192.43,0.94,True
PROD_0013,Evolve Enterprise Platforms,Brinquedos,Jogos,10.0,11.64,False
PROD_0014,Seize Cross-Media Metrics,Casa e Decoração,Iluminação,48.5,23.14,True
PROD_0015,Morph Revolutionary Bandwidth,Saúde e Beleza,Cabelos,10.0,24.66,True
PROD_0016,Incubate 24/7 Architectures,Livros,Autoajuda,71.09,20.99,True
PROD_0017,Evolve Distributed Functionalities,Moda,Infantil,49.5,20.8,True
PROD_0018,Re-Intermediate Bricks-And-Clicks Networks,Brinquedos,Bonecas,245.14,15.24,True
PROD_0019,Aggregate Innovative Paradigms,Saúde e Beleza,Maquiagem,31.27,16.2,True
PROD_0020,Repurpose Bleeding-Edge Technologies,Moda,Infantil,143.35,22.3,True
PROD_0021,Evolve Bleeding-Edge Platforms,Livros,Infantil,178.15,7.49,True
PROD_0022,Synergize Efficient Bandwidth,Eletrônicos,Acessórios,122.56,7.02,True
PROD_0023,Whiteboard Bricks-And-Clicks Communities,Informática,Redes,353.59,28.5,False
PROD_0024,Disintermediate Synergistic E-Tailers,Saúde e Beleza,Vitaminas,1077.01,0.93,True
PROD_0025,Repurpose Real-Time Methodologies,Automotivo,Ferramentas,102.96,4.27,True
PROD_0026,Visualize Intuitive Metrics,Eletrônicos,Câmeras,146.38,17.15,True
PROD_0027,Whiteboard Frictionless Users,Informática,Notebooks,31.3,22.16,True
PROD_0028,Drive Interactive Communities,Casa e Decoração,Tapetes,26.48,16.18,True
PROD_0029,Target Enterprise Niches,Alimentos,Importados,311.25,10.72,True
PROD_0030,Re-Contextualize Magnetic Methodologies,Esportes,Natação,265.56,29.34,False
PROD_0031,Harness Leading-Edge E-Services,Automotivo,Peças,26.17,21.15,True
PROD_0032,Transition Robust Vortals,Casa e Decoração,Quadros,18.73,24.96,True
PROD_0033,Strategize Real-Time Partnerships,Livros,Ficção,41.33,1.3,False
PROD_0034,Architect Turn-Key E-Tailers,Casa e Decoração,Quadros,75.97,7.15,True
PROD_0035,Visualize Rich Interfaces,Alimentos,Orgânicos,55.09,11.29,True
PROD_0036,Matrix Ubiquitous Eyeballs,Livros,Técnicos,109.14,5.56,True
PROD_0037,Morph Global Action-Items,Automotivo,Som,270.55,2.28,True
PROD_0038,Extend Back-End Applications,Alimentos,Doces,156.73,6.83,True
PROD_0039,Brand Wireless Relationships,Moda,Calçados,171.29,16.06,True
PROD_0040,Enhance Global Mindshare,Esportes,Ciclismo,10.0,20.9,False
PROD_0041,Synthesize E-Business Markets,Automotivo,Acessórios,12.98,23.24,True
PROD_0042,Cultivate One-To-One Eyeballs,Moda,Acessórios,34.61,1.38,True
PROD_0043,Whiteboard Granular Methodologies,Informática,Software,42.2,12.9,True
PROD_0044,Brand Innovative Architectures,Automotivo,Ferramentas,246.61,3.75,True
PROD_0045,Synergize Plug-And-Play Deliverables,Informática,Periféricos,31.35,12.99,True
PROD_0046,Morph Value-Added Methodologies,Livros,Acadêmicos,200.4,13.08,True
PROD_0047,Drive One-To-One Methodologies,Moda,Roupas Femininas,35.09,15.0,True
PROD_0048,Matrix Real-Time Experiences,Esportes,Fitness,21.3,26.8,True
PROD_0049,Facilitate One-To-One Technologies,Alimentos,Orgânicos,22.53,24.17,False
PROD_0050,Brand Granular Bandwidth,Brinquedos,Veículos,1352.78,19.14,False
PROD_0051,Implement Back-End Mindshare,Casa e Decoração,Tapetes,34.16,26.57,True
PROD_0052,Engineer Virtual Mindshare,Eletrônicos,TVs,206.27,20.39,True
PROD_0053,Redefine Sticky Functionalities,Esportes,Corrida,13.88,24.58,True
PROD_0054,Monetize 24/365 Eyeballs,Moda,Roupas Masculinas,494.09,16.96,True
PROD_0055,Disintermediate Granular Users,Brinquedos,Eletrônicos,136.85,15.8,False
PROD_0056,Revolutionize Clicks-And-Mortar Metrics,Esportes,Ciclismo,125.06,21.75,True
PROD_0057,Harness Holistic Web-Readiness,Moda,Calçados,147.91,0.69,True
PROD_0058,Embrace Bricks-And-Clicks Content,Saúde e Beleza,Cabelos,168.81,20.74,True
PROD_0059,Incentivize Leading-Edge Action-Items,Saúde e Beleza,Maquiagem,237.67,28.04,True
PROD_0060,Matrix Strategic Infrastructures,Informática,Componentes,43.86,21.45,True
PROD_0061,Drive Holistic Partnerships,Esportes,Natação,40.89,1.2,True
PROD_0062,Engineer End-To-End Channels,Saúde e Beleza,Maquiagem,95.49,11.4,False
PROD_0063,Repurpose Collaborative Schemas,Moda,Roupas Femininas,204.65,24.31,True
PROD_0064,Leverage Back-End Deliverables,Informática,Periféricos,83.1,28.76,True
PROD_0065,Cultivate Cutting-Edge E-Tailers,Moda,Acessórios,227.85,11.17,True
PROD_0066,Re-Contextualize 24/365 Content,Informática,Notebooks,188.94,25.25,True
PROD_0067,Strategize Out-Of-The-Box Systems,Esportes,Ciclismo,69.38,25.93,True
PROD_0068,Productize Customized Initiatives,Brinquedos,Bonecas,11.06,3.79,True
PROD_0069,Incentivize Magnetic Partnerships,Alimentos,Bebidas,49.19,25.39,False
PROD_0070,Facilitate Vertical Applications,Automotivo,Óleos,728.77,9.8,True
PROD_0071,Engage Bleeding-Edge Applications,Brinquedos,Eletrônicos,135.38,17.84,True
PROD_0072,Enhance Clicks-And-Mortar Partnerships,Livros,Autoajuda,41.79,16.21,True
PROD_0073,Unleash Leading-Edge E-Services,Moda,Roupas Femininas,121.61,19.93,True
PROD_0074,Optimize Robust Supply-Chains,Livros,Técnicos,202.75,22.24,True
PROD_0075,Optimize Web-Enabled Niches,Brinquedos,Veículos,41.81,13.28,True
PROD_0076,Repurpose Holistic E-Tailers,Informática,Notebooks,396.41,26.66,True
PROD_0077,Incubate End-To-End Networks,Automotivo,Peças,163.18,24.3,True
PROD_0078,Maximize Collaborative Action-Items,Automotivo,Óleos,24.05,23.58,True
PROD_0079,Generate Collaborative E-Markets,Eletrônicos,Câmeras,251.55,13.8,True
PROD_0080,Aggregate Mission-Critical Platforms,Automotivo,Peças,55.06,1.22,True
PROD_0081,Repurpose User-Centric Convergence,Alimentos,Doces,72.61,14.82,True
PROD_0082,Brand Transparent Bandwidth,Automotivo,Som,26.6,26.96,True
PROD_0083,Cultivate Scalable Methodologies,Brinquedos,Jogos,192.05,5.79,True
PROD_0084,Visualize Mission-Critical Markets,Eletrônicos,TVs,75.29,29.48,True
PROD_0085,Strategize Cross-Platform Platforms,Brinquedos,Jogos,202.05,24.25,True
PROD_0086,Incentivize Dynamic Solutions,Brinquedos,Veículos,46.47,21.32,False
PROD_0087,Incubate Customized Channels,Casa e Decoração,Quadros,40.51,20.35,True
PROD_0088,Brand Viral Niches,Eletrônicos,Áudio,36.76,17.65,True
PROD_0089,Target Interactive Partnerships,Brinquedos,Jogos,144.78,21.65,True
PROD_0090,Grow Mission-Critical Markets,Casa e Decoração,Tapetes,39.79,12.71,True
PROD_0091,Visualize Value-Added Infrastructures,Casa e Decoração,Iluminação,70.55,25.37,True
PROD_0092,Re-Contextualize Web-Enabled Communities,Eletrônicos,Áudio,48.32,20.92,True
PROD_0093,Deploy Holistic Info-Mediaries,Livros,Infantil,152.64,23.16,False
PROD_0094,Architect Wireless Markets,Informática,Software,11.22,23.8,True
PROD_0095,Leverage Enterprise Synergies,Alimentos,Importados,121.08,2.85,True
PROD_0096,Synergize Back-End Bandwidth,Informática,Redes,718.82,1.76,True
PROD_0097,Envisioneer Cutting-Edge Schemas,Automotivo,Óleos,396.72,24.05,True
PROD_0098,Repurpose Holistic Eyeballs,Alimentos,Orgânicos,42.95,7.86,True
PROD_0099,Aggregate Distributed E-Tailers,Automotivo,Óleos,162.96,17.5,False
PROD_0100,Streamline Leading-Edge Vortals,Brinquedos,Educativos,129.11,13.37,False
PROD_0101,Streamline Scalable Applications,Moda,Roupas Femininas,524.93,0.76,True
PROD_0102,Syndicate Granular Markets,Eletrônicos,Smartphones,10.0,1.3,True
PROD_0103,Deliver Strategic Roi,Alimentos,Orgânicos,342.22,24.83,True
PROD_0104,Optimize Innovative Methodologies,Alimentos,Doces,65.3,18.27,True
PROD_0105,Cultivate Web-Enabled Interfaces,Brinquedos,Veículos,36.9,15.76,False
PROD_0106,Embrace Interactive Applications,Livros,Autoajuda,35.65,28.34,True
PROD_0107,Expedite Revolutionary E-Business,Casa e Decoração,Móveis,18.92,5.28,True
PROD_0108,Evolve Next-Generation Web Services,Brinquedos,Eletrônicos,43.08,7.81,True
PROD_0109,Benchmark Turn-Key Portals,Saúde e Beleza,Maquiagem,24.64,22.73,True
PROD_0110,Architect Turn-Key Action-Items,Casa e Decoração,Quadros,111.75,23.28,True
PROD_0111,Morph Impactful Channels,Eletrônicos,TVs,182.71,12.21,True
PROD_0112,Repurpose Seamless Bandwidth,Casa e Decoração,Móveis,66.16,28.53,True
PROD_0113,Harness Intuitive Synergies,Livros,Acadêmicos,544.39,28.15,True
PROD_0114,Target Mission-Critical Partnerships,Casa e Decoração,Móveis,46.61,0.47,True
PROD_0115,Incubate Killer Mindshare,Eletrônicos,TVs,62.14,5.25,True
PROD_0116,Morph End-To-End Convergence,Livros,Acadêmicos,51.03,24.62,True
PROD_0117,Matrix Innovative Action-Items,Informática,Software,184.63,10.12,True
PROD_0118,Disintermediate Front-End Communities,Alimentos,Bebidas,208.41,2.95,True
PROD_0119,Grow Seamless E-Business,Alimentos,Doces,163.11,23.57,True
PROD_0120,Exploit Value-Added Web Services,Automotivo,Acessórios,77.56,13.69,True
PROD_0121,Transition Seamless Web Services,Informática,Componentes,18.02,14.82,True
PROD_0122,Transform Global Portals,Informática,Componentes,61.35,5.67,True
PROD_0123,Embrace Sticky Schemas,Casa e Decoração,Móveis,530.47,19.86,True
PROD_0124,Orchestrate Real-Time Technologies,Alimentos,Orgânicos,303.65,16.58,True
PROD_0125,Expedite Best-Of-Breed Supply-Chains,Eletrônicos,TVs,128.11,6.28,True
PROD_0126,Architect Back-End Mindshare,Esportes,Fitness,56.75,10.28,True
PROD_0127,Synthesize Dot-Com Markets,Esportes,Futebol,88.56,17.95,True
PROD_0128,Evolve Cutting-Edge Niches,Livros,Autoajuda,57.05,27.75,False
PROD_0129,Integrate Clicks-And-Mortar Supply-Chains,Alimentos,Bebidas,376.78,27.62,True
PROD_0130,Revolutionize End-To-End Functionalities,Alimentos,Doces,32.89,8.71,True
PROD_0131,Morph Granular Systems,Esportes,Futebol,272.71,22.1,True
PROD_0132,Engage Cutting-Edge Schemas,Alimentos,Bebidas,47.7,23.29,False
PROD_0133,Implement One-To-One Partnerships,Casa e Decoração,Iluminação,439.27,24.28,False
PROD_0134,Matrix B2C Users,Saúde e Beleza,Perfumes,150.22,17.17,False
PROD_0135,Integrate Out-Of-The-Box Applications,Moda,Roupas Femininas,36.63,0.41,True
PROD_0136,Engage B2B E-Commerce,Informática,Redes,62.1,22.87,True
PROD_0137,Enable Revolutionary Content,Automotivo,Ferramentas,211.45,3.29,True
PROD_0138,Disintermediate Revolutionary Convergence,Livros,Técnicos,49.45,3.59,True
PROD_0139,Architect Interactive Web Services,Saúde e Beleza,Perfumes,92.44,18.21,True
PROD_0140,Transform Synergistic Schemas,Esportes,Corrida,48.64,29.51,True
PROD_0141,Matrix Transparent E-Business,Informática,Redes,743.18,7.35,True
PROD_0142,Extend B2C Action-Items,Alimentos,Doces,913.5,19.41,True
PROD_0143,Cultivate Granular Roi,Automotivo,Óleos,521.0,9.18,True
PROD_0144,Matrix Transparent Web-Readiness,Alimentos,Orgânicos,77.54,26.97,True
PROD_0145,Reinvent Open-Source E-Markets,Eletrônicos,Smartphones,55.52,17.85,True
PROD_0146,Exploit Interactive Niches,Eletrônicos,TVs,35.34,6.3,True
PROD_0147,Leverage Sticky Architectures,Automotivo,Som,568.42,7.94,True
PROD_0148,Cultivate Robust Info-Mediaries,Automotivo,Ferramentas,275.03,13.03,True
PROD_0149,Enhance 24/365 Bandwidth,Esportes,Ciclismo,291.35,3.75,False
PROD_0150,Seize Extensible E-Services,Automotivo,Ferramentas,66.69,2.45,True
PROD_0151,Enhance Proactive Web Services,Casa e Decoração,Quadros,10.92,20.43,False
PROD_0152,Aggregate Wireless Supply-Chains,Alimentos,Saudáveis,14.39,12.27,True
PROD_0153,Empower Innovative Niches,Saúde e Beleza,Cabelos,96.46,21.81,True
PROD_0154,Seize Wireless Methodologies,Brinquedos,Jogos,48.08,3.39,True
PROD_0155,E-Enable Open-Source Web-Readiness,Automotivo,Som,41.88,18.33,True
PROD_0156,Embrace Back-End Roi,Livros,Técnicos,136.21,13.35,True
PROD_0157,Benchmark Back-End Paradigms,Eletrônicos,TVs,303.81,1.83,True
PROD_0158,Transform User-Centric Convergence,Casa e Decoração,Iluminação,38.8,16.39,False
PROD_0159,Drive Turn-Key E-Commerce,Informática,Redes,18.79,2.58,False
PROD_0160,Expedite One-To-One Architectures,Brinquedos,Veículos,39.93,24.85,False
PROD_0161,Productize Dynamic Portals,Saúde e Beleza,Cabelos,25.72,19.0,False
PROD_0162,Integrate User-Centric Synergies,Brinquedos,Veículos,183.35,16.75,True
PROD_0163,Mesh 24/365 Relationships,Automotivo,Som,89.57,4.09,True
PROD_0164,Brand Innovative Web Services,Esportes,Natação,859.7,8.69,True
PROD_0165,Redefine Open-Source E-Business,Eletrônicos,Smartphones,217.37,14.84,True
PROD_0166,Harness 24/7 Content,Eletrônicos,Smartphones,793.64,19.04,True
PROD_0167,Deliver Extensible Web Services,Informática,Software,16.7,5.58,False
PROD_0168,Deploy World-Class Interfaces,Esportes,Natação,10.0,0.37,True
PROD_0169,Scale Distributed Schemas,Alimentos,Doces,120.49,10.41,True
PROD_0170,Enable Dynamic E-Markets,Moda,Roupas Femininas,104.36,14.54,True
PROD_0171,Repurpose Enterprise Methodologies,Casa e Decoração,Tapetes,77.68,5.61,True
PROD_0172,Extend Virtual E-Business,Eletrônicos,Acessórios,100.98,14.82,True
PROD_0173,Maximize Seamless Interfaces,Livros,Infantil,23.36,10.22,False
PROD_0174,Engage Clicks-And-Mortar Content,Eletrônicos,Áudio,176.94,13.71,False
PROD_0175,Envisioneer Best-Of-Breed E-Commerce,Brinquedos,Eletrônicos,217.77,10.49,True
PROD_0176,Generate World-Class Bandwidth,Eletrônicos,Câmeras,21.33,18.89,True
PROD_0177,Grow Visionary Methodologies,Eletrônicos,Acessórios,58.89,1.38,True
PROD_0178,Architect Collaborative Communities,Moda,Calçados,63.42,5.21,True
PROD_0179,Repurpose Strategic Technologies,Moda,Acessórios,40.25,13.04,False
PROD_0180,Deliver Open-Source Infrastructures,Saúde e Beleza,Perfumes,22.35,10.75,True
PROD_0181,Transition Web-Enabled Methodologies,Alimentos,Saudáveis,91.38,11.81,True
PROD_0182,Monetize Magnetic Solutions,Livros,Acadêmicos,123.1,24.13,True
PROD_0183,Orchestrate Proactive Paradigms,Eletrônicos,Câmeras,43.28,26.6,False
PROD_0184,Incentivize Collaborative E-Business,Eletrônicos,Smartphones,24.31,7.54,True
PROD_0185,Iterate Intuitive Bandwidth,Casa e Decoração,Móveis,147.33,25.11,True
PROD_0186,Deploy Dynamic Architectures,Moda,Acessórios,35.85,13.82,True
PROD_0187,Synthesize Wireless Action-Items,Livros,Técnicos,62.11,8.29,True
PROD_0188,Orchestrate Clicks-And-Mortar Platforms,Informática,Software,53.34,29.57,True
PROD_0189,Revolutionize Cutting-Edge E-Services,Saúde e Beleza,Cabelos,401.36,24.76,True
PROD_0190,Reinvent Plug-And-Play Markets,Alimentos,Importados,37.87,29.83,False
PROD_0191,Engage Interactive Initiatives,Esportes,Natação,713.82,5.13,True
PROD_0192,Target Global Bandwidth,Alimentos,Importados,222.02,4.4,True
PROD_0193,Repurpose Turn-Key Systems,Brinquedos,Bonecas,800.37,15.15,True
PROD_0194,Re-Intermediate Cutting-Edge Schemas,Eletrônicos,Smartphones,199.85,19.2,True
PROD_0195,Grow Granular Info-Mediaries,Saúde e Beleza,Cabelos,69.04,5.21,True
PROD_0196,Grow Back-End Action-Items,Brinquedos,Bonecas,29.94,25.83,True
PROD_0197,E-Enable Efficient Deliverables,Livros,Ficção,58.76,16.01,True
PROD_0198,Synthesize Web-Enabled Niches,Esportes,Natação,536.32,12.39,True
PROD_0199,Grow Intuitive Technologies,Moda,Calçados,84.98,18.1,False
PROD_0200,Incentivize Real-Time Supply-Chains,Saúde e Beleza,Cabelos,198.96,19.09,False
PROD_0201,Harness Strategic Channels,Saúde e Beleza,Cuidados Pessoais,115.4,1.38,True
PROD_0202,Orchestrate Bleeding-Edge Architectures,Eletrônicos,Câmeras,121.46,30.0,True
PROD_0203,Scale B2C E-Tailers,Automotivo,Óleos,127.2,10.98,True
PROD_0204,Optimize Next-Generation E-Markets,Saúde e Beleza,Cabelos,163.11,1.94,True
PROD_0205,Facilitate Plug-And-Play E-Markets,Casa e Decoração,Móveis,33.89,25.58,True
PROD_0206,Streamline Best-Of-Breed E-Markets,Esportes,Ciclismo,64.72,29.79,True
PROD_0207,Synergize Vertical Networks,Esportes,Fitness,130.47,24.51,False
PROD_0208,Synergize Compelling Synergies,Casa e Decoração,Iluminação,109.53,25.57,True
PROD_0209,Seize Seamless Architectures,Informática,Software,51.76,18.82,False
PROD_0210,Iterate Next-Generation Users,Casa e Decoração,Utilidades,148.4,27.68,True
PROD_0211,Extend Magnetic Models,Casa e Decoração,Quadros,35.68,1.17,True
PROD_0212,Enhance Real-Time E-Commerce,Esportes,Corrida,20.75,23.03,True
PROD_0213,Synthesize Proactive Architectures,Alimentos,Bebidas,128.25,20.15,False
PROD_0214,Facilitate Wireless Communities,Esportes,Fitness,21.37,1.58,True
PROD_0215,E-Enable Plug-And-Play Channels,Automotivo,Ferramentas,125.98,16.36,True
PROD_0216,Re-Intermediate Proactive Interfaces,Eletrônicos,Câmeras,10.0,15.5,True
PROD_0217,Benchmark Proactive Infrastructures,Brinquedos,Bonecas,37.71,20.78,True
PROD_0218,Visualize Cutting-Edge Channels,Alimentos,Importados,60.76,2.42,True
PROD_0219,Cultivate Plug-And-Play Roi,Moda,Infantil,13.09,24.18,True
PROD_0220,Streamline Back-End Architectures,Brinquedos,Jogos,57.56,4.27,False
PROD_0221,Harness Killer Bandwidth,Eletrônicos,Áudio,373.17,12.62,True
PROD_0222,Harness Cross-Platform Architectures,Automotivo,Ferramentas,19.6,26.45,True
PROD_0223,Empower Next-Generation Portals,Automotivo,Óleos,59.47,16.86,True
PROD_0224,E-Enable Strategic Info-Mediaries,Moda,Roupas Masculinas,694.49,11.45,True
PROD_0225,Utilize Scalable Convergence,Alimentos,Orgânicos,25.17,1.54,False
PROD_0226,Enhance Innovative Experiences,Informática,Software,481.39,20.2,True
PROD_0227,Integrate Proactive Action-Items,Casa e Decoração,Móveis,64.41,29.6,True
PROD_0228,Aggregate Vertical E-Business,Alimentos,Bebidas,101.73,27.36,True
PROD_0229,Orchestrate Web-Enabled Channels,Informática,Periféricos,424.02,21.55,True
PROD_0230,Syndicate One-To-One Networks,Automotivo,Som,50.29,3.25,True
PROD_0231,Architect Plug-And-Play Portals,Esportes,Natação,191.95,7.26,True
PROD_0232,Revolutionize Out-Of-The-Box Communities,Eletrônicos,Acessórios,260.22,5.69,True
PROD_0233,Expedite One-To-One Communities,Moda,Calçados,41.22,10.73,True
PROD_0234,Monetize Sticky Applications,Eletrônicos,Smartphones,36.1,7.14,True
PROD_0235,Utilize Extensible Networks,Livros,Infantil,68.42,7.41,False
PROD_0236,Innovate Enterprise Interfaces,Livros,Autoajuda,71.04,18.54,True
PROD_0237,Unleash 24/365 Partnerships,Alimentos,Importados,24.66,9.63,True
PROD_0238,Benchmark Interactive Platforms,Automotivo,Som,41.68,20.35,True
PROD_0239,Scale Seamless Methodologies,Automotivo,Óleos,10.0,28.44,True
PROD_0240,Expedite 24/7 Networks,Casa e Decoração,Quadros,60.27,19.19,True
PROD_0241,Generate Revolutionary Convergence,Casa e Decoração,Quadros,263.29,22.57,True
PROD_0242,Incubate Cutting-Edge Web Services,Casa e Decoração,Quadros,12.18,22.57,False
PROD_0243,Disintermediate Innovative Mindshare,Esportes,Ciclismo,51.64,9.99,True
PROD_0244,Visualize Cross-Platform Synergies,Brinquedos,Veículos,1687.16,0.55,True
PROD_0245,Iterate Next-Generation Models,Saúde e Beleza,Perfumes,87.61,1.75,True
PROD_0246,Transform User-Centric Relationships,Brinquedos,Veículos,458.59,8.53,False
PROD_0247,Whiteboard Ubiquitous Eyeballs,Eletrônicos,Áudio,26.73,20.72,False
PROD_0248,Brand Virtual Deliverables,Brinquedos,Bonecas,154.25,27.21,True
PROD_0249,Visualize Real-Time E-Business,Esportes,Corrida,21.79,28.77,True
PROD_0250,Exploit Compelling Bandwidth,Eletrônicos,Acessórios,145.66,0.87,True
PROD_0251,Brand Real-Time Vortals,Brinquedos,Bonecas,247.32,29.7,True
PROD_0252,Iterate Interactive Infrastructures,Esportes,Ciclismo,186.04,9.74,True
PROD_0253,Empower Customized Action-Items,Saúde e Beleza,Cabelos,59.51,25.3,True
PROD_0254,Engineer Plug-And-Play Networks,Brinquedos,Veículos,125.2,5.49,True
PROD_0255,Re-Intermediate Enterprise Supply-Chains,Esportes,Fitness,126.65,1.98,True
PROD_0256,Utilize Rich Vortals,Casa e Decoração,Quadros,200.17,11.41,True
PROD_0257,Reinvent Holistic E-Tailers,Automotivo,Ferramentas,77.59,25.78,True
PROD_0258,Seize Back-End Supply-Chains,Casa e Decoração,Utilidades,275.16,6.7,True
PROD_0259,Empower Efficient Schemas,Automotivo,Som,503.47,4.7,True
PROD_0260,Implement Dynamic Infrastructures,Moda,Calçados,61.47,27.3,True
PROD_0261,Incentivize Transparent Models,Moda,Calçados,95.18,28.16,False
PROD_0262,Engage Web-Enabled Info-Mediaries,Moda,Acessórios,30.39,0.48,True
PROD_0263,Visualize Holistic Systems,Saúde e Beleza,Maquiagem,135.41,21.85,True
PROD_0264,Generate Vertical Infrastructures,Casa e Decoração,Iluminação,136.45,9.35,True
PROD_0265,Envisioneer Magnetic Interfaces,Automotivo,Óleos,96.5,11.3,True
PROD_0266,Scale Interactive Content,Esportes,Futebol,105.64,14.13,True
PROD_0267,Repurpose Out-Of-The-Box Info-Mediaries,Eletrônicos,Áudio,903.42,12.86,True
PROD_0268,Engage Cross-Media E-Commerce,Esportes,Ciclismo,10.0,15.5,True
PROD_0269,Extend Open-Source Convergence,Eletrônicos,Câmeras,49.6,17.51,True
PROD_0270,Scale Ubiquitous Niches,Livros,Ficção,59.59,14.02,True
PROD_0271,Monetize Dot-Com E-Services,Esportes,Natação,517.13,21.08,True
PROD_0272,Embrace Dynamic Vortals,Brinquedos,Bonecas,159.23,21.59,False
PROD_0273,Embrace Viral Solutions,Brinquedos,Bonecas,163.96,13.27,True
PROD_0274,Architect Compelling Niches,Alimentos,Doces,408.23,4.36,True
PROD_0275,Drive Front-End Platforms,Casa e Decoração,Tapetes,72.53,19.26,False
PROD_0276,E-Enable Dynamic Technologies,Eletrônicos,TVs,196.92,23.21,True
PROD_0277,Enhance Bricks-And-Clicks Roi,Eletrônicos,TVs,47.61,19.18,True
PROD_0278,Monetize Value-Added Users,Casa e Decoração,Tapetes,25.43,17.68,True
PROD_0279,Enable Efficient Paradigms,Saúde e Beleza,Cuidados Pessoais,775.11,6.96,True
PROD_0280,Streamline Distributed Channels,Alimentos,Orgânicos,140.17,19.39,True
PROD_0281,Whiteboard Holistic Platforms,Saúde e Beleza,Cuidados Pessoais,195.12,10.11,True
PROD_0282,Cultivate Value-Added Networks,Saúde e Beleza,Cuidados Pessoais,24.63,27.59,True
PROD_0283,Envisioneer Collaborative Info-Mediaries,Saúde e Beleza,Vitaminas,166.07,19.65,True
PROD_0284,Grow Cross-Platform Roi,Casa e Decoração,Móveis,760.43,8.42,True
PROD_0285,Streamline Dot-Com Info-Mediaries,Saúde e Beleza,Maquiagem,64.53,14.24,True
PROD_0286,Embrace Innovative Interfaces,Brinquedos,Veículos,19.95,25.41,True
PROD_0287,Synthesize Intuitive Networks,Moda,Roupas Masculinas,112.25,10.13,True
PROD_0288,Whiteboard Scalable Eyeballs,Livros,Infantil,25.97,15.81,True
PROD_0289,Orchestrate Seamless Infrastructures,Eletrônicos,Áudio,13.88,20.42,True
PROD_0290,Incentivize 24/7 Schemas,Eletrônicos,Câmeras,37.27,22.66,True
PROD_0291,Engineer Next-Generation Metrics,Livros,Infantil,49.84,5.3,True
PROD_0292,Expedite Magnetic Deliverables,Casa e Decoração,Utilidades,27.53,17.0,True
PROD_0293,Synergize Customized Systems,Esportes,Natação,442.2,27.37,True
PROD_0294,Monetize Cutting-Edge Content,Casa e Decoração,Móveis,869.16,29.05,True
PROD_0295,Maximize Leading-Edge E-Business,Eletrônicos,Câmeras,188.99,19.72,False
PROD_0296,Extend Mission-Critical E-Tailers,Eletrônicos,TVs,142.74,29.51,True
PROD_0297,Whiteboard Killer Portals,Livros,Autoajuda,75.91,17.16,True
PROD_0298,Repurpose Strategic Communities,Saúde e Beleza,Cuidados Pessoais,30.7,13.33,True
PROD_0299,Incentivize Virtual Schemas,Casa e Decoração,Tapetes,616.15,16.59,True
PROD_0300,Optimize Granular Synergies,Automotivo,Som,83.48,3.56,False
PROD_0301,Deploy Customized Metrics,Livros,Acadêmicos,51.67,12.11,False
PROD_0302,Syndicate Distributed Paradigms,Brinquedos,Eletrônicos,304.21,13.81,True
PROD_0303,Enhance Front-End Technologies,Eletrônicos,Smartphones,82.41,25.47,True
PROD_0304,Scale Ubiquitous Partnerships,Livros,Acadêmicos,290.83,22.78,False
PROD_0305,Innovate Bleeding-Edge Portals,Casa e Decoração,Móveis,55.05,18.08,True
PROD_0306,Generate 24/365 E-Commerce,Eletrônicos,Acessórios,305.26,10.48,True
PROD_0307,Embrace Magnetic Experiences,Esportes,Fitness,291.7,5.69,True
PROD_0308,Orchestrate Real-Time Eyeballs,Livros,Autoajuda,441.33,10.5,True
PROD_0309,Optimize Leading-Edge Communities,Alimentos,Doces,38.42,20.43,True
PROD_0310,Generate Extensible Metrics,Eletrônicos,Áudio,81.48,7.96,True
PROD_0311,Extend Front-End Systems,Casa e Decoração,Móveis,931.99,12.86,False
PROD_0312,Embrace Plug-And-Play Content,Moda,Roupas Femininas,66.97,11.66,False
PROD_0313,Scale Wireless Niches,Automotivo,Óleos,238.23,22.99,True
PROD_0314,Deliver Rich Systems,Informática,Redes,1406.24,26.53,True
PROD_0315,Evolve Revolutionary E-Commerce,Saúde e Beleza,Perfumes,10.0,21.01,True
PROD_0316,Extend World-Class Metrics,Informática,Software,64.36,10.31,True
PROD_0317,Morph Proactive Infrastructures,Casa e Decoração,Iluminação,90.22,13.05,True
PROD_0318,Enhance Vertical Methodologies,Brinquedos,Veículos,10.4,4.39,True
PROD_0319,Transition Real-Time Networks,Brinquedos,Bonecas,52.08,5.13,True
PROD_0320,Integrate Virtual Info-Mediaries,Moda,Roupas Masculinas,28.06,5.01,True
PROD_0321,Mesh Visionary Niches,Saúde e Beleza,Maquiagem,251.95,4.0,True
PROD_0322,Reinvent User-Centric Functionalities,Alimentos,Bebidas,11.26,5.47,False
PROD_0323,Transition Holistic Infrastructures,Moda,Infantil,868.86,6.16,True
PROD_0324,Syndicate Cross-Media E-Markets,Informática,Componentes,206.0,3.44,True
PROD_0325,Facilitate World-Class Web Services,Moda,Roupas Masculinas,25.42,19.24,True
PROD_0326,Transform Granular Supply-Chains,Informática,Redes,308.49,29.71,False
PROD_0327,Deploy Rich Technologies,Eletrônicos,Áudio,184.27,26.39,True
PROD_0328,Repurpose Wireless Schemas,Brinquedos,Veículos,85.93,1.46,True
PROD_0329,Integrate Ubiquitous Infrastructures,Eletrônicos,Smartphones,37.87,12.75,True
PROD_0330,Harness Dot-Com Vortals,Automotivo,Óleos,173.68,25.79,True
PROD_0331,Embrace Wireless Mindshare,Saúde e Beleza,Vitaminas,104.32,4.13,True
PROD_0332,Transition Clicks-And-Mortar Web Services,Alimentos,Saudáveis,39.37,25.44,True
PROD_0333,Cultivate Plug-And-Play E-Markets,Informática,Software,17.96,17.82,True
PROD_0334,Streamline Dynamic Deliverables,Alimentos,Bebidas,32.44,27.95,False
PROD_0335,Disintermediate Rich Functionalities,Informática,Componentes,49.21,26.29,True
PROD_0336,Grow Scalable E-Tailers,Casa e Decoração,Iluminação,363.21,20.34,True
PROD_0337,Empower End-To-End Technologies,Moda,Calçados,252.88,19.77,True
PROD_0338,Grow Holistic Initiatives,Automotivo,Som,52.45,6.47,True
PROD_0339,Utilize Web-Enabled Communities,Brinquedos,Veículos,54.96,3.59,True
PROD_0340,Monetize Value-Added Schemas,Informática,Periféricos,295.78,12.52,True
PROD_0341,Deploy E-Business E-Services,Alimentos,Bebidas,124.07,5.68,True
PROD_0342,E-Enable One-To-One Bandwidth,Automotivo,Acessórios,122.01,3.16,True
PROD_0343,Embrace B2C Models,Esportes,Fitness,38.7,9.14,True
PROD_0344,Re-Contextualize Distributed Mindshare,Esportes,Futebol,77.63,25.83,False
PROD_0345,Unleash Real-Time E-Markets,Eletrônicos,Smartphones,90.48,0.61,True
PROD_0346,E-Enable Compelling Info-Mediaries,Brinquedos,Educativos,80.69,8.85,True
PROD_0347,Incentivize Ubiquitous Schemas,Casa e Decoração,Iluminação,217.21,12.78,True
PROD_0348,Orchestrate Integrated Solutions,Alimentos,Orgânicos,225.52,15.37,True
PROD_0349,Redefine Global Partnerships,Moda,Roupas Masculinas,29.88,5.53,False
PROD_0350,Empower Next-Generation Supply-Chains,Moda,Infantil,49.39,28.93,True
PROD_0351,Re-Contextualize Real-Time Synergies,Alimentos,Orgânicos,39.45,17.41,True
PROD_0352,Envisioneer Seamless Applications,Saúde e Beleza,Cuidados Pessoais,476.39,15.71,True
PROD_0353,Benchmark Holistic Eyeballs,Casa e Decoração,Quadros,1345.05,0.36,True
PROD_0354,Grow Compelling Convergence,Automotivo,Peças,51.61,14.62,True
PROD_0355,Facilitate Enterprise Bandwidth,Informática,Notebooks,73.66,25.15,False
PROD_0356,Re-Contextualize World-Class Solutions,Saúde e Beleza,Vitaminas,247.34,6.67,True
PROD_0357,Scale Web-Enabled Networks,Informática,Software,38.53,10.6,True
PROD_0358,Synergize Bleeding-Edge E-Markets,Informática,Redes,254.14,0.72,True
PROD_0359,Integrate Turn-Key Info-Mediaries,Saúde e Beleza,Maquiagem,87.79,29.31,False
PROD_0360,Unleash Enterprise Architectures,Eletrônicos,Câmeras,11.11,2.09,True
PROD_0361,Repurpose B2C Models,Esportes,Fitness,18.91,26.96,True
PROD_0362,Integrate End-To-End Mindshare,Informática,Redes,60.01,9.46,True
PROD_0363,Benchmark Open-Source Platforms,Saúde e Beleza,Cuidados Pessoais,390.54,17.67,True
PROD_0364,Cultivate Visionary Platforms,Saúde e Beleza,Maquiagem,30.84,20.41,True
PROD_0365,Mesh Ubiquitous Synergies,Livros,Autoajuda,47.42,4.31,True
PROD_0366,Drive B2B E-Markets,Eletrônicos,Smartphones,115.97,13.37,True
PROD_0367,Cultivate B2C Partnerships,Brinquedos,Jogos,12.15,9.83,True
PROD_0368,Syndicate Back-End Supply-Chains,Livros,Ficção,128.8,1.79,True
PROD_0369,Re-Intermediate Impactful Experiences,Livros,Acadêmicos,14.12,25.01,True
PROD_0370,Evolve Open-Source Methodologies,Alimentos,Importados,177.79,1.45,False
PROD_0371,Iterate Enterprise Vortals,Esportes,Ciclismo,34.11,19.63,True
PROD_0372,Whiteboard Holistic Users,Saúde e Beleza,Cuidados Pessoais,29.07,9.49,True
PROD_0373,Integrate Innovative Action-Items,Esportes,Natação,124.88,5.84,True
PROD_0374,Whiteboard Front-End E-Services,Casa e Decoração,Iluminação,233.41,20.05,False
PROD_0375,Extend E-Business E-Commerce,Alimentos,Doces,141.39,17.28,True
PROD_0376,Transform Mission-Critical Systems,Brinquedos,Bonecas,115.49,9.53,True
PROD_0377,Leverage Seamless Web-Readiness,Esportes,Corrida,117.47,15.44,True
PROD_0378,Integrate World-Class Markets,Moda,Calçados,142.42,7.46,True
PROD_0379,Envisioneer Synergistic Relationships,Informática,Notebooks,154.11,25.92,True
PROD_0380,Brand B2B Action-Items,Casa e Decoração,Iluminação,56.08,9.48,False
PROD_0381,Mesh Transparent Networks,Eletrônicos,Câmeras,197.43,7.43,False
PROD_0382,Innovate Viral Communities,Brinquedos,Veículos,34.54,22.58,True
PROD_0383,Reinvent Strategic E-Business,Casa e Decoração,Utilidades,333.51,0.63,True
PROD_0384,Cultivate Enterprise E-Business,Informática,Componentes,230.2,8.11,True
PROD_0385,Innovate Web-Enabled Models,Alimentos,Importados,1232.85,11.32,False
PROD_0386,Redefine B2B E-Services,Informática,Componentes,166.77,26.48,True
PROD_0387,Target Dot-Com Bandwidth,Livros,Autoajuda,267.98,28.52,True
PROD_0388,Morph Value-Added Bandwidth,Informática,Software,13.84,21.52,False
PROD_0389,Productize Front-End Methodologies,Livros,Ficção,278.67,14.83,True
PROD_0390,Incubate Granular Partnerships,Alimentos,Orgânicos,369.35,19.25,True
PROD_0391,Grow Cross-Media Applications,Automotivo,Peças,547.67,12.48,True
PROD_0392,Monetize Cutting-Edge Portals,Livros,Autoajuda,104.02,9.03,True
PROD_0393,Target Seamless Solutions,Eletrônicos,Áudio,59.72,28.53,True
PROD_0394,Synergize Compelling Platforms,Informática,Periféricos,24.35,3.55,True
PROD_0395,Incentivize Enterprise Networks,Informática,Redes,27.18,10.46,False
PROD_0396,Seize Distributed Technologies,Eletrônicos,Câmeras,87.29,26.98,True
PROD_0397,Utilize Impactful Niches,Moda,Acessórios,11.0,21.72,True
PROD_0398,Implement Scalable Metrics,Saúde e Beleza,Maquiagem,35.81,0.97,True
PROD_0399,Extend Rich Technologies,Automotivo,Acessórios,100.23,0.79,True
PROD_0400,Revolutionize Bleeding-Edge Metrics,Brinquedos,Eletrônicos,97.58,15.54,True
PROD_0401,Exploit Synergistic E-Services,Livros,Acadêmicos,28.13,14.58,True
PROD_0402,Whiteboard Dynamic E-Business,Eletrônicos,Smartphones,20.48,13.35,True
PROD_0403,Morph Global Functionalities,Alimentos,Orgânicos,24.5,9.14,True
PROD_0404,Transform Revolutionary Content,Livros,Técnicos,69.06,29.6,True
PROD_0405,Generate Visionary Paradigms,Saúde e Beleza,Maquiagem,1159.51,8.23,True
PROD_0406,Benchmark Bricks-And-Clicks Channels,Alimentos,Saudáveis,321.31,14.75,True
PROD_0407,Evolve Distributed Vortals,Casa e Decoração,Quadros,116.4,12.21,False
PROD_0408,Extend Next-Generation Roi,Informática,Componentes,174.98,5.19,True
PROD_0409,Aggregate End-To-End Users,Casa e Decoração,Utilidades,304.61,6.16,True
PROD_0410,Matrix Bricks-And-Clicks Deliverables,Livros,Técnicos,202.5,27.56,True
PROD_0411,Deliver Real-Time Communities,Saúde e Beleza,Cabelos,62.19,25.76,True
PROD_0412,Morph Compelling Technologies,Automotivo,Peças,32.63,6.05,True
PROD_0413,Extend Cross-Platform Initiatives,Livros,Técnicos,77.45,26.28,True
PROD_0414,Target Intuitive Eyeballs,Eletrônicos,Smartphones,300.39,6.35,True
PROD_0415,Engineer Magnetic Methodologies,Esportes,Futebol,65.07,18.83,True
PROD_0416,Drive Impactful Schemas,Livros,Acadêmicos,23.91,2.53,True
PROD_0417,Disintermediate E-Business Interfaces,Informática,Redes,11.38,26.42,True
PROD_0418,Implement Back-End Users,Informática,Componentes,77.85,1.64,True
PROD_0419,Embrace Ubiquitous Relationships,Livros,Ficção,26.29,16.69,True
PROD_0420,Innovate Back-End Applications,Alimentos,Saudáveis,53.31,23.41,True
PROD_0421,Synergize Out-Of-The-Box Platforms,Esportes,Natação,516.71,3.59,True
PROD_0422,Innovate Bleeding-Edge Info-Mediaries,Eletrônicos,Acessórios,84.38,12.19,True
PROD_0423,Utilize World-Class E-Business,Livros,Ficção,36.58,1.35,True
PROD_0424,Enhance Innovative Functionalities,Alimentos,Importados,130.39,20.51,True
PROD_0425,Transition Plug-And-Play Content,Informática,Software,902.48,9.29,True
PROD_0426,Visualize Transparent Initiatives,Informática,Periféricos,77.88,16.83,True
PROD_0427,Enable Revolutionary Paradigms,Saúde e Beleza,Vitaminas,10.0,27.99,False
PROD_0428,Monetize Rich Initiatives,Livros,Acadêmicos,196.39,9.25,True
PROD_0429,Transform Web-Enabled Users,Esportes,Natação,136.42,1.55,True
PROD_0430,Enable Integrated Bandwidth,Moda,Roupas Femininas,100.3,20.3,True
PROD_0431,Disintermediate Next-Generation Applications,Esportes,Corrida,69.2,23.63,True
PROD_0432,Extend B2C E-Markets,Informática,Componentes,34.17,28.74,False
PROD_0433,Visualize Mission-Critical Models,Informática,Periféricos,554.45,4.82,False
PROD_0434,Re-Intermediate Transparent Niches,Casa e Decoração,Quadros,10.0,11.82,True
PROD_0435,Integrate Out-Of-The-Box E-Tailers,Informática,Software,62.13,25.34,False
PROD_0436,Grow Visionary Action-Items,Eletrônicos,TVs,60.41,24.23,False
PROD_0437,Iterate Bricks-And-Clicks Platforms,Brinquedos,Educativos,250.67,18.78,True
PROD_0438,Innovate Out-Of-The-Box Users,Livros,Autoajuda,396.55,8.15,False
PROD_0439,Productize Synergistic Markets,Esportes,Corrida,68.57,8.59,True
PROD_0440,Strategize Efficient Solutions,Brinquedos,Jogos,113.47,3.81,True
PROD_0441,Embrace Ubiquitous Infrastructures,Alimentos,Importados,125.66,27.66,True
PROD_0442,Repurpose Killer Experiences,Moda,Acessórios,318.62,5.27,True
PROD_0443,Whiteboard Vertical Markets,Eletrônicos,Áudio,310.84,17.23,True
PROD_0444,Generate Open-Source Action-Items,Esportes,Futebol,47.18,17.57,True
PROD_0445,Enable Best-Of-Breed Partnerships,Brinquedos,Veículos,152.24,11.15,True
PROD_0446,E-Enable Best-Of-Breed Applications,Moda,Roupas Masculinas,142.58,10.64,True
PROD_0447,Architect Bleeding-Edge Supply-Chains,Casa e Decoração,Iluminação,78.33,20.09,True
PROD_0448,Revolutionize B2B Metrics,Eletrônicos,Acessórios,140.97,11.71,True
PROD_0449,Implement Efficient Eyeballs,Eletrônicos,TVs,92.22,7.73,True
PROD_0450,Enable Dot-Com Roi,Casa e Decoração,Quadros,108.8,12.03,True
PROD_0451,Embrace Proactive Channels,Livros,Técnicos,17.69,24.25,True
PROD_0452,Implement Synergistic Action-Items,Casa e Decoração,Móveis,29.92,29.0,True
PROD_0453,Benchmark World-Class Web-Readiness,Eletrônicos,Smartphones,240.16,19.11,True
PROD_0454,Reinvent Back-End Markets,Eletrônicos,Acessórios,21.06,23.48,True
PROD_0455,Enable Next-Generation Deliverables,Brinquedos,Bonecas,158.24,16.03,True
PROD_0456,Embrace Innovative Info-Mediaries,Informática,Redes,81.64,18.78,False
PROD_0457,Grow Bricks-And-Clicks Mindshare,Moda,Acessórios,310.07,29.64,True
PROD_0458,Benchmark Sticky Systems,Casa e Decoração,Tapetes,196.09,13.21,True
PROD_0459,Deliver Magnetic E-Business,Moda,Roupas Masculinas,52.25,2.08,True
PROD_0460,Integrate Seamless Bandwidth,Casa e Decoração,Móveis,68.86,28.71,True
PROD_0461,Visualize Proactive Markets,Alimentos,Orgânicos,10.0,23.81,True
PROD_0462,Syndicate Wireless E-Commerce,Eletrônicos,Acessórios,76.98,12.01,True
PROD_0463,Innovate Sticky Models,Informática,Software,19.61,29.47,True
PROD_0464,Unleash Visionary Partnerships,Brinquedos,Eletrônicos,69.24,10.43,True
PROD_0465,Productize Strategic Vortals,Informática,Periféricos,41.87,11.23,True
PROD_0466,Expedite B2B Partnerships,Informática,Software,31.44,18.33,False
PROD_0467,Enable Efficient E-Business,Informática,Componentes,374.38,8.3,True
PROD_0468,Whiteboard World-Class Architectures,Moda,Roupas Femininas,19.46,20.99,False
PROD_0469,Expedite Distributed Bandwidth,Casa e Decoração,Tapetes,28.34,4.67,True
PROD_0470,Deliver User-Centric Platforms,Automotivo,Acessórios,38.94,3.33,True
PROD_0471,Generate One-To-One Experiences,Alimentos,Saudáveis,50.53,16.09,True
PROD_0472,Visualize Killer E-Commerce,Esportes,Corrida,31.43,16.71,True
PROD_0473,Grow Bleeding-Edge E-Markets,Informática,Componentes,58.5,3.29,True
PROD_0474,Facilitate Ubiquitous Interfaces,Livros,Infantil,129.36,28.93,True
PROD_0475,Deploy Mission-Critical Vortals,Moda,Roupas Femininas,201.11,17.24,True
PROD_0476,Brand Turn-Key Web Services,Brinquedos,Veículos,189.72,4.62,True
PROD_0477,Morph Out-Of-The-Box Eyeballs,Esportes,Ciclismo,10.0,9.41,True
PROD_0478,Innovate Collaborative Partnerships,Automotivo,Óleos,142.06,24.03,True
PROD_0479,Evolve Strategic Infrastructures,Livros,Autoajuda,152.98,15.74,True
PROD_0480,Brand Mission-Critical Relationships,Automotivo,Som,40.65,5.73,True
PROD_0481,Exploit End-To-End Schemas,Esportes,Ciclismo,665.95,3.18,True
PROD_0482,Streamline Open-Source Web Services,Informática,Componentes,332.02,12.98,True
PROD_0483,Embrace Transparent Convergence,Livros,Infantil,72.27,10.19,True
PROD_0484,Cultivate Cutting-Edge Markets,Automotivo,Acessórios,44.03,19.71,True
PROD_0485,Envisioneer Extensible Convergence,Brinquedos,Veículos,653.1,27.76,True
PROD_0486,Transform Killer Eyeballs,Casa e Decoração,Quadros,87.99,7.51,True
PROD_0487,Repurpose Compelling E-Services,Eletrônicos,Áudio,99.69,25.67,True
PROD_0488,Iterate Sticky Convergence,Casa e Decoração,Utilidades,98.19,27.62,True
PROD_0489,Iterate Out-Of-The-Box Initiatives,Esportes,Corrida,1427.56,27.07,True
PROD_0490,Engineer Efficient Networks,Moda,Infantil,69.42,28.57,True
PROD_0491,Enhance Cutting-Edge Schemas,Eletrônicos,Acessórios,87.5,25.28,True
PROD_0492,Revolutionize Proactive Metrics,Alimentos,Importados,33.21,17.85,False
PROD_0493,Re-Contextualize Real-Time Web-Readiness,Brinquedos,Educativos,56.41,12.35,True
PROD_0494,Reinvent Real-Time Content,Alimentos,Doces,26.11,14.8,True
PROD_0495,Redefine Cross-Platform Convergence,Livros,Acadêmicos,34.03,26.19,True
PROD_0496,Implement Viral Eyeballs,Eletrônicos,Acessórios,10.26,9.11,True
PROD_0497,Maximize Wireless Partnerships,Alimentos,Bebidas,259.26,4.86,True
PROD_0498,Orchestrate Proactive Infrastructures,Alimentos,Orgânicos,108.65,4.31,True
PROD_0499,Extend Killer Architectures,Automotivo,Peças,119.93,24.83,True
PROD_0500,Deploy Ubiquitous Supply-Chains,Casa e Decoração,Móveis,84.53,22.87,True
PROD_0501,Leverage Out-Of-The-Box Content,Automotivo,Som,98.11,14.98,True
PROD_0502,Drive World-Class Networks,Eletrônicos,Câmeras,628.27,8.32,True
PROD_0503,Expedite Strategic Markets,Eletrônicos,Smartphones,35.78,20.36,True
PROD_0504,Orchestrate Granular E-Business,Esportes,Futebol,125.72,1.25,True
PROD_0505,Streamline Strategic Niches,Automotivo,Óleos,124.91,17.09,True
PROD_0506,Grow Cutting-Edge Models,Saúde e Beleza,Perfumes,354.39,12.01,True
PROD_0507,Expedite Visionary E-Markets,Casa e Decoração,Móveis,152.38,29.34,True
PROD_0508,Empower Killer Mindshare,Eletrônicos,TVs,161.86,15.28,True
PROD_0509,Embrace Cross-Media E-Commerce,Esportes,Natação,19.89,16.61,True
PROD_0510,Embrace Front-End Methodologies,Automotivo,Peças,34.1,21.4,True
PROD_0511,Innovate Holistic Deliverables,Casa e Decoração,Móveis,22.19,14.59,True
PROD_0512,Repurpose Extensible Paradigms,Automotivo,Ferramentas,10.0,6.81,False
PROD_0513,Enhance Impactful Metrics,Alimentos,Orgânicos,144.99,16.16,True
PROD_0514,Streamline Clicks-And-Mortar E-Tailers,Esportes,Fitness,65.76,28.33,True
PROD_0515,Monetize Killer Channels,Casa e Decoração,Quadros,145.31,12.36,True
PROD_0516,Engineer Dot-Com Technologies,Informática,Notebooks,93.93,20.42,True
PROD_0517,Harness 24/7 Synergies,Livros,Infantil,120.12,29.34,False
PROD_0518,Synthesize User-Centric Roi,Livros,Acadêmicos,448.42,24.91,True
PROD_0519,Enable Enterprise Users,Casa e Decoração,Tapetes,90.81,19.81,True
PROD_0520,Unleash Bleeding-Edge Mindshare,Automotivo,Peças,200.9,22.11,True
PROD_0521,Engage Synergistic Partnerships,Esportes,Futebol,62.63,28.1,False
PROD_0522,Strategize Revolutionary E-Commerce,Livros,Acadêmicos,242.2,28.8,True
PROD_0523,Utilize Ubiquitous Partnerships,Esportes,Corrida,20.34,29.07,True
PROD_0524,Cultivate Turn-Key Networks,Livros,Autoajuda,10.0,18.81,True
PROD_0525,Brand Wireless Functionalities,Alimentos,Orgânicos,1127.76,11.6,True
PROD_0526,Deploy Distributed Initiatives,Automotivo,Óleos,815.31,4.08,True
PROD_0527,Strategize Vertical Vortals,Alimentos,Doces,10.0,11.63,True
PROD_0528,Leverage Ubiquitous Relationships,Livros,Ficção,86.2,28.29,True
PROD_0529,Evolve User-Centric Platforms,Informática,Redes,107.76,26.7,True
PROD_0530,Incentivize User-Centric Applications,Informática,Componentes,214.34,15.76,False
PROD_0531,Strategize Strategic Interfaces,Alimentos,Importados,725.64,16.16,True
PROD_0532,Cultivate Extensible Supply-Chains,Informática,Notebooks,25.19,9.34,True
PROD_0533,Enhance Open-Source Communities,Livros,Autoajuda,26.86,13.69,True
PROD_0534,Optimize One-To-One Deliverables,Casa e Decoração,Quadros,89.89,21.46,True
PROD_0535,Deliver Dynamic Convergence,Alimentos,Bebidas,28.32,12.13,True
PROD_0536,Seize B2B Action-Items,Moda,Acessórios,10.0,5.72,True
PROD_0537,Transform B2B Portals,Automotivo,Peças,68.53,16.27,True
PROD_0538,Aggregate Virtual Metrics,Informática,Periféricos,251.91,6.84,True
PROD_0539,Orchestrate Intuitive Roi,Informática,Componentes,87.83,29.23,True
PROD_0540,Revolutionize Rich Bandwidth,Eletrônicos,TVs,190.35,11.77,True
PROD_0541,Engineer Customized Methodologies,Saúde e Beleza,Cabelos,160.33,27.3,True
PROD_0542,Re-Contextualize World-Class Functionalities,Alimentos,Saudáveis,26.25,6.84,True
PROD_0543,Harness B2C Systems,Brinquedos,Eletrônicos,97.67,5.76,True
PROD_0544,Optimize Collaborative Systems,Informática,Notebooks,14.44,18.55,True
PROD_0545,Whiteboard Seamless Niches,Automotivo,Ferramentas,48.7,23.4,True
PROD_0546,Benchmark Leading-Edge Convergence,Moda,Roupas Femininas,95.64,17.05,True
PROD_0547,Deliver Intuitive Content,Informática,Periféricos,89.89,6.97,True
PROD_0548,Target Customized Paradigms,Moda,Roupas Femininas,19.12,1.23,True
PROD_0549,Streamline Out-Of-The-Box Technologies,Livros,Técnicos,24.37,18.59,True
PROD_0550,Optimize E-Business E-Business,Livros,Acadêmicos,127.63,4.02,True
PROD_0551,Expedite Integrated Bandwidth,Saúde e Beleza,Maquiagem,242.95,10.36,True
PROD_0552,Benchmark Revolutionary Systems,Casa e Decoração,Quadros,70.22,20.31,False
PROD_0553,Redefine Dynamic Vortals,Brinquedos,Eletrônicos,66.13,3.03,True
PROD_0554,Expedite Collaborative Mindshare,Eletrônicos,TVs,275.21,3.9,True
PROD_0555,Orchestrate Leading-Edge Systems,Saúde e Beleza,Perfumes,35.64,1.94,True
PROD_0556,Transform Cross-Platform Infrastructures,Esportes,Corrida,715.11,29.88,True
PROD_0557,Deliver Virtual Paradigms,Eletrônicos,Áudio,17.92,11.67,True
PROD_0558,Incentivize Visionary Systems,Alimentos,Importados,316.78,27.18,True
PROD_0559,Mesh Granular Relationships,Automotivo,Som,171.92,8.88,False
PROD_0560,Disintermediate Front-End Architectures,Esportes,Futebol,1623.18,22.62,True
PROD_0561,Deploy Cross-Platform Methodologies,Esportes,Ciclismo,23.44,6.65,True
PROD_0562,Expedite Scalable Functionalities,Saúde e Beleza,Vitaminas,10.0,15.0,True
PROD_0563,Visualize Open-Source Partnerships,Casa e Decoração,Móveis,403.16,24.76,True
PROD_0564,Facilitate Mission-Critical Schemas,Saúde e Beleza,Perfumes,15.4,24.51,True
PROD_0565,Innovate Integrated Technologies,Alimentos,Importados,188.47,23.85,False
PROD_0566,Morph B2C Supply-Chains,Informática,Componentes,371.88,24.73,True
PROD_0567,Evolve B2B Convergence,Informática,Componentes,141.98,6.42,True
PROD_0568,Monetize Impactful Channels,Casa e Decoração,Iluminação,118.94,14.52,True
PROD_0569,Expedite Strategic Content,Alimentos,Doces,145.64,14.6,False
PROD_0570,Engage Enterprise Experiences,Casa e Decoração,Quadros,245.9,26.73,True
PROD_0571,Generate Open-Source Channels,Moda,Acessórios,182.09,8.98,True
PROD_0572,Repurpose E-Business Experiences,Informática,Redes,20.91,27.95,True
PROD_0573,Repurpose Cutting-Edge Mindshare,Esportes,Corrida,804.32,13.58,False
PROD_0574,Disintermediate Vertical Relationships,Brinquedos,Educativos,95.71,20.13,True
PROD_0575,Monetize Viral E-Tailers,Automotivo,Óleos,167.67,8.14,True
PROD_0576,Facilitate Holistic Solutions,Alimentos,Doces,211.28,12.37,False
PROD_0577,Enhance Global Eyeballs,Eletrônicos,Áudio,360.36,21.32,True
PROD_0578,Optimize Distributed Platforms,Casa e Decoração,Quadros,318.15,15.43,True
PROD_0579,Deliver Robust Web Services,Automotivo,Som,105.43,27.93,True
PROD_0580,Facilitate End-To-End Metrics,Eletrônicos,Smartphones,97.61,22.14,True
PROD_0581,Synergize B2C Communities,Automotivo,Som,146.99,16.98,True
PROD_0582,Reinvent Frictionless Systems,Brinquedos,Jogos,337.0,26.61,True
PROD_0583,Integrate Transparent Relationships,Eletrônicos,Áudio,23.69,20.0,True
PROD_0584,Innovate Web-Enabled Systems,Saúde e Beleza,Maquiagem,194.98,19.45,True
PROD_0585,Re-Intermediate Front-End Systems,Livros,Infantil,31.08,7.47,True
PROD_0586,Enhance Web-Enabled Content,Saúde e Beleza,Cabelos,830.03,11.91,True
PROD_0587,Exploit Collaborative Solutions,Informática,Redes,139.88,20.53,True
PROD_0588,Disintermediate Visionary Bandwidth,Livros,Autoajuda,54.64,26.76,True
PROD_0589,Revolutionize Front-End Architectures,Saúde e Beleza,Cuidados Pessoais,150.57,9.53,True
PROD_0590,Deliver Next-Generation Communities,Livros,Autoajuda,91.02,6.54,False
PROD_0591,Transition 24/365 Metrics,Livros,Acadêmicos,74.28,17.85,True
PROD_0592,Enable Dot-Com Markets,Esportes,Natação,10.27,2.11,True
PROD_0593,Visualize Compelling Relationships,Casa e Decoração,Utilidades,26.34,21.46,True
PROD_0594,Engage Sticky Deliverables,Casa e Decoração,Iluminação,76.05,21.12,True
PROD_0595,Iterate 24/7 Technologies,Esportes,Ciclismo,11.87,10.71,True
PROD_0596,Evolve Granular Niches,Automotivo,Peças,44.5,26.79,True
PROD_0597,Grow B2B E-Commerce,Moda,Roupas Masculinas,49.41,15.12,True
PROD_0598,Evolve Magnetic Systems,Automotivo,Peças,35.33,19.41,True
PROD_0599,Matrix Cross-Media Web-Readiness,Eletrônicos,Áudio,227.43,6.37,True
PROD_0600,Deploy Scalable Interfaces,Eletrônicos,Áudio,31.31,12.58,True
PROD_0601,Deliver Out-Of-The-Box Action-Items,Livros,Infantil,100.09,25.89,True
PROD_0602,Synergize Strategic Relationships,Saúde e Beleza,Cabelos,58.92,6.47,True
PROD_0603,Enhance Proactive Vortals,Saúde e Beleza,Cuidados Pessoais,78.06,11.78,True
PROD_0604,Re-Contextualize Mission-Critical Experiences,Casa e Decoração,Iluminação,618.74,9.61,True
PROD_0605,Facilitate B2B Channels,Alimentos,Bebidas,111.68,4.62,False
PROD_0606,Integrate Front-End Info-Mediaries,Automotivo,Som,140.84,8.76,False
PROD_0607,Scale Global Info-Mediaries,Informática,Notebooks,35.93,7.06,True
PROD_0608,Grow Clicks-And-Mortar Infrastructures,Brinquedos,Bonecas,190.83,27.72,True
PROD_0609,Utilize Dot-Com E-Tailers,Saúde e Beleza,Cabelos,181.41,22.26,True
PROD_0610,E-Enable B2C Schemas,Brinquedos,Veículos,161.6,9.55,True
PROD_0611,Drive Cutting-Edge Initiatives,Livros,Técnicos,21.09,22.92,True
PROD_0612,Revolutionize Front-End Action-Items,Brinquedos,Bonecas,44.6,0.76,True
PROD_0613,Monetize 24/7 Markets,Informática,Componentes,502.85,15.84,True
PROD_0614,Incentivize Next-Generation Functionalities,Esportes,Futebol,39.44,7.59,True
PROD_0615,Generate Ubiquitous Partnerships,Informática,Periféricos,592.28,3.52,True
PROD_0616,Embrace Rich Metrics,Brinquedos,Veículos,46.73,26.52,True
PROD_0617,Incubate Vertical Functionalities,Informática,Componentes,107.54,6.06,True
PROD_0618,Deliver Web-Enabled Eyeballs,Moda,Calçados,71.91,24.69,True
PROD_0619,Envisioneer Cutting-Edge Synergies,Livros,Ficção,32.66,12.46,True
PROD_0620,Re-Intermediate Synergistic Action-Items,Automotivo,Som,33.23,0.53,True
PROD_0621,Maximize Next-Generation Roi,Esportes,Ciclismo,38.66,22.0,False
PROD_0622,Repurpose Strategic Deliverables,Saúde e Beleza,Perfumes,107.52,17.93,True
PROD_0623,Disintermediate Innovative Deliverables,Eletrônicos,Acessórios,262.04,10.39,True
PROD_0624,Incubate Vertical Architectures,Automotivo,Acessórios,99.46,8.52,True
PROD_0625,Cultivate Collaborative Paradigms,Eletrônicos,Acessórios,86.48,2.3,True
PROD_0626,Whiteboard Integrated Relationships,Livros,Acadêmicos,384.7,28.25,False
PROD_0627,Morph Vertical Convergence,Esportes,Fitness,94.6,14.87,True
PROD_0628,Generate Innovative Convergence,Casa e Decoração,Quadros,46.93,2.66,True
PROD_0629,Incentivize Sticky Applications,Saúde e Beleza,Cabelos,27.19,26.07,True
PROD_0630,Extend Open-Source Channels,Moda,Infantil,413.45,8.44,True
PROD_0631,Integrate Synergistic Users,Casa e Decoração,Quadros,60.63,6.19,False
PROD_0632,Facilitate Virtual Methodologies,Livros,Ficção,44.96,8.5,True
PROD_0633,Target Compelling Functionalities,Automotivo,Ferramentas,40.53,16.98,True
PROD_0634,Reinvent Global Partnerships,Moda,Roupas Masculinas,386.46,2.31,True
PROD_0635,Unleash Ubiquitous Paradigms,Informática,Periféricos,45.26,14.5,True
PROD_0636,Envisioneer 24/365 Paradigms,Brinquedos,Educativos,295.47,26.88,True
PROD_0637,Generate 24/365 Paradigms,Moda,Roupas Femininas,68.27,5.73,False
PROD_0638,Harness Extensible Mindshare,Livros,Técnicos,21.11,10.0,True
PROD_0639,Strategize Collaborative Portals,Alimentos,Bebidas,60.4,11.94,True
PROD_0640,Integrate Dynamic Technologies,Brinquedos,Bonecas,86.54,17.63,True
PROD_0641,Seize Scalable Experiences,Eletrônicos,Smartphones,78.4,27.59,True
PROD_0642,Facilitate Real-Time Initiatives,Saúde e Beleza,Cabelos,76.1,11.9,True
PROD_0643,Exploit Out-Of-The-Box E-Commerce,Eletrônicos,Acessórios,61.17,2.17,True
PROD_0644,Matrix Wireless Systems,Moda,Calçados,35.09,10.5,True
PROD_0645,Productize Integrated Supply-Chains,Eletrônicos,TVs,91.18,5.78,True
PROD_0646,Reinvent Rich Models,Livros,Infantil,172.28,19.59,True
PROD_0647,Disintermediate Real-Time Infrastructures,Informática,Software,15.56,0.97,False
PROD_0648,Drive Cutting-Edge Infrastructures,Automotivo,Óleos,427.89,8.83,True
PROD_0649,Brand Viral Users,Saúde e Beleza,Perfumes,10.0,16.4,True
PROD_0650,Envisioneer World-Class Platforms,Eletrônicos,Áudio,98.52,8.39,True
PROD_0651,Evolve World-Class Web Services,Eletrônicos,TVs,157.48,16.57,True
PROD_0652,Envisioneer Extensible Systems,Moda,Roupas Masculinas,43.64,3.53,True
PROD_0653,Expedite Cutting-Edge Communities,Automotivo,Ferramentas,10.0,28.29,False
PROD_0654,Scale Visionary Convergence,Casa e Decoração,Utilidades,80.15,8.8,True
PROD_0655,Grow Revolutionary Convergence,Eletrônicos,Acessórios,110.35,27.7,True
PROD_0656,Re-Intermediate User-Centric Niches,Livros,Infantil,22.68,9.84,True
PROD_0657,Whiteboard Leading-Edge Partnerships,Alimentos,Bebidas,33.24,23.48,True
PROD_0658,Repurpose Wireless Relationships,Saúde e Beleza,Vitaminas,285.79,7.46,True
PROD_0659,Deliver Granular Web-Readiness,Eletrônicos,Smartphones,103.67,20.13,True
PROD_0660,Orchestrate Visionary Paradigms,Livros,Acadêmicos,14.73,9.78,True
PROD_0661,Enable Innovative Action-Items,Livros,Ficção,154.44,15.32,True
PROD_0662,Revolutionize Bricks-And-Clicks Relationships,Saúde e Beleza,Vitaminas,29.47,20.25,True
PROD_0663,Synergize Robust Metrics,Casa e Decoração,Tapetes,35.53,17.71,True
PROD_0664,Orchestrate Customized Relationships,Livros,Técnicos,114.11,17.33,True
PROD_0665,Disintermediate Visionary Partnerships,Alimentos,Bebidas,102.04,2.06,True
PROD_0666,Maximize Global Deliverables,Livros,Técnicos,55.53,7.55,False
PROD_0667,Disintermediate Impactful Vortals,Livros,Acadêmicos,49.15,17.2,True
PROD_0668,Visualize Efficient Action-Items,Livros,Infantil,66.62,0.65,True
PROD_0669,Embrace Proactive Roi,Informática,Componentes,35.28,7.59,False
PROD_0670,Synthesize Integrated Schemas,Informática,Notebooks,332.56,6.95,True
PROD_0671,Embrace Back-End Portals,Casa e Decoração,Tapetes,13.69,7.57,True
PROD_0672,Unleash Customized E-Tailers,Eletrônicos,Smartphones,67.42,16.11,False
PROD_0673,Re-Intermediate Front-End Models,Livros,Ficção,15.62,17.5,True
PROD_0674,Aggregate 24/7 Channels,Automotivo,Acessórios,276.77,27.28,False
PROD_0675,Iterate Intuitive Systems,Eletrônicos,Áudio,67.3,11.64,True
PROD_0676,Reinvent Visionary Infrastructures,Casa e Decoração,Móveis,25.33,27.8,True
PROD_0677,Exploit Turn-Key Web Services,Esportes,Futebol,204.8,19.59,True
PROD_0678,Seize Innovative Schemas,Eletrônicos,Câmeras,10.0,27.39,False
PROD_0679,Incubate Distributed Content,Eletrônicos,TVs,126.1,25.02,True
PROD_0680,Iterate Granular Functionalities,Brinquedos,Jogos,358.36,20.66,True
PROD_0681,Reinvent Bricks-And-Clicks Mindshare,Moda,Roupas Masculinas,111.66,10.75,True
PROD_0682,Enhance 24/7 Solutions,Brinquedos,Eletrônicos,49.02,7.31,True
PROD_0683,Generate Global Action-Items,Alimentos,Saudáveis,20.27,6.75,True
PROD_0684,Generate Rich Web-Readiness,Informática,Software,329.98,28.57,False
PROD_0685,Disintermediate Out-Of-The-Box Bandwidth,Informática,Periféricos,273.94,28.76,True
PROD_0686,Exploit End-To-End E-Business,Moda,Roupas Masculinas,41.49,21.77,True
PROD_0687,Matrix E-Business Partnerships,Saúde e Beleza,Cuidados Pessoais,42.85,26.53,True
PROD_0688,Monetize Impactful Info-Mediaries,Saúde e Beleza,Maquiagem,373.95,27.58,True
PROD_0689,Mesh Transparent E-Markets,Casa e Decoração,Iluminação,170.36,15.4,True
PROD_0690,Transition Intuitive Channels,Moda,Roupas Masculinas,10.55,18.91,True
PROD_0691,Harness Intuitive Systems,Eletrônicos,Câmeras,71.18,12.62,True
PROD_0692,Target Cross-Media Channels,Saúde e Beleza,Maquiagem,68.1,12.61,True
PROD_0693,Matrix Viral Channels,Livros,Autoajuda,121.17,1.25,True
PROD_0694,Brand Leading-Edge Initiatives,Automotivo,Ferramentas,90.67,13.07,True
PROD_0695,Mesh B2C Content,Eletrônicos,Acessórios,48.65,20.24,True
PROD_0696,Leverage Granular Vortals,Alimentos,Bebidas,111.5,12.72,True
PROD_0697,Re-Contextualize Magnetic Convergence,Livros,Autoajuda,52.6,26.19,True
PROD_0698,Mesh Front-End Infrastructures,Livros,Ficção,5000.0,10.04,True
PROD_0699,Morph 24/365 Functionalities,Moda,Infantil,104.3,4.07,True
PROD_0700,Engage Efficient Channels,Casa e Decoração,Móveis,88.44,24.37,True
PROD_0701,Whiteboard Seamless E-Business,Alimentos,Orgânicos,821.69,20.25,False
PROD_0702,Incubate E-Business Mindshare,Saúde e Beleza,Vitaminas,17.51,7.33,True
PROD_0703,Visualize Frictionless Applications,Moda,Roupas Masculinas,78.89,16.14,True
PROD_0704,Benchmark B2C Communities,Saúde e Beleza,Cuidados Pessoais,28.8,12.12,True
PROD_0705,Repurpose Cross-Platform Networks,Moda,Roupas Masculinas,192.87,28.17,True
PROD_0706,Integrate Proactive Infrastructures,Moda,Acessórios,49.74,18.26,True
PROD_0707,Integrate Back-End Experiences,Moda,Infantil,180.57,4.84,False
PROD_0708,Architect Next-Generation E-Business,Casa e Decoração,Utilidades,165.61,15.11,True
PROD_0709,Whiteboard Proactive Models,Moda,Acessórios,229.62,25.89,True
PROD_0710,Matrix Distributed Experiences,Esportes,Futebol,168.92,20.18,True
PROD_0711,Monetize Compelling Action-Items,Automotivo,Acessórios,68.8,25.29,False
PROD_0712,Exploit Wireless Content,Saúde e Beleza,Cabelos,16.82,7.59,True
PROD_0713,Target Intuitive Markets,Eletrônicos,Acessórios,302.14,26.66,True
PROD_0714,Leverage Visionary E-Markets,Brinquedos,Veículos,488.25,22.69,False
PROD_0715,Syndicate Plug-And-Play E-Tailers,Alimentos,Orgânicos,29.21,21.89,True
PROD_0716,Facilitate B2B Vortals,Informática,Software,217.69,10.46,True
PROD_0717,Cultivate Turn-Key Convergence,Casa e Decoração,Iluminação,22.1,26.64,True
PROD_0718,Strategize End-To-End Relationships,Eletrônicos,Acessórios,114.91,19.18,False
PROD_0719,Deliver Sticky Vortals,Livros,Ficção,147.13,25.57,False
PROD_0720,Incentivize Plug-And-Play Initiatives,Esportes,Corrida,53.98,10.89,True
PROD_0721,Empower Customized Action-Items,Informática,Notebooks,100.9,4.45,True
PROD_0722,Orchestrate Mission-Critical Markets,Brinquedos,Eletrônicos,249.1,10.04,True
PROD_0723,Envisioneer Integrated E-Business,Eletrônicos,Áudio,78.94,13.71,True
PROD_0724,Deploy Interactive Communities,Informática,Componentes,40.04,16.05,True
PROD_0725,Transition World-Class Networks,Eletrônicos,Acessórios,20.73,15.37,True
PROD_0726,Drive Turn-Key Solutions,Esportes,Ciclismo,56.32,16.43,True
PROD_0727,Engineer Granular Models,Brinquedos,Jogos,21.98,25.27,True
PROD_0728,Deliver Plug-And-Play Models,Livros,Acadêmicos,57.23,5.19,True
PROD_0729,Matrix Extensible Models,Moda,Acessórios,51.51,9.55,False
PROD_0730,Utilize E-Business Interfaces,Saúde e Beleza,Cabelos,236.26,26.67,True
PROD_0731,Deliver Ubiquitous Action-Items,Livros,Autoajuda,98.31,16.86,True
PROD_0732,Architect Synergistic Markets,Moda,Infantil,1913.54,17.54,True
PROD_0733,Streamline Front-End Models,Casa e Decoração,Iluminação,10.0,14.39,True
PROD_0734,Expedite Collaborative Technologies,Automotivo,Ferramentas,131.11,16.51,True
PROD_0735,Incubate Value-Added Platforms,Alimentos,Bebidas,52.36,6.02,True
PROD_0736,Brand Global Portals,Alimentos,Doces,28.58,16.45,True
PROD_0737,Drive Bricks-And-Clicks Interfaces,Saúde e Beleza,Maquiagem,86.86,29.92,True
PROD_0738,Disintermediate Revolutionary Interfaces,Brinquedos,Veículos,79.4,17.02,True
PROD_0739,Streamline Dynamic Relationships,Esportes,Ciclismo,328.12,1.43,False
PROD_0740,Engage Front-End Partnerships,Brinquedos,Eletrônicos,100.43,23.91,True
PROD_0741,Synergize Customized Schemas,Esportes,Futebol,39.2,11.95,True
PROD_0742,Empower 24/7 Channels,Brinquedos,Bonecas,134.43,4.69,False
PROD_0743,Transform Impactful Relationships,Automotivo,Som,68.33,25.89,True
PROD_0744,Generate Cross-Platform Schemas,Casa e Decoração,Móveis,23.32,6.02,True
PROD_0745,Disintermediate B2B Solutions,Casa e Decoração,Iluminação,66.8,27.63,True
PROD_0746,Expedite Wireless Mindshare,Moda,Acessórios,118.76,13.31,True
PROD_0747,Integrate Revolutionary Paradigms,Informática,Redes,98.17,22.31,True
PROD_0748,Enable Open-Source Info-Mediaries,Casa e Decoração,Móveis,133.8,16.46,True
PROD_0749,Mesh Ubiquitous Eyeballs,Casa e Decoração,Utilidades,47.86,7.77,True
PROD_0750,Expedite Global Vortals,Livros,Técnicos,131.78,20.17,True
PROD_0751,Re-Contextualize Turn-Key Communities,Livros,Ficção,103.97,28.74,True
PROD_0752,Strategize Seamless Applications,Moda,Infantil,104.99,23.11,True
PROD_0753,Facilitate Holistic Networks,Informática,Periféricos,93.58,18.16,True
PROD_0754,Monetize Collaborative Web-Readiness,Saúde e Beleza,Vitaminas,1225.75,29.72,True
PROD_0755,Disintermediate Open-Source Methodologies,Livros,Técnicos,341.09,8.03,True
PROD_0756,Embrace Next-Generation Applications,Saúde e Beleza,Cuidados Pessoais,128.31,1.96,True
PROD_0757,Monetize Proactive Metrics,Eletrônicos,TVs,34.46,1.06,True
PROD_0758,Syndicate Back-End Experiences,Livros,Infantil,63.38,21.35,False
PROD_0759,Generate Bleeding-Edge Markets,Automotivo,Acessórios,625.75,24.92,True
PROD_0760,Benchmark Compelling Communities,Informática,Componentes,45.81,19.09,True
PROD_0761,Mesh Enterprise Eyeballs,Moda,Acessórios,73.78,27.16,True
PROD_0762,Transition Interactive Paradigms,Eletrônicos,Acessórios,69.01,20.97,False
PROD_0763,Maximize One-To-One Solutions,Informática,Componentes,139.98,11.19,True
PROD_0764,Utilize Visionary Vortals,Automotivo,Óleos,53.3,5.52,False
PROD_0765,Deploy B2C E-Markets,Informática,Redes,111.3,27.75,False
PROD_0766,Scale Best-Of-Breed E-Markets,Automotivo,Óleos,54.75,3.2,True
PROD_0767,Deliver Collaborative Markets,Automotivo,Peças,435.9,16.34,True
PROD_0768,Unleash Global Deliverables,Saúde e Beleza,Vitaminas,39.51,9.49,True
PROD_0769,Architect World-Class Web Services,Brinquedos,Educativos,290.96,8.22,True
PROD_0770,Syndicate Enterprise Vortals,Eletrônicos,Câmeras,44.6,19.41,True
PROD_0771,Reinvent Ubiquitous Users,Informática,Componentes,32.31,7.01,True
PROD_0772,Facilitate Synergistic Methodologies,Esportes,Fitness,38.82,27.5,True
PROD_0773,Revolutionize Back-End E-Business,Eletrônicos,Áudio,11.55,12.24,True
PROD_0774,Syndicate Dynamic Action-Items,Brinquedos,Veículos,152.37,20.35,True
PROD_0775,Empower Seamless E-Services,Eletrônicos,Áudio,22.27,21.86,True
PROD_0776,Monetize Front-End E-Tailers,Casa e Decoração,Móveis,58.59,20.52,True
PROD_0777,Scale Holistic Vortals,Esportes,Fitness,224.52,27.11,True
PROD_0778,Syndicate Cross-Media Schemas,Brinquedos,Bonecas,215.99,7.01,True
PROD_0779,Re-Contextualize Efficient Technologies,Saúde e Beleza,Maquiagem,16.15,2.67,True
PROD_0780,Embrace Enterprise Interfaces,Informática,Redes,130.67,1.76,True
PROD_0781,Transition Cross-Media Eyeballs,Alimentos,Doces,353.75,26.35,True
PROD_0782,Envisioneer Revolutionary Technologies,Brinquedos,Bonecas,41.92,29.2,True
PROD_0783,Unleash Strategic Convergence,Moda,Roupas Femininas,166.72,9.15,True
PROD_0784,Re-Contextualize Visionary Experiences,Informática,Notebooks,22.83,20.84,False
PROD_0785,Morph Compelling E-Tailers,Brinquedos,Eletrônicos,142.99,0.37,True
PROD_0786,Aggregate Real-Time Schemas,Casa e Decoração,Utilidades,105.38,5.74,True
PROD_0787,Scale Real-Time Channels,Alimentos,Importados,199.01,20.71,True
PROD_0788,Transform Web-Enabled Action-Items,Casa e Decoração,Iluminação,184.74,2.07,True
PROD_0789,Streamline Magnetic Functionalities,Alimentos,Orgânicos,17.74,14.11,True
PROD_0790,Enhance Scalable Platforms,Moda,Acessórios,106.05,19.91,False
PROD_0791,Deploy Open-Source Info-Mediaries,Informática,Notebooks,514.65,23.0,True
PROD_0792,Transform Global Synergies,Saúde e Beleza,Maquiagem,10.0,13.67,True
PROD_0793,Engage Granular E-Markets,Casa e Decoração,Utilidades,287.24,18.95,True
PROD_0794,Visualize Collaborative Info-Mediaries,Casa e Decoração,Móveis,615.26,16.23,True
PROD_0795,Visualize 24/365 Technologies,Automotivo,Peças,15.16,1.66,False
PROD_0796,Harness Front-End Experiences,Alimentos,Importados,40.25,22.31,True
PROD_0797,Streamline E-Business Experiences,Livros,Técnicos,167.55,5.25,True
PROD_0798,Maximize Bleeding-Edge Users,Informática,Componentes,31.08,1.05,False
PROD_0799,Extend Robust Roi,Alimentos,Orgânicos,462.89,13.59,False
PROD_0800,Deploy Virtual Paradigms,Automotivo,Ferramentas,320.75,25.98,False
PROD_0801,E-Enable Impactful Models,Eletrônicos,Áudio,17.08,4.61,True
PROD_0802,Reinvent Distributed Paradigms,Alimentos,Importados,36.9,0.48,True
PROD_0803,Implement Seamless Networks,Saúde e Beleza,Cabelos,226.74,3.39,True
PROD_0804,Expedite Sticky Supply-Chains,Informática,Componentes,216.33,10.97,True
PROD_0805,Envisioneer Ubiquitous Experiences,Automotivo,Acessórios,1289.65,17.45,True
PROD_0806,Incubate Rich Channels,Eletrônicos,Acessórios,31.32,5.87,True
PROD_0807,Iterate Plug-And-Play Niches,Esportes,Corrida,518.56,24.08,False
PROD_0808,Aggregate One-To-One Supply-Chains,Automotivo,Óleos,30.06,22.62,True
PROD_0809,Leverage Ubiquitous Experiences,Esportes,Natação,164.09,20.91,True
PROD_0810,Morph Viral Synergies,Informática,Componentes,262.65,14.68,True
PROD_0811,Extend Cross-Platform Technologies,Casa e Decoração,Móveis,10.0,11.02,True
PROD_0812,Maximize Dynamic Roi,Automotivo,Som,268.66,11.33,True
PROD_0813,Re-Intermediate Wireless E-Commerce,Moda,Roupas Masculinas,474.13,15.14,True
PROD_0814,Deliver World-Class Infrastructures,Esportes,Ciclismo,335.31,2.41,False
PROD_0815,Strategize Mission-Critical Roi,Saúde e Beleza,Vitaminas,1057.86,20.5,True
PROD_0816,Enable Compelling Vortals,Moda,Calçados,286.64,10.61,True
PROD_0817,Re-Contextualize Interactive Synergies,Brinquedos,Bonecas,47.25,6.82,True
PROD_0818,Morph Integrated Action-Items,Brinquedos,Bonecas,398.14,8.42,True
PROD_0819,Grow Real-Time Supply-Chains,Eletrônicos,Acessórios,44.13,5.49,True
PROD_0820,Monetize Value-Added Portals,Casa e Decoração,Tapetes,99.38,27.06,True
PROD_0821,Visualize Bricks-And-Clicks Action-Items,Informática,Notebooks,244.24,5.15,True
PROD_0822,Streamline 24/7 Bandwidth,Automotivo,Óleos,154.11,26.5,True
PROD_0823,Monetize Granular Interfaces,Livros,Autoajuda,455.48,17.21,True
PROD_0824,Innovate Extensible Initiatives,Saúde e Beleza,Perfumes,1783.64,26.04,False
PROD_0825,Whiteboard Distributed Relationships,Esportes,Corrida,22.99,14.27,True
PROD_0826,Re-Intermediate Magnetic E-Services,Informática,Componentes,60.7,27.84,True
PROD_0827,Enable Compelling Eyeballs,Moda,Roupas Femininas,131.59,6.42,True
PROD_0828,Target Out-Of-The-Box E-Markets,Brinquedos,Eletrônicos,51.63,16.69,True
PROD_0829,Scale Collaborative Users,Saúde e Beleza,Perfumes,82.2,3.86,True
PROD_0830,Exploit Killer Action-Items,Livros,Técnicos,228.37,13.47,True
PROD_0831,Innovate Strategic Deliverables,Automotivo,Ferramentas,194.71,17.14,True
PROD_0832,Grow Bricks-And-Clicks Partnerships,Eletrônicos,Acessórios,121.12,18.21,True
PROD_0833,Redefine One-To-One Markets,Livros,Ficção,107.48,11.03,False
PROD_0834,E-Enable 24/365 Networks,Saúde e Beleza,Cuidados Pessoais,68.81,2.38,False
PROD_0835,Incubate B2C Communities,Livros,Ficção,485.62,19.69,True
PROD_0836,Harness Visionary Initiatives,Saúde e Beleza,Cuidados Pessoais,662.53,14.7,True
PROD_0837,Innovate Best-Of-Breed Applications,Saúde e Beleza,Cabelos,305.69,4.19,True
PROD_0838,Synthesize E-Business Mindshare,Alimentos,Importados,22.66,28.08,True
PROD_0839,Grow Leading-Edge Bandwidth,Esportes,Natação,65.72,28.67,True
PROD_0840,Enable Next-Generation Bandwidth,Brinquedos,Bonecas,114.39,25.71,False
PROD_0841,Maximize Leading-Edge Schemas,Alimentos,Doces,29.11,25.33,False
PROD_0842,Target Extensible Web-Readiness,Automotivo,Som,98.98,3.05,True
PROD_0843,Strategize Dot-Com Synergies,Alimentos,Saudáveis,92.45,29.8,True
PROD_0844,Extend Killer Applications,Casa e Decoração,Móveis,330.62,12.07,True
PROD_0845,Optimize Revolutionary E-Commerce,Casa e Decoração,Quadros,49.5,4.98,True
PROD_0846,Seize Innovative Users,Brinquedos,Veículos,363.57,24.38,True
PROD_0847,Streamline Innovative Info-Mediaries,Livros,Técnicos,28.54,6.85,True
PROD_0848,Integrate Front-End E-Markets,Esportes,Futebol,33.74,15.83,False
PROD_0849,Reinvent Global Experiences,Brinquedos,Jogos,57.1,3.93,True
PROD_0850,Drive Next-Generation Relationships,Saúde e Beleza,Cuidados Pessoais,95.34,14.29,True
PROD_0851,Productize Enterprise Systems,Moda,Roupas Femininas,10.0,16.79,True
PROD_0852,Cultivate Enterprise Architectures,Esportes,Natação,156.2,13.43,False
PROD_0853,Evolve Global Experiences,Esportes,Corrida,700.09,2.18,True
PROD_0854,Cultivate Cross-Media Initiatives,Saúde e Beleza,Cabelos,196.67,14.6,True
PROD_0855,Reinvent Impactful Deliverables,Saúde e Beleza,Perfumes,69.91,14.12,True
PROD_0856,Enable Magnetic Synergies,Eletrônicos,TVs,24.5,7.92,False
PROD_0857,Engineer Vertical Content,Brinquedos,Eletrônicos,10.22,27.66,True
PROD_0858,Target Cutting-Edge Users,Saúde e Beleza,Vitaminas,12.53,12.59,True
PROD_0859,Synergize Bleeding-Edge Action-Items,Casa e Decoração,Móveis,76.94,25.94,True
PROD_0860,Target Cross-Media Eyeballs,Automotivo,Som,1128.1,3.38,True
PROD_0861,Empower Dynamic Initiatives,Moda,Roupas Masculinas,10.0,9.63,False
PROD_0862,Integrate Next-Generation E-Business,Brinquedos,Jogos,208.57,5.37,True
PROD_0863,Revolutionize Vertical Action-Items,Informática,Redes,39.91,12.31,True
PROD_0864,Architect Innovative Platforms,Casa e Decoração,Móveis,60.18,3.44,False
PROD_0865,Expedite Robust Systems,Livros,Acadêmicos,29.22,13.29,True
PROD_0866,Expedite Scalable Action-Items,Saúde e Beleza,Maquiagem,17.45,10.68,False
PROD_0867,Extend Revolutionary Interfaces,Informática,Periféricos,104.66,6.78,True
PROD_0868,Grow Bleeding-Edge Users,Saúde e Beleza,Cabelos,123.39,19.3,True
PROD_0869,Architect Leading-Edge Channels,Esportes,Ciclismo,200.74,28.53,True
PROD_0870,Deliver Distributed E-Services,Casa e Decoração,Móveis,11.91,6.29,True
PROD_0871,Transition Turn-Key Networks,Esportes,Corrida,256.92,21.38,False
PROD_0872,Expedite World-Class Action-Items,Eletrônicos,TVs,262.48,22.3,False
PROD_0873,Monetize B2B Web Services,Esportes,Fitness,149.81,14.99,True
PROD_0874,Mesh Magnetic E-Markets,Eletrônicos,Acessórios,54.32,26.94,True
PROD_0875,Monetize Efficient Markets,Eletrônicos,Smartphones,130.34,29.0,True
PROD_0876,Engage Virtual Functionalities,Informática,Software,74.25,10.93,True
PROD_0877,Innovate Cutting-Edge Schemas,Saúde e Beleza,Vitaminas,287.79,19.57,False
PROD_0878,Synthesize Scalable Convergence,Livros,Acadêmicos,57.98,19.9,True
PROD_0879,Visualize Enterprise Deliverables,Esportes,Ciclismo,102.48,12.17,False
PROD_0880,Harness Next-Generation E-Markets,Casa e Decoração,Utilidades,11.18,9.57,False
PROD_0881,Orchestrate Seamless Architectures,Eletrônicos,Áudio,129.85,28.02,True
PROD_0882,Reinvent Collaborative Action-Items,Saúde e Beleza,Cabelos,36.62,23.72,False
PROD_0883,Iterate Magnetic Content,Moda,Roupas Femininas,166.49,3.52,False
PROD_0884,Iterate B2B Bandwidth,Brinquedos,Jogos,231.85,3.68,True
PROD_0885,Redefine Leading-Edge Schemas,Informática,Notebooks,43.29,27.68,True
PROD_0886,Deploy Next-Generation Schemas,Livros,Infantil,93.45,2.53,True
PROD_0887,Mesh Global Architectures,Alimentos,Bebidas,110.98,20.68,True
PROD_0888,Incentivize Dot-Com E-Tailers,Informática,Periféricos,140.0,6.88,True
PROD_0889,Facilitate Strategic Systems,Moda,Roupas Femininas,232.25,1.15,True
PROD_0890,Iterate Out-Of-The-Box Infrastructures,Brinquedos,Veículos,198.5,1.88,True
PROD_0891,Incubate Dynamic Markets,Moda,Infantil,57.06,11.27,False
PROD_0892,Empower Enterprise Methodologies,Esportes,Futebol,612.77,2.42,True
PROD_0893,Expedite Revolutionary Partnerships,Eletrônicos,Smartphones,221.94,17.94,True
PROD_0894,Aggregate Killer Info-Mediaries,Livros,Ficção,485.98,19.45,True
PROD_0895,Architect Open-Source Content,Automotivo,Som,136.46,11.27,False
PROD_0896,Redefine Value-Added E-Tailers,Eletrônicos,Acessórios,146.49,22.31,False
PROD_0897,Re-Contextualize Dynamic Initiatives,Automotivo,Ferramentas,78.21,14.75,True
PROD_0898,Extend Compelling Action-Items,Brinquedos,Bonecas,52.85,12.96,False
PROD_0899,Scale Best-Of-Breed Interfaces,Saúde e Beleza,Perfumes,290.15,12.27,True
PROD_0900,Redefine Web-Enabled Schemas,Alimentos,Saudáveis,123.66,12.99,True
PROD_0901,Harness Front-End Architectures,Casa e Decoração,Móveis,76.87,29.04,True
PROD_0902,Target Synergistic Content,Eletrônicos,Acessórios,26.39,20.47,False
PROD_0903,Morph Bricks-And-Clicks Mindshare,Livros,Técnicos,581.81,9.52,False
PROD_0904,Matrix Rich Bandwidth,Moda,Roupas Masculinas,103.04,22.04,True
PROD_0905,Transform Collaborative Vortals,Livros,Técnicos,20.65,9.97,True
PROD_0906,Redefine Best-Of-Breed Relationships,Brinquedos,Educativos,99.26,3.86,True
PROD_0907,Harness Transparent Paradigms,Automotivo,Óleos,70.73,14.31,True
PROD_0908,Maximize Magnetic Eyeballs,Moda,Acessórios,67.33,22.56,True
PROD_0909,Utilize Back-End Schemas,Casa e Decoração,Iluminação,179.74,11.39,True
PROD_0910,Re-Contextualize Next-Generation Technologies,Casa e Decoração,Utilidades,70.85,26.09,True
PROD_0911,Orchestrate 24/365 Supply-Chains,Eletrônicos,Áudio,62.39,11.67,True
PROD_0912,Enhance Enterprise Networks,Brinquedos,Educativos,461.69,10.56,True
PROD_0913,E-Enable Interactive Models,Saúde e Beleza,Maquiagem,11.16,29.95,True
PROD_0914,Engage Cross-Platform Portals,Brinquedos,Educativos,84.63,14.53,True
PROD_0915,Engineer Holistic Experiences,Automotivo,Peças,274.41,24.18,False
PROD_0916,Extend Holistic Bandwidth,Livros,Ficção,191.01,24.17,True
PROD_0917,Leverage Synergistic Communities,Casa e Decoração,Quadros,306.14,27.8,True
PROD_0918,Enable Holistic Roi,Livros,Autoajuda,1018.3,2.64,True
PROD_0919,Redefine Leading-Edge Deliverables,Livros,Acadêmicos,691.42,8.21,True
PROD_0920,Integrate Intuitive Web Services,Livros,Técnicos,22.5,23.06,True
PROD_0921,Streamline Clicks-And-Mortar E-Markets,Casa e Decoração,Tapetes,13.03,16.92,False
PROD_0922,Enable Bleeding-Edge Partnerships,Informática,Componentes,133.25,16.83,True
PROD_0923,Unleash B2C Synergies,Esportes,Corrida,17.73,5.07,True
PROD_0924,Architect Ubiquitous Relationships,Automotivo,Peças,10.0,8.51,True
PROD_0925,Streamline Compelling Web Services,Informática,Redes,131.56,15.69,False
PROD_0926,Synthesize Vertical Synergies,Automotivo,Acessórios,177.76,8.39,True
PROD_0927,Incubate Transparent Synergies,Moda,Roupas Masculinas,701.6,6.39,False
PROD_0928,Utilize Efficient Users,Brinquedos,Veículos,226.36,2.72,True
PROD_0929,Envisioneer Vertical Mindshare,Brinquedos,Veículos,900.97,4.76,True
PROD_0930,Transition User-Centric Roi,Alimentos,Orgânicos,137.92,23.09,True
PROD_0931,Transform Mission-Critical Deliverables,Brinquedos,Jogos,23.02,21.59,True
PROD_0932,Orchestrate Web-Enabled Solutions,Casa e Decoração,Iluminação,241.44,1.47,True
PROD_0933,Re-Intermediate Dot-Com Convergence,Saúde e Beleza,Perfumes,446.38,6.18,True
PROD_0934,Empower Impactful Infrastructures,Eletrônicos,Acessórios,143.93,16.86,True
PROD_0935,Disintermediate Wireless Bandwidth,Alimentos,Orgânicos,513.2,9.75,True
PROD_0936,Maximize Interactive E-Services,Eletrônicos,Acessórios,77.64,24.72,True
PROD_0937,Monetize Strategic Experiences,Automotivo,Peças,173.31,23.57,True
PROD_0938,Iterate Robust Infrastructures,Eletrônicos,Acessórios,73.02,26.76,False
PROD_0939,Strategize Enterprise Architectures,Eletrônicos,Áudio,1563.77,16.93,True
PROD_0940,Engage Collaborative Markets,Alimentos,Saudáveis,247.03,10.63,True
PROD_0941,Whiteboard Value-Added Communities,Moda,Roupas Femininas,23.57,18.22,False
PROD_0942,Evolve Rich E-Commerce,Livros,Ficção,831.4,2.77,False
PROD_0943,Visualize Open-Source Networks,Brinquedos,Jogos,37.34,0.39,True
PROD_0944,Iterate Mission-Critical Deliverables,Brinquedos,Bonecas,91.51,0.61,True
PROD_0945,Redefine Revolutionary E-Services,Casa e Decoração,Iluminação,157.9,12.29,False
PROD_0946,Architect Collaborative Niches,Alimentos,Orgânicos,174.16,6.92,True
PROD_0947,Integrate Intuitive Methodologies,Casa e Decoração,Iluminação,160.85,4.8,True
PROD_0948,Re-Contextualize Efficient Users,Saúde e Beleza,Vitaminas,23.11,18.5,True
PROD_0949,Maximize Robust Roi,Saúde e Beleza,Cuidados Pessoais,161.49,29.85,True
PROD_0950,Re-Contextualize Turn-Key Web-Readiness,Casa e Decoração,Iluminação,337.23,5.41,False
PROD_0951,Architect B2B Interfaces,Alimentos,Orgânicos,325.78,16.44,True
PROD_0952,Re-Contextualize Intuitive Content,Casa e Decoração,Iluminação,18.87,3.68,True
PROD_0953,Leverage Web-Enabled Networks,Brinquedos,Educativos,40.99,28.03,True
PROD_0954,E-Enable Integrated Methodologies,Informática,Redes,25.7,8.82,True
PROD_0955,Productize Open-Source Architectures,Esportes,Fitness,135.34,26.36,True
PROD_0956,Engineer Global Infrastructures,Eletrônicos,Câmeras,13.99,8.56,True
PROD_0957,Deliver Cross-Media Markets,Esportes,Futebol,23.4,24.2,True
PROD_0958,Transform User-Centric E-Services,Alimentos,Importados,40.52,6.36,True
PROD_0959,E-Enable Intuitive Supply-Chains,Esportes,Ciclismo,10.42,8.85,True
PROD_0960,Expedite Impactful Vortals,Saúde e Beleza,Cabelos,87.06,5.86,True
PROD_0961,Utilize Real-Time Systems,Automotivo,Acessórios,10.0,8.0,True
PROD_0962,Synthesize Bleeding-Edge Convergence,Eletrônicos,Smartphones,161.16,25.06,True
PROD_0963,Engage Enterprise E-Commerce,Livros,Infantil,55.9,19.21,True
PROD_0964,Reinvent Enterprise Infrastructures,Alimentos,Doces,42.57,12.24,False
PROD_0965,Revolutionize Distributed Action-Items,Eletrônicos,TVs,51.79,29.15,True
PROD_0966,Unleash Intuitive Infrastructures,Esportes,Corrida,83.72,14.0,False
PROD_0967,Empower B2C Architectures,Saúde e Beleza,Cuidados Pessoais,183.36,29.1,True
PROD_0968,Unleash B2C Architectures,Moda,Acessórios,437.26,5.98,True
PROD_0969,Harness Bricks-And-Clicks Platforms,Informática,Componentes,303.9,27.15,True
PROD_0970,Evolve Clicks-And-Mortar Content,Livros,Ficção,1310.32,0.51,True
PROD_0971,Grow Bricks-And-Clicks Niches,Informática,Notebooks,202.42,16.4,True
PROD_0972,Transform End-To-End Infrastructures,Eletrônicos,Smartphones,106.52,12.75,True
PROD_0973,Reinvent User-Centric Systems,Saúde e Beleza,Cuidados Pessoais,52.02,15.8,True
PROD_0974,Engage Transparent Platforms,Saúde e Beleza,Perfumes,54.13,16.65,True
PROD_0975,Utilize E-Business Convergence,Esportes,Natação,171.89,11.73,False
PROD_0976,Engage E-Business Metrics,Brinquedos,Bonecas,27.13,29.95,True
PROD_0977,Expedite World-Class Architectures,Esportes,Ciclismo,118.48,29.3,True
PROD_0978,Implement Distributed E-Markets,Brinquedos,Bonecas,88.0,28.86,True
PROD_0979,Synergize Strategic Schemas,Brinquedos,Veículos,37.57,29.37,False
PROD_0980,Productize Interactive Networks,Livros,Acadêmicos,25.5,23.81,True
PROD_0981,Mesh Frictionless Methodologies,Esportes,Corrida,1862.47,29.66,False
PROD_0982,Synergize Frictionless Channels,Moda,Roupas Masculinas,16.85,26.78,True
PROD_0983,Empower Seamless Niches,Casa e Decoração,Iluminação,82.99,12.54,True
PROD_0984,Synthesize B2B Partnerships,Casa e Decoração,Iluminação,390.37,23.56,True
PROD_0985,Leverage User-Centric Niches,Esportes,Fitness,169.84,27.37,True
PROD_0986,Deploy Seamless Info-Mediaries,Esportes,Futebol,51.0,21.41,True
PROD_0987,Generate Intuitive Relationships,Informática,Periféricos,21.53,12.74,True
PROD_0988,Morph Interactive Functionalities,Livros,Ficção,105.19,2.07,True
PROD_0989,Synthesize 24/365 Bandwidth,Esportes,Fitness,10.0,24.31,True
PROD_0990,Transform Global Content,Informática,Componentes,110.37,28.59,True
PROD_0991,Implement Impactful Supply-Chains,Brinquedos,Bonecas,93.86,10.94,True
PROD_0992,E-Enable Enterprise Supply-Chains,Saúde e Beleza,Perfumes,325.1,4.64,False
PROD_0993,Grow Open-Source E-Commerce,Saúde e Beleza,Vitaminas,22.83,9.86,True
PROD_0994,Transition Global Content,Brinquedos,Jogos,61.06,17.52,True
PROD_0995,Harness 24/365 Info-Mediaries,Alimentos,Importados,152.06,9.58,True
PROD_0996,Harness Virtual Interfaces,Informática,Periféricos,115.2,18.36,False
PROD_0997,Harness Distributed Functionalities,Informática,Software,17.97,29.01,True
PROD_0998,Synthesize Interactive Vortals,Brinquedos,Educativos,41.39,20.15,True
PROD_0999,Synergize Efficient Interfaces,Moda,Acessórios,482.94,10.94,False
PROD_1000,Disintermediate One-To-One Networks,Automotivo,Som,122.88,28.08,True
PROD_1001,Aggregate Viral Methodologies,Eletrônicos,Acessórios,12.22,17.01,True
PROD_1002,Revolutionize Proactive Bandwidth,Brinquedos,Eletrônicos,259.79,3.94,True
PROD_1003,Unleash Best-Of-Breed Systems,Esportes,Fitness,13.21,15.02,True
PROD_1004,Exploit Distributed Partnerships,Esportes,Corrida,62.28,19.64,True
PROD_1005,Transition Transparent Methodologies,Livros,Ficção,176.96,25.16,False
PROD_1006,Synthesize Global Functionalities,Brinquedos,Bonecas,386.24,28.1,True
PROD_1007,Monetize Web-Enabled Portals,Livros,Acadêmicos,10.0,9.59,False
PROD_1008,Repurpose B2C E-Commerce,Brinquedos,Eletrônicos,211.43,4.75,True
PROD_1009,Generate Enterprise Partnerships,Informática,Redes,253.17,2.31,True
PROD_1010,Grow Compelling Applications,Eletrônicos,Áudio,46.14,22.18,True
PROD_1011,Strategize Next-Generation Users,Informática,Software,100.39,23.88,True
PROD_1012,Integrate Bricks-And-Clicks Users,Automotivo,Acessórios,10.0,12.34,True
PROD_1013,Expedite Strategic Platforms,Saúde e Beleza,Vitaminas,10.0,11.94,True
PROD_1014,Revolutionize Interactive Web Services,Casa e Decoração,Móveis,340.44,28.63,True
PROD_1015,Repurpose Synergistic Communities,Brinquedos,Veículos,47.15,27.51,True
PROD_1016,Visualize Revolutionary Networks,Automotivo,Acessórios,59.41,7.07,True
PROD_1017,Visualize Wireless Supply-Chains,Saúde e Beleza,Cuidados Pessoais,119.3,23.45,True
PROD_1018,Generate User-Centric Platforms,Alimentos,Bebidas,58.03,18.72,False
PROD_1019,Implement Mission-Critical Portals,Eletrônicos,Smartphones,51.91,4.71,True
PROD_1020,Enhance Magnetic Systems,Livros,Infantil,144.52,10.77,True
PROD_1021,Disintermediate Impactful Bandwidth,Livros,Autoajuda,14.96,5.41,True
PROD_1022,Revolutionize B2C Convergence,Informática,Software,362.09,8.93,True
PROD_1023,Utilize Compelling Platforms,Esportes,Natação,68.29,18.5,True
PROD_1024,Envisioneer Next-Generation Infrastructures,Saúde e Beleza,Maquiagem,26.93,11.32,True
PROD_1025,Embrace B2B Convergence,Alimentos,Saudáveis,22.91,11.88,True
PROD_1026,Monetize Cross-Platform Bandwidth,Automotivo,Ferramentas,94.74,16.24,True
PROD_1027,Generate Best-Of-Breed Deliverables,Eletrônicos,Áudio,62.33,2.71,True
PROD_1028,Syndicate Cross-Media Info-Mediaries,Saúde e Beleza,Maquiagem,14.03,22.19,True
PROD_1029,Transform Visionary Systems,Alimentos,Orgânicos,43.72,12.11,True
PROD_1030,Harness Innovative Content,Casa e Decoração,Iluminação,34.09,14.46,True
PROD_1031,Integrate One-To-One Web-Readiness,Brinquedos,Eletrônicos,409.21,29.23,False
PROD_1032,Iterate Cross-Platform Experiences,Livros,Ficção,105.27,10.4,True
PROD_1033,Transform Frictionless Action-Items,Automotivo,Som,591.82,19.48,True
PROD_1034,Mesh Virtual Schemas,Livros,Autoajuda,38.4,11.84,True
PROD_1035,Leverage Open-Source Schemas,Automotivo,Peças,63.47,26.84,True
PROD_1036,Brand Plug-And-Play E-Services,Informática,Redes,143.15,25.42,True
PROD_1037,Exploit Wireless Functionalities,Esportes,Fitness,185.85,7.32,True
PROD_1038,Reinvent Viral Functionalities,Automotivo,Som,213.83,20.78,False
PROD_1039,Repurpose User-Centric Interfaces,Livros,Técnicos,31.02,2.05,True
PROD_1040,Utilize 24/365 Systems,Informática,Componentes,32.08,28.9,True
PROD_1041,Benchmark Cutting-Edge Architectures,Automotivo,Acessórios,58.76,10.53,True
PROD_1042,Implement Killer E-Tailers,Casa e Decoração,Utilidades,532.24,24.97,True
PROD_1043,Empower Innovative Networks,Esportes,Fitness,27.09,9.62,True
PROD_1044,Transform Viral Relationships,Automotivo,Acessórios,47.83,19.02,False
PROD_1045,Harness 24/365 Bandwidth,Informática,Software,216.12,29.51,True
PROD_1046,Embrace Back-End Web Services,Saúde e Beleza,Vitaminas,202.68,26.31,False
PROD_1047,Cultivate Holistic Deliverables,Moda,Calçados,175.3,4.89,True
PROD_1048,Whiteboard Turn-Key Metrics,Alimentos,Orgânicos,99.19,16.47,True
PROD_1049,Synergize Impactful Applications,Moda,Roupas Masculinas,25.07,10.52,False
PROD_1050,Embrace Cross-Media Convergence,Moda,Acessórios,39.29,13.09,True
PROD_1051,Iterate Ubiquitous E-Business,Eletrônicos,Acessórios,347.86,10.12,False
PROD_1052,Reinvent Seamless E-Business,Casa e Decoração,Tapetes,227.78,10.15,True
PROD_1053,Benchmark Strategic Methodologies,Saúde e Beleza,Perfumes,18.14,16.32,True
PROD_1054,Enable Turn-Key Initiatives,Brinquedos,Eletrônicos,255.53,5.84,True
PROD_1055,Incentivize Extensible Initiatives,Automotivo,Som,432.91,16.17,True
PROD_1056,Reinvent Out-Of-The-Box Eyeballs,Alimentos,Orgânicos,96.02,8.44,True
PROD_1057,Deliver Integrated E-Markets,Esportes,Futebol,150.14,8.74,True
PROD_1058,Expedite Global Networks,Saúde e Beleza,Perfumes,303.01,22.19,False
PROD_1059,Synergize Cutting-Edge Roi,Livros,Acadêmicos,39.06,0.98,True
PROD_1060,Synthesize Virtual Schemas,Brinquedos,Jogos,1473.68,11.49,True
PROD_1061,Leverage Holistic Technologies,Eletrônicos,Áudio,390.6,12.29,True
PROD_1062,Enable Viral Vortals,Eletrônicos,Áudio,168.82,14.6,True
PROD_1063,E-Enable Customized E-Business,Saúde e Beleza,Cabelos,86.37,20.1,True
PROD_1064,Streamline Synergistic Synergies,Informática,Periféricos,163.0,11.15,True
PROD_1065,Synthesize Global Solutions,Moda,Roupas Masculinas,13.84,6.47,True
PROD_1066,Transition Integrated Schemas,Livros,Ficção,1095.0,26.56,True
PROD_1067,Deliver Rich E-Markets,Eletrônicos,Smartphones,348.86,29.43,True
PROD_1068,Innovate Holistic E-Markets,Alimentos,Importados,521.56,0.7,True
PROD_1069,Unleash Visionary Models,Eletrônicos,TVs,93.4,16.44,True
PROD_1070,Leverage Strategic Networks,Esportes,Futebol,58.42,10.32,True
PROD_1071,Utilize Magnetic Technologies,Automotivo,Óleos,40.08,8.38,True
PROD_1072,Integrate Efficient E-Services,Eletrônicos,Smartphones,238.96,10.14,True
PROD_1073,Incubate Front-End Communities,Esportes,Fitness,48.66,19.2,False
PROD_1074,Revolutionize Ubiquitous Networks,Saúde e Beleza,Cabelos,71.89,5.8,True
PROD_1075,Extend Rich Schemas,Saúde e Beleza,Vitaminas,173.41,27.39,True
PROD_1076,Deliver One-To-One Networks,Brinquedos,Jogos,40.81,14.04,True
PROD_1077,Embrace Real-Time Users,Eletrônicos,TVs,315.05,9.83,True
PROD_1078,Transition Bricks-And-Clicks Users,Alimentos,Orgânicos,88.12,22.99,True
PROD_1079,Transition Revolutionary Systems,Eletrônicos,Câmeras,14.74,0.59,True
PROD_1080,Incubate Killer E-Commerce,Alimentos,Saudáveis,40.29,13.01,True
PROD_1081,Transform Interactive Content,Casa e Decoração,Quadros,432.6,10.72,True
PROD_1082,Cultivate Robust Systems,Brinquedos,Educativos,29.24,10.21,True
PROD_1083,Morph Cross-Media Infrastructures,Casa e Decoração,Móveis,263.19,10.18,False
PROD_1084,Grow 24/7 Action-Items,Eletrônicos,TVs,104.17,1.04,False
PROD_1085,Architect Cross-Media E-Business,Brinquedos,Bonecas,73.26,4.65,True
PROD_1086,Whiteboard Cutting-Edge Communities,Casa e Decoração,Iluminação,1835.57,4.34,True
PROD_1087,Re-Intermediate Global E-Tailers,Moda,Calçados,19.28,29.66,True
PROD_1088,Transition Best-Of-Breed Markets,Eletrônicos,Câmeras,37.03,0.76,True
PROD_1089,Maximize Cross-Media Users,Casa e Decoração,Móveis,87.52,5.1,True
PROD_1090,Empower Frictionless Vortals,Moda,Calçados,1634.18,29.23,True
PROD_1091,Unleash Distributed Technologies,Moda,Acessórios,87.77,18.88,True
PROD_1092,Maximize Real-Time Mindshare,Saúde e Beleza,Perfumes,125.1,13.57,False
PROD_1093,Productize Mission-Critical Channels,Eletrônicos,Áudio,60.16,2.45,True
PROD_1094,Engineer Transparent Markets,Moda,Roupas Femininas,138.43,20.12,True
PROD_1095,Empower End-To-End Channels,Saúde e Beleza,Maquiagem,64.81,4.22,True
PROD_1096,Incentivize B2B Vortals,Casa e Decoração,Iluminação,207.35,20.17,True
PROD_1097,E-Enable Interactive Methodologies,Esportes,Natação,227.93,29.38,True
PROD_1098,Strategize Holistic Eyeballs,Eletrônicos,TVs,67.97,16.01,False
PROD_1099,Maximize Real-Time Functionalities,Brinquedos,Eletrônicos,23.32,6.5,True
PROD_1100,Deploy Enterprise Systems,Alimentos,Bebidas,100.71,18.8,True
PROD_1101,Optimize E-Business Interfaces,Alimentos,Doces,484.22,15.44,True
PROD_1102,Deliver Efficient Relationships,Casa e Decoração,Iluminação,33.38,16.04,True
PROD_1103,Target Holistic Vortals,Informática,Notebooks,134.38,14.4,True
PROD_1104,Benchmark Clicks-And-Mortar Infrastructures,Informática,Componentes,21.18,20.24,False
PROD_1105,Drive Ubiquitous Functionalities,Casa e Decoração,Iluminação,25.85,17.2,True
PROD_1106,Repurpose Synergistic Partnerships,Moda,Roupas Masculinas,428.56,29.61,True
PROD_1107,Generate Impactful E-Tailers,Eletrônicos,Acessórios,206.4,24.79,True
PROD_1108,Brand Killer Models,Alimentos,Importados,136.83,8.01,False
PROD_1109,Empower World-Class Technologies,Alimentos,Saudáveis,10.0,21.8,True
PROD_1110,Facilitate End-To-End Networks,Moda,Roupas Masculinas,46.36,6.51,True
PROD_1111,Iterate Holistic Supply-Chains,Alimentos,Saudáveis,186.45,23.49,True
PROD_1112,Productize Scalable Paradigms,Brinquedos,Educativos,15.82,4.51,True
PROD_1113,Transform Ubiquitous Web-Readiness,Eletrônicos,Smartphones,58.87,14.26,True
PROD_1114,Embrace Granular Systems,Automotivo,Som,225.88,23.74,True
PROD_1115,Target Clicks-And-Mortar E-Commerce,Alimentos,Bebidas,14.68,8.48,True
PROD_1116,Aggregate End-To-End Experiences,Casa e Decoração,Iluminação,12.0,25.13,True
PROD_1117,Monetize Granular Niches,Brinquedos,Educativos,14.99,19.36,True
PROD_1118,Evolve Bricks-And-Clicks Portals,Alimentos,Doces,134.48,11.99,True
PROD_1119,Evolve Out-Of-The-Box Web Services,Brinquedos,Educativos,46.14,12.76,True
PROD_1120,Productize Frictionless Markets,Saúde e Beleza,Vitaminas,258.18,27.79,True
PROD_1121,Strategize Extensible E-Services,Automotivo,Peças,104.09,6.61,True
PROD_1122,Brand E-Business Platforms,Livros,Ficção,859.75,20.83,True
PROD_1123,Implement Killer Info-Mediaries,Casa e Decoração,Utilidades,20.39,21.25,False
PROD_1124,Optimize End-To-End Applications,Casa e Decoração,Iluminação,134.04,27.68,True
PROD_1125,Enhance Visionary Synergies,Eletrônicos,TVs,34.67,21.42,True
PROD_1126,Implement Cross-Platform Initiatives,Brinquedos,Bonecas,184.98,17.58,True
PROD_1127,Cultivate Cutting-Edge Channels,Moda,Infantil,103.95,27.09,True
PROD_1128,Syndicate Intuitive E-Services,Casa e Decoração,Utilidades,27.34,24.89,True
PROD_1129,Synergize E-Business Platforms,Brinquedos,Jogos,74.55,21.53,True
PROD_1130,Transform Turn-Key Relationships,Brinquedos,Eletrônicos,98.27,1.07,True
PROD_1131,Matrix Seamless Channels,Esportes,Futebol,43.85,11.27,True
PROD_1132,Synergize Global Experiences,Esportes,Ciclismo,215.42,18.99,True
PROD_1133,Innovate B2B Partnerships,Livros,Ficção,26.12,15.72,True
PROD_1134,Mesh Value-Added E-Business,Saúde e Beleza,Maquiagem,1106.78,9.65,True
PROD_1135,Visualize Frictionless Systems,Livros,Técnicos,282.71,4.42,True
PROD_1136,Seize Killer Functionalities,Alimentos,Doces,136.8,16.63,True
PROD_1137,Extend B2C E-Markets,Moda,Infantil,2736.34,8.65,False
PROD_1138,Re-Intermediate Visionary E-Tailers,Alimentos,Saudáveis,62.11,7.07,True
PROD_1139,Evolve Mission-Critical Channels,Informática,Periféricos,187.48,12.03,True
PROD_1140,Engineer 24/7 Applications,Alimentos,Bebidas,117.59,23.59,True
PROD_1141,Drive Integrated Convergence,Eletrônicos,Smartphones,234.38,14.69,True
PROD_1142,Brand Turn-Key Channels,Alimentos,Bebidas,542.04,6.57,True
PROD_1143,Incentivize Efficient Experiences,Livros,Acadêmicos,173.95,3.6,True
PROD_1144,Evolve Interactive Schemas,Casa e Decoração,Quadros,314.24,15.02,True
PROD_1145,Expedite Front-End Web-Readiness,Casa e Decoração,Iluminação,46.5,23.85,False
PROD_1146,Iterate Seamless E-Tailers,Esportes,Corrida,70.29,19.62,True
PROD_1147,Mesh Dynamic Interfaces,Moda,Acessórios,642.87,7.04,True
PROD_1148,Envisioneer Scalable Action-Items,Moda,Calçados,184.24,13.16,True
PROD_1149,Synthesize Integrated Initiatives,Eletrônicos,Câmeras,121.27,25.67,True
PROD_1150,Incentivize Rich Functionalities,Livros,Ficção,36.46,5.41,True
PROD_1151,Expedite Intuitive Deliverables,Esportes,Ciclismo,287.12,16.01,True
PROD_1152,Matrix Value-Added Relationships,Informática,Componentes,35.24,10.75,True
PROD_1153,Re-Contextualize Turn-Key Channels,Moda,Acessórios,24.74,3.81,True
PROD_1154,Synergize Next-Generation Relationships,Casa e Decoração,Utilidades,103.33,1.59,True
PROD_1155,Incubate Virtual Info-Mediaries,Alimentos,Importados,10.0,16.72,True
PROD_1156,Revolutionize Intuitive Web-Readiness,Alimentos,Orgânicos,187.41,0.72,True
PROD_1157,Benchmark Innovative Synergies,Esportes,Natação,141.5,3.19,True
PROD_1158,Morph Killer Paradigms,Livros,Técnicos,58.95,10.49,True
PROD_1159,Re-Contextualize Leading-Edge Interfaces,Livros,Ficção,65.72,1.4,True
PROD_1160,Deliver Front-End Functionalities,Saúde e Beleza,Maquiagem,78.01,12.07,True
PROD_1161,Unleash Next-Generation E-Commerce,Automotivo,Acessórios,34.92,4.0,True
PROD_1162,Scale Wireless Infrastructures,Moda,Acessórios,112.34,10.56,True
PROD_1163,Whiteboard B2C Niches,Livros,Ficção,66.73,23.76,True
PROD_1164,Evolve Extensible Infrastructures,Casa e Decoração,Iluminação,103.02,18.83,False
PROD_1165,Deliver Best-Of-Breed Eyeballs,Esportes,Ciclismo,74.67,13.42,True
PROD_1166,Incubate World-Class Interfaces,Informática,Componentes,58.97,2.85,True
PROD_1167,Benchmark Innovative Content,Saúde e Beleza,Maquiagem,125.74,18.61,True
PROD_1168,Scale User-Centric Action-Items,Brinquedos,Educativos,229.83,4.99,True
PROD_1169,Streamline Interactive Infrastructures,Eletrônicos,TVs,47.96,2.39,True
PROD_1170,Re-Contextualize User-Centric Initiatives,Informática,Componentes,144.69,19.95,False
PROD_1171,Target Leading-Edge Content,Brinquedos,Educativos,167.89,27.37,True
PROD_1172,Repurpose Virtual Initiatives,Alimentos,Doces,19.29,13.87,False
PROD_1173,Implement Global Synergies,Eletrônicos,Smartphones,290.57,1.33,True
PROD_1174,Leverage Rich Convergence,Moda,Acessórios,1061.82,26.42,True
PROD_1175,Mesh Back-End Communities,Casa e Decoração,Móveis,80.99,2.1,True
PROD_1176,Disintermediate End-To-End Niches,Eletrônicos,Áudio,73.3,26.04,True
PROD_1177,Drive 24/7 Web-Readiness,Automotivo,Óleos,69.71,11.82,True
PROD_1178,Facilitate Cutting-Edge Niches,Brinquedos,Educativos,189.56,11.03,True
PROD_1179,Mesh Innovative Portals,Moda,Roupas Femininas,166.16,16.33,True
PROD_1180,Unleash Intuitive Models,Automotivo,Óleos,13.35,28.72,True
PROD_1181,Target Bricks-And-Clicks Markets,Alimentos,Doces,31.84,26.97,True
PROD_1182,Synthesize Frictionless Relationships,Automotivo,Ferramentas,165.47,14.16,True
PROD_1183,Leverage Dot-Com Platforms,Saúde e Beleza,Cabelos,75.64,20.91,True
PROD_1184,Productize One-To-One E-Services,Saúde e Beleza,Vitaminas,22.21,17.45,True
PROD_1185,Extend Clicks-And-Mortar Paradigms,Esportes,Ciclismo,544.74,20.83,True
PROD_1186,Iterate Value-Added Action-Items,Informática,Notebooks,34.48,24.9,True
PROD_1187,Integrate Collaborative Relationships,Informática,Notebooks,93.97,1.13,True
PROD_1188,Synergize B2C Roi,Moda,Roupas Masculinas,73.27,9.84,True
PROD_1189,Re-Contextualize Robust Schemas,Alimentos,Orgânicos,24.67,28.78,True
PROD_1190,Exploit Next-Generation E-Services,Livros,Técnicos,112.39,28.49,False
PROD_1191,Harness Interactive E-Markets,Saúde e Beleza,Cabelos,144.1,0.44,True
PROD_1192,Redefine Turn-Key Niches,Moda,Acessórios,51.36,6.12,True
PROD_1193,Transition Intuitive Networks,Livros,Autoajuda,60.13,29.81,True
PROD_1194,Disintermediate 24/7 Mindshare,Informática,Notebooks,185.04,14.84,True
PROD_1195,Innovate Scalable Roi,Esportes,Corrida,10.0,17.23,True
PROD_1196,Enhance Revolutionary Interfaces,Automotivo,Acessórios,32.65,5.08,False
PROD_1197,Optimize Plug-And-Play Technologies,Saúde e Beleza,Maquiagem,116.29,26.84,False
PROD_1198,Revolutionize Extensible Vortals,Moda,Roupas Masculinas,47.84,7.01,True
PROD_1199,Evolve Ubiquitous Synergies,Eletrônicos,TVs,47.03,5.77,True
PROD_1200,Disintermediate 24/365 Technologies,Livros,Ficção,265.61,6.92,True
PROD_1201,Maximize Seamless E-Business,Automotivo,Som,42.1,27.6,False
PROD_1202,Incentivize Plug-And-Play Relationships,Saúde e Beleza,Vitaminas,967.79,21.12,True
PROD_1203,Benchmark Rich Solutions,Informática,Componentes,10.96,23.08,True
PROD_1204,Drive Interactive Eyeballs,Alimentos,Doces,10.0,11.37,True
PROD_1205,Implement Transparent Web-Readiness,Livros,Autoajuda,258.46,27.28,False
PROD_1206,Enhance Cross-Media Functionalities,Informática,Software,27.64,23.7,False
PROD_1207,E-Enable Value-Added Supply-Chains,Saúde e Beleza,Maquiagem,28.21,22.54,True
PROD_1208,Implement Enterprise Content,Livros,Infantil,293.44,29.13,True
PROD_1209,Transform Best-Of-Breed Deliverables,Automotivo,Acessórios,49.56,11.05,True
PROD_1210,Incentivize Next-Generation Models,Saúde e Beleza,Vitaminas,268.39,18.37,True
PROD_1211,Streamline B2B Niches,Brinquedos,Educativos,43.27,27.31,True
PROD_1212,Evolve Revolutionary E-Services,Moda,Acessórios,139.08,23.75,True
PROD_1213,Productize Transparent Relationships,Automotivo,Acessórios,48.73,16.95,True
PROD_1214,Target Strategic Applications,Livros,Autoajuda,29.85,2.38,False
PROD_1215,Transform Global Functionalities,Alimentos,Bebidas,718.18,19.62,True
PROD_1216,Transition Impactful Partnerships,Informática,Software,343.69,15.84,True
PROD_1217,Benchmark Leading-Edge E-Commerce,Eletrônicos,TVs,37.64,5.61,True
PROD_1218,Repurpose End-To-End Action-Items,Informática,Redes,72.67,26.48,True
PROD_1219,Envisioneer Back-End Vortals,Livros,Técnicos,529.26,10.36,True
PROD_1220,Re-Contextualize Impactful Vortals,Informática,Software,27.5,11.69,True
PROD_1221,Harness Customized Niches,Moda,Acessórios,29.34,20.2,True
PROD_1222,Enhance Intuitive Solutions,Saúde e Beleza,Vitaminas,158.23,14.72,True
PROD_1223,Enable Sticky Eyeballs,Eletrônicos,TVs,1372.78,2.77,True
PROD_1224,Transform Frictionless Systems,Casa e Decoração,Iluminação,96.02,11.68,True
PROD_1225,Target Turn-Key E-Markets,Livros,Ficção,317.28,2.92,True
PROD_1226,Embrace Synergistic E-Tailers,Esportes,Ciclismo,26.55,5.8,True
PROD_1227,Grow Extensible Bandwidth,Casa e Decoração,Móveis,138.83,0.31,True
PROD_1228,Morph 24/7 Infrastructures,Informática,Redes,58.47,5.52,True
PROD_1229,Leverage Seamless Metrics,Livros,Técnicos,845.52,9.98,True
PROD_1230,Integrate Killer Vortals,Brinquedos,Veículos,613.04,16.19,True
PROD_1231,Orchestrate E-Business Action-Items,Esportes,Natação,1387.56,27.59,False
PROD_1232,Seize Impactful Mindshare,Eletrônicos,Áudio,39.07,16.26,False
PROD_1233,Streamline Seamless Portals,Alimentos,Importados,93.93,21.2,False
PROD_1234,Transition Virtual Web-Readiness,Brinquedos,Veículos,141.2,10.79,True
PROD_1235,Strategize Customized Schemas,Casa e Decoração,Iluminação,40.95,22.57,True
PROD_1236,Extend Interactive Platforms,Saúde e Beleza,Vitaminas,105.35,18.65,True
PROD_1237,Target Sticky Channels,Moda,Calçados,267.94,13.85,True
PROD_1238,Embrace Value-Added Markets,Alimentos,Orgânicos,46.51,5.89,True
PROD_1239,E-Enable Magnetic Channels,Brinquedos,Veículos,38.71,9.18,True
PROD_1240,Aggregate Wireless Relationships,Saúde e Beleza,Cabelos,35.75,18.67,True
PROD_1241,Innovate Strategic Applications,Saúde e Beleza,Cabelos,17.95,12.84,False
PROD_1242,Benchmark Back-End Partnerships,Livros,Autoajuda,250.83,26.69,True
PROD_1243,Utilize Innovative Solutions,Brinquedos,Jogos,38.6,7.12,False
PROD_1244,Productize Visionary Channels,Eletrônicos,Câmeras,34.01,2.28,True
PROD_1245,Evolve Open-Source Initiatives,Informática,Redes,169.84,17.72,True
PROD_1246,Integrate Plug-And-Play Markets,Esportes,Corrida,88.88,26.59,False
PROD_1247,Leverage User-Centric Interfaces,Esportes,Ciclismo,47.91,11.01,True
PROD_1248,Synthesize Proactive Architectures,Casa e Decoração,Tapetes,238.12,19.47,True
PROD_1249,Innovate Cutting-Edge Roi,Casa e Decoração,Tapetes,45.67,7.02,True
PROD_1250,Seize Killer Roi,Esportes,Natação,10.0,16.8,False
PROD_1251,Empower Efficient Systems,Eletrônicos,Áudio,445.81,23.63,True
PROD_1252,Matrix B2C Paradigms,Moda,Infantil,33.32,26.02,True
PROD_1253,Re-Intermediate Interactive Experiences,Automotivo,Óleos,37.99,3.24,True
PROD_1254,Envisioneer Rich E-Markets,Informática,Software,38.19,10.76,True
PROD_1255,Matrix Compelling Markets,Moda,Calçados,96.69,19.23,True
PROD_1256,Evolve Efficient Architectures,Livros,Acadêmicos,64.77,1.14,False
PROD_1257,Enable Next-Generation Solutions,Automotivo,Óleos,294.62,20.75,True
PROD_1258,Visualize Interactive Functionalities,Automotivo,Óleos,648.16,15.89,False
PROD_1259,Exploit Vertical Architectures,Brinquedos,Jogos,39.84,8.73,True
PROD_1260,Generate Synergistic Info-Mediaries,Eletrônicos,Acessórios,29.21,24.46,True
PROD_1261,Incubate Holistic Convergence,Eletrônicos,Acessórios,48.12,8.77,False
PROD_1262,Redefine World-Class Architectures,Automotivo,Som,152.46,29.74,True
PROD_1263,Empower Viral Web-Readiness,Brinquedos,Educativos,78.29,24.51,True
PROD_1264,Harness Magnetic Web-Readiness,Informática,Componentes,49.38,21.27,False
PROD_1265,Productize Efficient Markets,Automotivo,Som,18.98,1.93,True
PROD_1266,Exploit Collaborative Deliverables,Alimentos,Bebidas,10.0,27.14,True
PROD_1267,Seize Bleeding-Edge Communities,Casa e Decoração,Iluminação,26.96,23.72,True
PROD_1268,Transform Interactive Web Services,Casa e Decoração,Utilidades,410.47,6.95,True
PROD_1269,Incentivize Real-Time Users,Moda,Infantil,151.9,11.83,False
PROD_1270,Transition Leading-Edge E-Services,Livros,Ficção,71.53,8.13,True
PROD_1271,Maximize Integrated Convergence,Casa e Decoração,Tapetes,216.1,29.53,True
PROD_1272,Re-Contextualize Virtual Roi,Saúde e Beleza,Maquiagem,19.19,25.64,True
PROD_1273,Incentivize Turn-Key Convergence,Moda,Infantil,96.36,27.91,True
PROD_1274,Redefine Proactive Convergence,Casa e Decoração,Tapetes,10.55,23.68,True
PROD_1275,Maximize B2B Networks,Livros,Técnicos,136.35,13.74,True
PROD_1276,Aggregate Rich Users,Eletrônicos,Câmeras,122.91,6.24,True
PROD_1277,Monetize Virtual Models,Eletrônicos,Câmeras,126.47,6.32,True
PROD_1278,Integrate E-Business Markets,Informática,Periféricos,365.45,4.64,True
PROD_1279,Enhance Magnetic Web-Readiness,Automotivo,Peças,228.42,16.44,True
PROD_1280,Mesh Compelling Synergies,Alimentos,Orgânicos,21.1,27.61,True
PROD_1281,Facilitate 24/365 Channels,Eletrônicos,TVs,372.14,29.75,True
PROD_1282,Facilitate Virtual Vortals,Brinquedos,Educativos,70.01,8.69,False
PROD_1283,Streamline Vertical Eyeballs,Casa e Decoração,Móveis,10.0,20.95,True
PROD_1284,Benchmark B2B Initiatives,Brinquedos,Bonecas,79.0,17.95,True
PROD_1285,Iterate Bricks-And-Clicks Partnerships,Livros,Infantil,195.69,14.72,True
PROD_1286,Disintermediate Impactful Applications,Eletrônicos,Smartphones,26.67,20.01,True
PROD_1287,Transform Cross-Platform Content,Alimentos,Doces,445.6,11.2,True
PROD_1288,Harness Global Communities,Livros,Autoajuda,29.73,28.34,True
PROD_1289,Drive User-Centric Functionalities,Saúde e Beleza,Maquiagem,50.54,21.19,True
PROD_1290,Synthesize Turn-Key Roi,Saúde e Beleza,Cabelos,40.54,22.65,True
PROD_1291,Unleash Synergistic E-Services,Brinquedos,Jogos,11.58,7.35,True
PROD_1292,Repurpose Virtual Architectures,Automotivo,Acessórios,27.34,5.14,True
PROD_1293,Monetize Distributed Channels,Moda,Infantil,38.31,11.89,True
PROD_1294,Reinvent Clicks-And-Mortar Networks,Automotivo,Peças,77.01,23.02,True
PROD_1295,Strategize Robust Roi,Informática,Redes,10.0,28.17,False
PROD_1296,Expedite Turn-Key E-Business,Automotivo,Acessórios,212.7,12.88,True
PROD_1297,Enhance Sticky Models,Informática,Software,210.19,23.25,True
PROD_1298,Orchestrate Open-Source Partnerships,Informática,Componentes,371.58,14.17,True
PROD_1299,Incentivize Cross-Media Vortals,Alimentos,Orgânicos,15.03,8.93,True
PROD_1300,Leverage E-Business Web Services,Eletrônicos,Câmeras,63.35,22.2,True
PROD_1301,Whiteboard Open-Source Systems,Alimentos,Bebidas,278.58,23.97,False
PROD_1302,Implement Back-End E-Tailers,Informática,Periféricos,308.89,6.16,True
PROD_1303,Incentivize Innovative Convergence,Livros,Técnicos,530.98,9.22,True
PROD_1304,Morph Sticky Synergies,Saúde e Beleza,Cabelos,101.83,14.89,True
PROD_1305,Streamline Integrated Systems,Informática,Componentes,84.17,5.68,True
PROD_1306,Drive Next-Generation Communities,Alimentos,Importados,13.88,27.87,True
PROD_1307,Matrix Transparent Models,Livros,Ficção,323.06,17.78,False
PROD_1308,Matrix Enterprise Convergence,Alimentos,Doces,51.81,3.72,True
PROD_1309,Incubate Enterprise Platforms,Automotivo,Peças,93.76,5.6,True
PROD_1310,E-Enable Compelling Networks,Casa e Decoração,Iluminação,86.54,28.64,True
PROD_1311,Visualize Magnetic Communities,Brinquedos,Jogos,10.0,22.17,True
PROD_1312,Grow Intuitive Paradigms,Moda,Calçados,34.0,22.06,True
PROD_1313,Envisioneer Vertical Vortals,Alimentos,Doces,155.19,2.27,True
PROD_1314,Morph Sticky Partnerships,Moda,Infantil,84.92,26.87,True
PROD_1315,Facilitate Frictionless Architectures,Esportes,Natação,156.68,13.37,True
PROD_1316,Leverage Intuitive Schemas,Alimentos,Orgânicos,230.58,19.83,True
PROD_1317,Productize E-Business Supply-Chains,Casa e Decoração,Utilidades,33.52,28.79,True
PROD_1318,Expedite Compelling Web-Readiness,Moda,Acessórios,48.51,3.09,True
PROD_1319,Brand Frictionless Metrics,Informática,Redes,75.99,14.52,True
PROD_1320,Matrix User-Centric Communities,Alimentos,Saudáveis,227.74,1.58,True
PROD_1321,Streamline Mission-Critical Supply-Chains,Eletrônicos,TVs,67.97,15.04,True
PROD_1322,Architect Dynamic E-Markets,Brinquedos,Veículos,10.62,7.64,False
PROD_1323,Scale Back-End Web Services,Casa e Decoração,Utilidades,70.96,27.34,True
PROD_1324,Envisioneer Seamless Action-Items,Moda,Roupas Femininas,217.01,12.01,True
PROD_1325,Transform Scalable Interfaces,Casa e Decoração,Utilidades,458.71,19.05,True
PROD_1326,Maximize Holistic Eyeballs,Livros,Acadêmicos,126.05,25.82,True
PROD_1327,Streamline Bricks-And-Clicks Synergies,Brinquedos,Veículos,15.13,29.51,True
PROD_1328,Brand E-Business Technologies,Informática,Periféricos,55.28,15.16,True
PROD_1329,Transition Compelling Solutions,Alimentos,Doces,159.19,13.73,True
PROD_1330,Transform Proactive E-Tailers,Alimentos,Bebidas,254.54,2.36,True
PROD_1331,Leverage Distributed Infrastructures,Alimentos,Bebidas,165.42,0.48,True
PROD_1332,Syndicate One-To-One Content,Brinquedos,Jogos,66.56,18.3,True
PROD_1333,Generate Impactful Info-Mediaries,Eletrônicos,Acessórios,252.2,2.06,True
PROD_1334,Synthesize Back-End Infrastructures,Esportes,Natação,41.73,11.47,True
PROD_1335,Visualize Integrated Roi,Saúde e Beleza,Vitaminas,112.35,0.21,True
PROD_1336,Disintermediate Enterprise Relationships,Automotivo,Acessórios,221.35,18.5,True
PROD_1337,Reinvent Customized Paradigms,Moda,Roupas Femininas,179.82,12.82,True
PROD_1338,Morph Visionary Bandwidth,Eletrônicos,Smartphones,184.73,3.9,True
PROD_1339,Morph Magnetic Niches,Informática,Componentes,179.24,8.96,False
PROD_1340,Maximize Leading-Edge Eyeballs,Moda,Roupas Femininas,25.57,17.13,True
PROD_1341,Engineer Mission-Critical Infrastructures,Alimentos,Importados,91.93,19.74,True
PROD_1342,Repurpose Cross-Media Users,Casa e Decoração,Iluminação,30.23,13.92,False
PROD_1343,Deploy Bleeding-Edge Schemas,Informática,Software,63.6,24.14,True
PROD_1344,Streamline Integrated Deliverables,Moda,Infantil,22.14,3.46,True
PROD_1345,Deploy Collaborative Networks,Alimentos,Bebidas,136.18,2.63,False
PROD_1346,Matrix Web-Enabled Info-Mediaries,Moda,Roupas Masculinas,10.0,1.42,True
PROD_1347,Monetize Strategic Interfaces,Casa e Decoração,Tapetes,188.81,16.12,True
PROD_1348,Productize Robust Mindshare,Alimentos,Orgânicos,91.69,21.22,True
PROD_1349,Maximize B2B Initiatives,Esportes,Natação,882.35,4.0,True
PROD_1350,Engineer Customized Roi,Eletrônicos,Smartphones,70.42,19.2,True
PROD_1351,Leverage Killer Solutions,Livros,Autoajuda,70.4,14.36,True
PROD_1352,Enable Revolutionary E-Commerce,Automotivo,Ferramentas,204.19,29.62,True
PROD_1353,Evolve User-Centric Solutions,Brinquedos,Jogos,75.51,21.55,True
PROD_1354,Transition B2B Metrics,Automotivo,Óleos,125.19,19.76,False
PROD_1355,Morph Turn-Key Partnerships,Informática,Periféricos,296.87,17.16,True
PROD_1356,Evolve Integrated Schemas,Automotivo,Peças,65.3,29.92,False
PROD_1357,Strategize World-Class Niches,Alimentos,Doces,377.78,29.42,True
PROD_1358,Mesh Ubiquitous Synergies,Esportes,Futebol,12.0,16.19,True
PROD_1359,Generate Next-Generation Initiatives,Livros,Técnicos,616.57,13.71,True
PROD_1360,Deploy B2C Eyeballs,Eletrônicos,TVs,10.53,13.92,True
PROD_1361,Maximize Mission-Critical Platforms,Eletrônicos,Smartphones,456.06,12.91,True
PROD_1362,Maximize Mission-Critical Technologies,Casa e Decoração,Tapetes,10.0,15.99,True
PROD_1363,Cultivate Cross-Media E-Markets,Brinquedos,Jogos,969.42,8.28,True
PROD_1364,Morph Integrated Experiences,Moda,Roupas Masculinas,109.19,27.81,True
PROD_1365,Synthesize Collaborative Paradigms,Esportes,Natação,28.97,14.76,True
PROD_1366,Reinvent Efficient Interfaces,Moda,Infantil,843.99,25.28,True
PROD_1367,Orchestrate Wireless Paradigms,Livros,Ficção,24.37,14.31,False
PROD_1368,Strategize Open-Source Action-Items,Automotivo,Som,68.52,21.58,True
PROD_1369,Streamline Collaborative Niches,Eletrônicos,TVs,2050.12,10.17,True
PROD_1370,Productize Out-Of-The-Box Web-Readiness,Livros,Técnicos,144.7,18.78,False
PROD_1371,Facilitate Seamless Content,Automotivo,Peças,10.0,15.0,True
PROD_1372,Empower Holistic Methodologies,Eletrônicos,Acessórios,64.85,11.08,True
PROD_1373,Transform Bleeding-Edge Channels,Automotivo,Acessórios,58.32,26.46,True
PROD_1374,Monetize Visionary Vortals,Brinquedos,Veículos,112.87,3.47,True
PROD_1375,Empower Next-Generation Metrics,Esportes,Corrida,85.34,14.66,True
PROD_1376,Visualize E-Business Solutions,Informática,Componentes,173.3,5.91,True
PROD_1377,Grow Killer E-Markets,Livros,Técnicos,14.39,25.85,True
PROD_1378,Extend Holistic Deliverables,Livros,Acadêmicos,46.64,7.68,True
PROD_1379,Cultivate Out-Of-The-Box Markets,Saúde e Beleza,Maquiagem,130.87,19.04,True
PROD_1380,Deliver Granular Partnerships,Alimentos,Saudáveis,36.07,5.05,True
PROD_1381,Monetize Wireless Channels,Brinquedos,Veículos,335.34,12.21,False
PROD_1382,Revolutionize Proactive Roi,Brinquedos,Eletrônicos,36.95,26.99,True
PROD_1383,Aggregate 24/365 Markets,Moda,Roupas Femininas,106.91,5.07,True
PROD_1384,Incentivize Robust Bandwidth,Automotivo,Ferramentas,79.36,19.93,False
PROD_1385,Streamline Bricks-And-Clicks Solutions,Alimentos,Bebidas,26.64,6.21,True
PROD_1386,Empower Out-Of-The-Box Bandwidth,Esportes,Corrida,96.79,12.53,True
PROD_1387,Deliver Impactful Functionalities,Esportes,Futebol,18.65,16.26,True
PROD_1388,Re-Contextualize 24/7 Methodologies,Brinquedos,Jogos,52.86,17.36,True
PROD_1389,Utilize Web-Enabled Relationships,Esportes,Futebol,93.35,18.12,True
PROD_1390,Synthesize Customized Roi,Saúde e Beleza,Vitaminas,16.24,19.24,True
PROD_1391,Cultivate Collaborative Applications,Livros,Ficção,190.22,8.23,True
PROD_1392,Engage Cross-Media Convergence,Casa e Decoração,Utilidades,123.03,12.1,True
PROD_1393,Leverage Back-End Infrastructures,Informática,Notebooks,170.44,1.22,True
PROD_1394,Envisioneer Proactive Architectures,Moda,Acessórios,90.28,23.09,True
PROD_1395,Streamline Granular Networks,Automotivo,Acessórios,22.63,25.13,True
PROD_1396,Revolutionize Killer E-Services,Informática,Componentes,90.01,6.06,True
PROD_1397,Visualize Magnetic Methodologies,Automotivo,Acessórios,190.13,6.12,True
PROD_1398,Architect Real-Time Experiences,Eletrônicos,Acessórios,21.58,1.36,True
PROD_1399,Deploy Vertical Methodologies,Informática,Componentes,23.74,29.11,True
PROD_1400,Implement Collaborative Channels,Casa e Decoração,Iluminação,67.0,24.23,True
PROD_1401,Visualize Virtual Metrics,Brinquedos,Bonecas,57.65,10.89,True
PROD_1402,Exploit Value-Added E-Services,Saúde e Beleza,Perfumes,88.29,14.51,False
PROD_1403,Morph Extensible Experiences,Livros,Autoajuda,63.43,8.83,True
PROD_1404,Empower Cutting-Edge Architectures,Livros,Técnicos,109.07,17.96,True
PROD_1405,Iterate Cross-Media Bandwidth,Saúde e Beleza,Cabelos,390.01,21.55,True
PROD_1406,Morph Killer Bandwidth,Alimentos,Bebidas,171.75,13.48,True
PROD_1407,Monetize Impactful Applications,Eletrônicos,TVs,96.29,26.22,True
PROD_1408,Transform Clicks-And-Mortar Mindshare,Automotivo,Peças,23.85,15.56,False
PROD_1409,Repurpose Out-Of-The-Box Schemas,Casa e Decoração,Utilidades,37.85,4.41,True
PROD_1410,Visualize Front-End Content,Esportes,Futebol,247.17,18.71,True
PROD_1411,Innovate Sticky Info-Mediaries,Informática,Software,51.31,13.92,True
PROD_1412,Optimize Cross-Platform Niches,Eletrônicos,Áudio,28.18,28.08,True
PROD_1413,Whiteboard World-Class Niches,Informática,Software,1116.15,11.82,True
PROD_1414,Morph Seamless Solutions,Casa e Decoração,Tapetes,560.79,12.15,True
PROD_1415,Orchestrate Web-Enabled Markets,Moda,Roupas Femininas,77.53,19.56,True
PROD_1416,Exploit Wireless Web Services,Moda,Calçados,24.55,15.86,True
PROD_1417,Harness Global Web-Readiness,Eletrônicos,TVs,214.44,11.3,True
PROD_1418,Visualize Rich Technologies,Brinquedos,Jogos,49.99,29.69,True
PROD_1419,Morph Next-Generation Interfaces,Casa e Decoração,Quadros,261.45,9.14,True
PROD_1420,Synergize Robust Applications,Casa e Decoração,Iluminação,50.06,8.4,True
PROD_1421,Unleash Dynamic Supply-Chains,Saúde e Beleza,Cuidados Pessoais,648.38,25.95,True
PROD_1422,Drive Magnetic Methodologies,Brinquedos,Veículos,48.3,0.2,True
PROD_1423,Incubate Collaborative Web Services,Automotivo,Ferramentas,1537.14,6.12,True
PROD_1424,Seize Seamless Communities,Automotivo,Acessórios,113.76,17.75,True
PROD_1425,E-Enable Viral Technologies,Esportes,Ciclismo,473.98,4.96,True
PROD_1426,Transform Collaborative Channels,Livros,Acadêmicos,47.08,29.58,False
PROD_1427,Extend Back-End Schemas,Moda,Acessórios,18.66,13.98,True
PROD_1428,Engineer Viral Methodologies,Automotivo,Acessórios,10.0,17.96,True
PROD_1429,Productize Open-Source Experiences,Brinquedos,Eletrônicos,416.52,4.9,True
PROD_1430,Evolve Magnetic Convergence,Casa e Decoração,Iluminação,97.67,8.75,True
PROD_1431,Enhance Extensible E-Markets,Automotivo,Acessórios,20.14,18.48,True
PROD_1432,Generate Open-Source Relationships,Casa e Decoração,Quadros,437.84,16.53,True
PROD_1433,Morph Distributed Bandwidth,Automotivo,Ferramentas,360.39,23.55,True
PROD_1434,Iterate 24/7 Info-Mediaries,Moda,Roupas Masculinas,472.89,8.15,True
PROD_1435,Streamline Intuitive Info-Mediaries,Informática,Software,18.03,19.64,False
PROD_1436,Matrix Dynamic Mindshare,Automotivo,Som,401.7,8.8,True
PROD_1437,Embrace Enterprise Deliverables,Brinquedos,Eletrônicos,142.72,17.64,False
PROD_1438,Monetize Transparent Markets,Automotivo,Óleos,499.27,18.19,True
PROD_1439,Cultivate B2C Channels,Livros,Técnicos,172.65,3.74,True
PROD_1440,Aggregate Cross-Platform E-Markets,Moda,Acessórios,110.79,16.5,False
PROD_1441,Maximize Ubiquitous Eyeballs,Brinquedos,Eletrônicos,408.29,0.46,True
PROD_1442,Harness Viral Infrastructures,Saúde e Beleza,Perfumes,250.2,15.09,True
PROD_1443,Synthesize Open-Source Functionalities,Brinquedos,Eletrônicos,329.68,20.96,True
PROD_1444,Reinvent Turn-Key Functionalities,Livros,Técnicos,50.12,2.28,True
PROD_1445,Streamline Clicks-And-Mortar Systems,Informática,Periféricos,73.19,28.17,True
PROD_1446,Empower Best-Of-Breed Communities,Moda,Acessórios,11.24,13.82,True
PROD_1447,Maximize Granular Models,Saúde e Beleza,Cuidados Pessoais,45.96,28.16,True
PROD_1448,Generate E-Business Channels,Livros,Autoajuda,232.4,3.31,True
PROD_1449,Re-Intermediate User-Centric Functionalities,Livros,Acadêmicos,177.16,28.5,False
PROD_1450,Brand Wireless E-Commerce,Eletrônicos,Smartphones,27.79,3.36,True
PROD_1451,Syndicate Integrated Synergies,Moda,Acessórios,419.4,13.9,True
PROD_1452,Integrate 24/365 Relationships,Brinquedos,Bonecas,3189.73,28.15,True
PROD_1453,Implement World-Class Deliverables,Casa e Decoração,Quadros,30.47,7.06,True
PROD_1454,Aggregate Vertical Methodologies,Informática,Periféricos,70.31,1.14,True
PROD_1455,Implement Interactive E-Services,Casa e Decoração,Utilidades,42.7,23.81,True
PROD_1456,Scale Cross-Media Content,Brinquedos,Eletrônicos,80.33,17.92,False
PROD_1457,Enable Sticky Architectures,Brinquedos,Eletrônicos,125.05,15.47,True
PROD_1458,Deliver Extensible Communities,Moda,Infantil,38.99,1.13,True
PROD_1459,Optimize Revolutionary Content,Brinquedos,Eletrônicos,64.57,19.63,True
PROD_1460,Envisioneer Ubiquitous Deliverables,Eletrônicos,Acessórios,99.95,5.23,True
PROD_1461,Expedite Cross-Platform E-Commerce,Saúde e Beleza,Perfumes,158.53,27.94,True
PROD_1462,Matrix Global Supply-Chains,Brinquedos,Bonecas,523.11,20.6,True
PROD_1463,Productize Holistic Convergence,Casa e Decoração,Utilidades,88.47,21.24,False
PROD_1464,Engineer Dynamic Communities,Brinquedos,Bonecas,45.87,7.05,True
PROD_1465,Redefine Wireless Web-Readiness,Eletrônicos,Acessórios,207.6,26.43,True
PROD_1466,Enhance Magnetic Channels,Automotivo,Ferramentas,145.5,16.18,True
PROD_1467,Architect Vertical Applications,Automotivo,Som,71.42,25.73,True
PROD_1468,Deliver Frictionless Initiatives,Livros,Técnicos,161.1,8.2,True
PROD_1469,Disintermediate Robust Architectures,Informática,Notebooks,56.84,22.69,True
PROD_1470,Matrix Dot-Com Users,Esportes,Natação,47.63,17.28,True
PROD_1471,Re-Intermediate Scalable Metrics,Saúde e Beleza,Vitaminas,10.0,1.55,True
PROD_1472,Streamline Sticky Experiences,Alimentos,Orgânicos,60.73,12.22,True
PROD_1473,E-Enable Vertical Markets,Livros,Acadêmicos,10.86,5.6,True
PROD_1474,Scale One-To-One E-Markets,Informática,Notebooks,41.79,10.84,True
PROD_1475,Grow Enterprise Initiatives,Automotivo,Ferramentas,180.44,11.56,False
PROD_1476,Engage Dot-Com Info-Mediaries,Casa e Decoração,Móveis,14.79,14.3,True
PROD_1477,Scale B2C E-Tailers,Alimentos,Doces,71.68,18.05,True
PROD_1478,Scale Value-Added Content,Informática,Software,97.37,17.17,True
PROD_1479,Deploy Mission-Critical Web Services,Informática,Redes,67.61,1.27,True
PROD_1480,Mesh Real-Time E-Business,Livros,Autoajuda,50.52,22.55,True
PROD_1481,Expedite Global E-Markets,Alimentos,Importados,133.02,28.48,True
PROD_1482,E-Enable Sticky Mindshare,Moda,Infantil,157.11,10.53,True
PROD_1483,Drive 24/7 Technologies,Esportes,Futebol,90.18,5.47,True
PROD_1484,Embrace Sticky Models,Moda,Roupas Femininas,54.01,16.25,True
PROD_1485,Aggregate 24/365 Portals,Alimentos,Saudáveis,254.09,21.18,True
PROD_1486,E-Enable 24/365 Convergence,Moda,Roupas Femininas,18.67,20.4,False
PROD_1487,Unleash Transparent Technologies,Eletrônicos,Acessórios,205.38,18.4,False
PROD_1488,Leverage Revolutionary Schemas,Automotivo,Acessórios,148.95,4.47,True
PROD_1489,Synthesize Best-Of-Breed Info-Mediaries,Eletrônicos,Áudio,114.3,25.12,True
PROD_1490,Facilitate Web-Enabled Synergies,Brinquedos,Jogos,88.95,12.83,True
PROD_1491,Implement E-Business Initiatives,Moda,Acessórios,10.0,6.72,True
PROD_1492,E-Enable Rich Eyeballs,Brinquedos,Eletrônicos,475.72,2.68,True
PROD_1493,Evolve Intuitive Platforms,Casa e Decoração,Móveis,246.26,12.56,True
PROD_1494,Productize Dot-Com Experiences,Saúde e Beleza,Perfumes,28.4,18.58,True
PROD_1495,Enhance Ubiquitous Technologies,Casa e Decoração,Utilidades,223.76,19.99,False
PROD_1496,Morph Plug-And-Play Markets,Alimentos,Importados,112.91,28.89,True
PROD_1497,Transform Virtual Paradigms,Informática,Periféricos,44.72,4.68,True
PROD_1498,Iterate Distributed Relationships,Automotivo,Óleos,376.21,29.57,True
PROD_1499,Exploit Turn-Key E-Commerce,Moda,Roupas Masculinas,53.68,19.67,True
PROD_1500,Extend One-To-One Platforms,Livros,Acadêmicos,458.22,13.68,True
PROD_1501,Iterate Revolutionary Synergies,Saúde e Beleza,Cabelos,170.91,26.66,True
PROD_1502,Iterate Global Web Services,Esportes,Corrida,283.69,20.86,True
PROD_1503,Visualize Frictionless Supply-Chains,Esportes,Corrida,180.35,10.53,False
PROD_1504,Seize Visionary E-Business,Esportes,Futebol,170.59,26.53,True
PROD_1505,Empower E-Business Relationships,Moda,Acessórios,116.54,20.03,True
PROD_1506,Transition Cross-Platform Roi,Esportes,Natação,37.63,21.0,True
PROD_1507,Embrace Wireless Interfaces,Eletrônicos,TVs,97.03,26.9,True
PROD_1508,Target Real-Time Architectures,Saúde e Beleza,Vitaminas,270.34,13.51,False
PROD_1509,Scale Compelling E-Markets,Eletrônicos,Smartphones,213.39,19.74,True
PROD_1510,Visualize Frictionless Initiatives,Informática,Redes,164.27,22.37,True
PROD_1511,Enable Leading-Edge Communities,Saúde e Beleza,Maquiagem,10.0,13.67,True
PROD_1512,Transform Next-Generation Applications,Eletrônicos,Câmeras,69.7,2.6,True
PROD_1513,Syndicate Visionary Roi,Saúde e Beleza,Cabelos,61.44,23.17,True
PROD_1514,Re-Intermediate Enterprise Convergence,Informática,Componentes,23.95,1.53,True
PROD_1515,Re-Intermediate Proactive Methodologies,Brinquedos,Educativos,266.27,21.57,True
PROD_1516,Matrix End-To-End Info-Mediaries,Moda,Infantil,10.0,27.34,False
PROD_1517,Redefine Holistic Initiatives,Moda,Infantil,245.66,10.47,True
PROD_1518,Matrix Transparent Systems,Esportes,Futebol,443.67,3.15,True
PROD_1519,Integrate Innovative Portals,Casa e Decoração,Tapetes,69.98,7.06,True
PROD_1520,Visualize Turn-Key Synergies,Esportes,Corrida,82.33,16.91,True
PROD_1521,Unleash Magnetic Web Services,Alimentos,Bebidas,287.46,28.29,True
PROD_1522,Cultivate Cross-Platform Deliverables,Eletrônicos,TVs,36.0,15.42,True
PROD_1523,Mesh Mission-Critical E-Commerce,Saúde e Beleza,Perfumes,198.93,3.47,False
PROD_1524,Repurpose Interactive Info-Mediaries,Casa e Decoração,Quadros,29.92,18.87,True
PROD_1525,Seize Integrated Eyeballs,Informática,Software,20.89,22.01,True
PROD_1526,E-Enable Scalable Synergies,Alimentos,Bebidas,128.4,11.86,True
PROD_1527,Visualize Granular Mindshare,Informática,Software,87.18,21.67,True
PROD_1528,Iterate Collaborative Models,Moda,Roupas Femininas,11.41,9.81,True
PROD_1529,Cultivate Frictionless Partnerships,Moda,Acessórios,491.95,23.69,True
PROD_1530,Engineer Holistic Vortals,Esportes,Futebol,54.73,10.3,True
PROD_1531,Incentivize Open-Source Niches,Eletrônicos,Câmeras,166.14,7.76,True
PROD_1532,Streamline Magnetic Schemas,Casa e Decoração,Quadros,617.83,26.39,False
PROD_1533,Visualize Enterprise Interfaces,Automotivo,Som,121.16,16.5,True
PROD_1534,Transition Web-Enabled Infrastructures,Alimentos,Orgânicos,414.86,8.63,True
PROD_1535,Target Visionary Networks,Alimentos,Orgânicos,31.96,28.06,True
PROD_1536,Grow E-Business Models,Esportes,Fitness,495.31,20.76,True
PROD_1537,Grow Turn-Key Initiatives,Moda,Roupas Femininas,33.41,6.7,True
PROD_1538,Synthesize Vertical Platforms,Esportes,Fitness,45.36,18.48,True
PROD_1539,Strategize Transparent Paradigms,Saúde e Beleza,Cuidados Pessoais,15.71,26.12,True
PROD_1540,Engage Clicks-And-Mortar Infrastructures,Casa e Decoração,Tapetes,124.23,20.91,False
PROD_1541,Generate Seamless Mindshare,Eletrônicos,Áudio,191.93,7.42,True
PROD_1542,Engage Best-Of-Breed Experiences,Brinquedos,Jogos,225.92,19.5,True
PROD_1543,Repurpose Ubiquitous Supply-Chains,Livros,Técnicos,16.15,18.61,True
PROD_1544,Disintermediate Scalable E-Services,Livros,Ficção,141.17,24.64,True
PROD_1545,Iterate Ubiquitous Supply-Chains,Esportes,Natação,147.58,5.43,True
PROD_1546,Engage Collaborative Web Services,Saúde e Beleza,Perfumes,188.24,21.02,True
PROD_1547,Disintermediate Customized Initiatives,Casa e Decoração,Tapetes,35.61,0.92,True
PROD_1548,Transform Magnetic Synergies,Automotivo,Peças,10.0,20.92,True
PROD_1549,Facilitate Synergistic Functionalities,Livros,Autoajuda,210.14,28.82,True
PROD_1550,Exploit Distributed Schemas,Casa e Decoração,Iluminação,75.57,5.31,True
PROD_1551,Mesh Out-Of-The-Box Platforms,Eletrônicos,Smartphones,126.0,9.41,True
PROD_1552,Integrate Frictionless Models,Informática,Componentes,80.36,17.53,True
PROD_1553,Enable Transparent Platforms,Saúde e Beleza,Cuidados Pessoais,119.27,22.0,True
PROD_1554,Morph 24/365 Solutions,Moda,Roupas Femininas,218.01,10.4,True
PROD_1555,Embrace Impactful E-Tailers,Casa e Decoração,Móveis,10.0,19.96,True
PROD_1556,Target Dynamic Supply-Chains,Eletrônicos,Câmeras,353.97,26.99,True
PROD_1557,Transform Next-Generation Paradigms,Automotivo,Acessórios,72.34,21.82,False
PROD_1558,Re-Contextualize 24/7 Systems,Brinquedos,Educativos,634.28,21.36,True
PROD_1559,Target Global Models,Moda,Infantil,51.87,11.52,True
PROD_1560,Implement Scalable Schemas,Brinquedos,Bonecas,39.73,27.35,True
PROD_1561,Re-Contextualize User-Centric Applications,Automotivo,Ferramentas,75.34,8.39,True
PROD_1562,Syndicate Virtual Applications,Eletrônicos,Câmeras,164.02,6.24,True
PROD_1563,Reinvent End-To-End Platforms,Livros,Autoajuda,64.77,10.99,True
PROD_1564,Synergize World-Class Mindshare,Brinquedos,Bonecas,178.93,19.54,True
PROD_1565,Matrix Integrated E-Markets,Moda,Roupas Masculinas,56.57,25.86,True
PROD_1566,Expedite Interactive Niches,Esportes,Futebol,93.87,4.05,True
PROD_1567,Strategize Cross-Platform Technologies,Alimentos,Bebidas,1317.99,24.43,True
PROD_1568,Grow Global Channels,Casa e Decoração,Iluminação,138.2,24.4,False
PROD_1569,Deploy Seamless Schemas,Livros,Autoajuda,152.17,17.65,True
PROD_1570,Cultivate Turn-Key Schemas,Brinquedos,Educativos,15.38,22.84,True
PROD_1571,Whiteboard Killer Solutions,Informática,Redes,457.21,5.54,True
PROD_1572,Architect Distributed Methodologies,Casa e Decoração,Utilidades,323.68,5.17,True
PROD_1573,Seize End-To-End Experiences,Esportes,Natação,38.19,25.9,True
PROD_1574,Reinvent World-Class Initiatives,Automotivo,Ferramentas,316.1,14.99,True
PROD_1575,Engineer Synergistic Schemas,Alimentos,Orgânicos,133.72,7.45,True
PROD_1576,Syndicate Next-Generation Methodologies,Eletrônicos,Acessórios,95.17,20.69,True
PROD_1577,Extend Front-End E-Commerce,Esportes,Natação,423.75,26.77,True
PROD_1578,Exploit Value-Added Deliverables,Esportes,Natação,48.68,19.01,False
PROD_1579,Transform Proactive Architectures,Automotivo,Som,37.83,10.49,True
PROD_1580,Orchestrate Scalable Web Services,Saúde e Beleza,Cabelos,115.48,14.55,True
PROD_1581,Streamline 24/365 Niches,Automotivo,Peças,169.67,22.59,True
PROD_1582,Engineer Granular Technologies,Saúde e Beleza,Maquiagem,287.03,2.12,True
PROD_1583,Innovate Dot-Com Eyeballs,Saúde e Beleza,Cabelos,75.1,6.59,True
PROD_1584,E-Enable Leading-Edge Technologies,Livros,Acadêmicos,32.47,13.93,False
PROD_1585,Architect Robust Convergence,Livros,Infantil,1871.1,18.17,True
PROD_1586,Transition Customized Platforms,Moda,Infantil,24.44,10.24,True
PROD_1587,Re-Intermediate Magnetic Experiences,Brinquedos,Jogos,96.17,9.02,False
PROD_1588,Engage Integrated Action-Items,Brinquedos,Veículos,229.44,1.34,False
PROD_1589,Deliver Front-End Web Services,Eletrônicos,Câmeras,358.29,1.07,True
PROD_1590,Streamline Enterprise Architectures,Brinquedos,Veículos,45.58,8.43,True
PROD_1591,Deploy Turn-Key Schemas,Livros,Autoajuda,10.0,15.96,True
PROD_1592,Streamline Value-Added Portals,Moda,Calçados,44.33,16.74,False
PROD_1593,Aggregate Visionary E-Services,Moda,Infantil,253.05,14.87,True
PROD_1594,Redefine Out-Of-The-Box Applications,Saúde e Beleza,Vitaminas,193.45,12.36,True
PROD_1595,Incubate 24/365 Solutions,Automotivo,Peças,201.17,7.64,True
PROD_1596,Envisioneer Customized Roi,Eletrônicos,Câmeras,211.45,12.08,True
PROD_1597,Innovate Intuitive Roi,Saúde e Beleza,Cabelos,449.48,4.25,False
PROD_1598,Reinvent 24/7 Architectures,Automotivo,Ferramentas,35.48,3.55,True
PROD_1599,Integrate Cutting-Edge Niches,Brinquedos,Bonecas,21.38,9.07,False
PROD_1600,Engage Back-End Channels,Saúde e Beleza,Maquiagem,140.41,29.86,True
PROD_1601,Leverage Dot-Com Synergies,Casa e Decoração,Iluminação,25.58,9.86,False
PROD_1602,Facilitate Plug-And-Play Eyeballs,Brinquedos,Eletrônicos,19.82,28.1,True
PROD_1603,Integrate B2C Vortals,Automotivo,Acessórios,391.02,11.83,True
PROD_1604,Expedite Scalable Functionalities,Eletrônicos,TVs,121.56,13.23,False
PROD_1605,Re-Intermediate Seamless Models,Automotivo,Peças,93.15,23.93,True
PROD_1606,Generate Synergistic Partnerships,Saúde e Beleza,Cabelos,95.5,2.9,True
PROD_1607,Generate Turn-Key Deliverables,Saúde e Beleza,Cabelos,79.25,5.55,True
PROD_1608,Enhance Viral Deliverables,Esportes,Futebol,387.88,29.22,True
PROD_1609,Optimize Granular E-Markets,Eletrônicos,TVs,14.62,15.23,False
PROD_1610,Incubate Wireless Infrastructures,Informática,Periféricos,13.91,1.42,True
PROD_1611,Seize Magnetic E-Tailers,Brinquedos,Bonecas,29.26,1.52,True
PROD_1612,Repurpose Open-Source Supply-Chains,Moda,Acessórios,127.36,27.23,True
PROD_1613,Disintermediate Distributed E-Tailers,Eletrônicos,Áudio,785.57,26.21,True
PROD_1614,Engineer Collaborative Schemas,Moda,Infantil,255.42,13.81,True
PROD_1615,Transition Value-Added Initiatives,Eletrônicos,Smartphones,183.26,4.98,True
PROD_1616,Repurpose Cross-Media Systems,Eletrônicos,Câmeras,81.79,24.93,True
PROD_1617,Incentivize Interactive Paradigms,Automotivo,Peças,18.19,9.81,False
PROD_1618,Innovate World-Class Architectures,Eletrônicos,Acessórios,167.0,12.63,True
PROD_1619,Redefine One-To-One Architectures,Esportes,Ciclismo,1023.68,20.51,True
PROD_1620,Morph Front-End Web-Readiness,Informática,Notebooks,67.49,10.67,True
PROD_1621,Redefine Out-Of-The-Box Mindshare,Saúde e Beleza,Perfumes,45.93,18.9,True
PROD_1622,Exploit Customized Models,Alimentos,Bebidas,67.88,26.57,True
PROD_1623,Integrate Distributed Experiences,Moda,Infantil,184.88,23.94,True
PROD_1624,Aggregate World-Class Mindshare,Saúde e Beleza,Maquiagem,102.93,11.51,True
PROD_1625,Evolve Mission-Critical Communities,Alimentos,Bebidas,268.28,8.71,False
PROD_1626,Revolutionize Clicks-And-Mortar Functionalities,Informática,Redes,86.48,8.64,True
PROD_1627,Optimize Best-Of-Breed Web Services,Informática,Software,67.41,10.52,True
PROD_1628,Whiteboard Killer Methodologies,Moda,Calçados,118.49,14.86,False
PROD_1629,Brand Sticky E-Tailers,Moda,Calçados,47.11,12.56,True
PROD_1630,Incubate User-Centric Experiences,Informática,Redes,726.99,4.08,False
PROD_1631,Transition Intuitive Methodologies,Alimentos,Orgânicos,241.71,4.99,True
PROD_1632,Orchestrate Proactive Bandwidth,Eletrônicos,Smartphones,24.06,10.35,True
PROD_1633,Unleash Open-Source Paradigms,Brinquedos,Eletrônicos,36.78,16.91,True
PROD_1634,Evolve Intuitive Markets,Casa e Decoração,Móveis,177.4,17.82,True
PROD_1635,Reinvent Dot-Com Schemas,Saúde e Beleza,Cabelos,112.17,14.64,True
PROD_1636,Optimize Bleeding-Edge Portals,Automotivo,Óleos,129.41,22.19,True
PROD_1637,Deploy Integrated Systems,Saúde e Beleza,Perfumes,71.48,22.14,True
PROD_1638,Whiteboard Wireless E-Commerce,Automotivo,Ferramentas,155.43,12.89,True
PROD_1639,Harness Vertical Architectures,Alimentos,Orgânicos,73.53,3.82,True
PROD_1640,Innovate 24/7 Users,Automotivo,Ferramentas,176.98,15.95,True
PROD_1641,Implement Innovative Applications,Moda,Roupas Femininas,227.61,11.51,False
PROD_1642,Integrate Intuitive Convergence,Brinquedos,Educativos,618.99,4.22,True
PROD_1643,Re-Contextualize Sticky Technologies,Brinquedos,Educativos,48.54,29.46,False
PROD_1644,Generate Seamless Metrics,Moda,Roupas Femininas,88.82,11.16,True
PROD_1645,Evolve Front-End Systems,Esportes,Corrida,20.85,18.81,True
PROD_1646,Synergize Impactful Web Services,Alimentos,Saudáveis,805.54,14.75,True
PROD_1647,Utilize Collaborative Communities,Esportes,Natação,10.0,4.37,True
PROD_1648,Incubate Magnetic Channels,Esportes,Natação,678.2,1.76,False
PROD_1649,Extend Impactful Users,Saúde e Beleza,Vitaminas,100.7,18.81,True
PROD_1650,Envisioneer B2B Content,Informática,Notebooks,148.73,7.49,True
PROD_1651,Innovate Out-Of-The-Box Synergies,Saúde e Beleza,Vitaminas,73.79,7.39,True
PROD_1652,Engage B2B Initiatives,Informática,Software,93.44,28.71,True
PROD_1653,Integrate Clicks-And-Mortar Networks,Casa e Decoração,Utilidades,182.31,13.91,True
PROD_1654,Expedite Impactful Users,Automotivo,Acessórios,12.63,0.98,True
PROD_1655,Engage Strategic Content,Informática,Notebooks,41.16,10.26,True
PROD_1656,Architect Cross-Media E-Tailers,Moda,Infantil,32.65,17.58,True
PROD_1657,Deploy B2B Communities,Saúde e Beleza,Cuidados Pessoais,153.99,9.92,True
PROD_1658,Reinvent Magnetic E-Business,Alimentos,Bebidas,90.49,0.9,True
PROD_1659,E-Enable Dot-Com Solutions,Automotivo,Peças,188.99,13.38,True
PROD_1660,Embrace Viral Web Services,Casa e Decoração,Utilidades,109.7,3.27,True
PROD_1661,Exploit Scalable Schemas,Informática,Componentes,320.64,18.61,False
PROD_1662,Target Intuitive Technologies,Casa e Decoração,Iluminação,37.03,18.63,True
PROD_1663,Repurpose Innovative Portals,Alimentos,Saudáveis,96.52,1.23,True
PROD_1664,Transform 24/365 Applications,Esportes,Corrida,340.78,8.79,True
PROD_1665,Synthesize Open-Source Convergence,Brinquedos,Educativos,268.05,12.47,True
PROD_1666,Enable Web-Enabled Platforms,Alimentos,Importados,15.25,16.55,True
PROD_1667,Envisioneer Innovative Solutions,Livros,Ficção,26.43,8.95,True
PROD_1668,Harness Holistic Systems,Alimentos,Saudáveis,81.6,8.7,True
PROD_1669,Facilitate Extensible Applications,Casa e Decoração,Utilidades,67.91,29.49,True
PROD_1670,Orchestrate Bricks-And-Clicks Vortals,Moda,Acessórios,83.22,1.35,True
PROD_1671,Brand Frictionless Synergies,Saúde e Beleza,Vitaminas,234.03,29.67,True
PROD_1672,Harness Interactive E-Services,Moda,Acessórios,127.39,1.53,False
PROD_1673,Unleash User-Centric Niches,Casa e Decoração,Utilidades,136.62,8.72,False
PROD_1674,E-Enable Bricks-And-Clicks Channels,Saúde e Beleza,Maquiagem,201.29,14.86,True
PROD_1675,Innovate Open-Source Info-Mediaries,Livros,Acadêmicos,326.69,4.38,True
PROD_1676,Target Customized Convergence,Brinquedos,Bonecas,10.0,4.13,True
PROD_1677,Revolutionize Extensible Models,Automotivo,Som,56.6,7.76,True
PROD_1678,Engage Sticky Roi,Casa e Decoração,Utilidades,31.2,29.21,True
PROD_1679,Visualize Strategic Niches,Informática,Notebooks,159.23,11.47,True
PROD_1680,Iterate Global Users,Casa e Decoração,Móveis,51.7,17.02,True
PROD_1681,Aggregate Back-End Functionalities,Casa e Decoração,Móveis,98.6,21.16,False
PROD_1682,Optimize Intuitive Web-Readiness,Saúde e Beleza,Cabelos,250.28,22.29,False
PROD_1683,Iterate Proactive Applications,Eletrônicos,TVs,43.66,20.67,True
PROD_1684,Benchmark Wireless Applications,Alimentos,Importados,139.13,10.17,False
PROD_1685,Architect Robust Schemas,Eletrônicos,Áudio,580.91,3.44,True
PROD_1686,Morph Collaborative Experiences,Livros,Técnicos,244.19,8.52,True
PROD_1687,Revolutionize B2C Relationships,Informática,Periféricos,13.42,6.39,True
PROD_1688,Strategize Magnetic Applications,Brinquedos,Bonecas,63.43,4.17,True
PROD_1689,Drive Distributed Channels,Esportes,Natação,137.96,0.83,True
PROD_1690,Target E-Business Interfaces,Livros,Ficção,174.75,28.08,False
PROD_1691,Disintermediate Value-Added Web Services,Esportes,Fitness,66.5,27.64,True
PROD_1692,Incentivize Frictionless Mindshare,Esportes,Corrida,41.77,1.61,True
PROD_1693,Enable Customized Communities,Brinquedos,Jogos,97.64,5.28,True
PROD_1694,Reinvent B2B Info-Mediaries,Moda,Acessórios,24.43,4.27,True
PROD_1695,Seize Revolutionary E-Services,Eletrônicos,Áudio,336.86,8.51,True
PROD_1696,Engineer Holistic E-Services,Casa e Decoração,Móveis,847.61,6.2,True
PROD_1697,Optimize Back-End Relationships,Automotivo,Som,144.55,28.38,True
PROD_1698,Enhance Revolutionary Web Services,Esportes,Futebol,68.11,2.62,True
PROD_1699,Architect Bricks-And-Clicks Architectures,Informática,Software,278.41,6.43,True
PROD_1700,Syndicate Ubiquitous Paradigms,Livros,Infantil,227.31,2.51,True
PROD_1701,Integrate World-Class Platforms,Moda,Roupas Masculinas,64.67,29.41,True
PROD_1702,Unleash Efficient Portals,Esportes,Natação,84.99,27.56,True
PROD_1703,Benchmark Virtual Architectures,Moda,Infantil,43.32,21.53,True
PROD_1704,Visualize Enterprise Relationships,Moda,Acessórios,109.69,12.84,False
PROD_1705,Benchmark Intuitive Deliverables,Esportes,Fitness,128.86,5.79,True
PROD_1706,Morph Enterprise E-Services,Saúde e Beleza,Cabelos,35.3,6.72,False
PROD_1707,Mesh Wireless Convergence,Alimentos,Doces,24.79,13.35,False
PROD_1708,Transition Cross-Media Models,Informática,Redes,18.33,23.07,False
PROD_1709,Generate Compelling Metrics,Casa e Decoração,Utilidades,148.39,8.02,True
PROD_1710,Implement Global Systems,Casa e Decoração,Móveis,88.79,9.39,True
PROD_1711,Leverage Bleeding-Edge Partnerships,Informática,Redes,81.43,18.04,True
PROD_1712,Deliver Efficient E-Tailers,Saúde e Beleza,Cuidados Pessoais,157.19,7.21,True
PROD_1713,Orchestrate Viral Communities,Casa e Decoração,Utilidades,30.53,17.57,False
PROD_1714,Disintermediate 24/7 Web Services,Moda,Roupas Femininas,24.92,11.68,True
PROD_1715,Enhance Next-Generation Supply-Chains,Brinquedos,Jogos,120.22,1.13,False
PROD_1716,Drive One-To-One Info-Mediaries,Livros,Ficção,11.31,12.14,True
PROD_1717,Innovate Compelling Info-Mediaries,Eletrônicos,Áudio,65.97,27.59,True
PROD_1718,Architect Granular Experiences,Casa e Decoração,Quadros,1736.69,8.86,True
PROD_1719,E-Enable Transparent Web-Readiness,Informática,Periféricos,17.85,9.75,True
PROD_1720,Incentivize Revolutionary Channels,Brinquedos,Educativos,53.75,2.07,True
PROD_1721,Maximize Granular Channels,Esportes,Corrida,10.0,18.49,True
PROD_1722,Whiteboard Revolutionary Networks,Alimentos,Importados,68.0,25.49,True
PROD_1723,Orchestrate Leading-Edge Communities,Informática,Notebooks,953.22,10.65,True
PROD_1724,Morph Viral Deliverables,Moda,Roupas Masculinas,157.64,7.28,True
PROD_1725,Strategize Vertical Web Services,Alimentos,Doces,43.1,28.7,True
PROD_1726,Transition Front-End Infrastructures,Livros,Ficção,1233.6,22.38,True
PROD_1727,Architect Customized Metrics,Livros,Autoajuda,11.12,17.06,True
PROD_1728,Syndicate Compelling Communities,Saúde e Beleza,Vitaminas,155.2,9.24,True
PROD_1729,Enhance Transparent Metrics,Automotivo,Som,97.31,6.7,True
PROD_1730,Orchestrate Viral E-Business,Saúde e Beleza,Cuidados Pessoais,66.92,21.5,True
PROD_1731,Repurpose Back-End Communities,Brinquedos,Bonecas,237.11,15.7,True
PROD_1732,Drive Cross-Platform Bandwidth,Alimentos,Importados,21.79,15.67,True
PROD_1733,Expedite Innovative E-Services,Automotivo,Som,130.99,2.3,True
PROD_1734,Synergize Integrated Channels,Esportes,Natação,112.48,15.41,True
PROD_1735,Transform Vertical Solutions,Moda,Acessórios,31.65,24.7,True
PROD_1736,Mesh Next-Generation Eyeballs,Alimentos,Bebidas,934.48,28.41,True
PROD_1737,Expedite Mission-Critical Roi,Saúde e Beleza,Cabelos,72.37,3.29,True
PROD_1738,Syndicate Robust Users,Eletrônicos,Smartphones,76.22,18.97,True
PROD_1739,Deliver 24/7 Infrastructures,Automotivo,Som,26.23,17.09,True
PROD_1740,Syndicate End-To-End Metrics,Automotivo,Peças,73.99,26.72,True
PROD_1741,Incubate Clicks-And-Mortar Methodologies,Moda,Roupas Femininas,1482.83,22.56,False
PROD_1742,Visualize User-Centric Deliverables,Casa e Decoração,Tapetes,66.47,28.96,True
PROD_1743,Deploy Out-Of-The-Box Paradigms,Livros,Infantil,167.74,28.8,True
PROD_1744,Scale Cutting-Edge E-Services,Livros,Autoajuda,281.65,6.85,True
PROD_1745,Exploit Compelling Architectures,Eletrônicos,TVs,72.41,21.79,True
PROD_1746,Seize Mission-Critical E-Commerce,Brinquedos,Bonecas,55.06,15.96,False
PROD_1747,Enable Dot-Com Info-Mediaries,Brinquedos,Veículos,158.65,6.52,True
PROD_1748,Revolutionize Bleeding-Edge Infrastructures,Esportes,Futebol,67.39,5.93,False
PROD_1749,Envisioneer Transparent Portals,Alimentos,Importados,60.45,2.52,True
PROD_1750,Aggregate Clicks-And-Mortar Synergies,Informática,Notebooks,278.07,23.89,True
PROD_1751,Maximize 24/7 Deliverables,Casa e Decoração,Utilidades,82.82,9.8,True
PROD_1752,Implement Enterprise Experiences,Saúde e Beleza,Maquiagem,386.02,25.72,False
PROD_1753,Architect Turn-Key E-Markets,Informática,Redes,80.62,18.29,True
PROD_1754,Disintermediate Sticky Eyeballs,Informática,Periféricos,18.53,20.24,True
PROD_1755,Brand Dot-Com Portals,Automotivo,Ferramentas,10.0,8.82,True
PROD_1756,Iterate Cutting-Edge Networks,Eletrônicos,TVs,10.0,13.77,True
PROD_1757,Disintermediate Efficient Methodologies,Livros,Autoajuda,12.19,12.43,True
PROD_1758,Strategize Best-Of-Breed E-Markets,Esportes,Corrida,123.95,7.15,True
PROD_1759,Engage Compelling Roi,Brinquedos,Educativos,28.06,24.99,True
PROD_1760,Disintermediate Compelling Portals,Eletrônicos,Áudio,10.0,18.7,True
PROD_1761,Monetize Cross-Media Interfaces,Automotivo,Peças,76.93,1.22,False
PROD_1762,Extend Global Web Services,Saúde e Beleza,Cuidados Pessoais,24.58,24.62,True
PROD_1763,Embrace Bleeding-Edge Systems,Esportes,Corrida,156.92,3.27,False
PROD_1764,Generate Granular Platforms,Automotivo,Acessórios,152.31,12.17,True
PROD_1765,Architect Wireless Supply-Chains,Livros,Acadêmicos,172.93,17.18,True
PROD_1766,Exploit Scalable Communities,Livros,Autoajuda,10.0,0.33,False
PROD_1767,Synergize Clicks-And-Mortar Infrastructures,Livros,Autoajuda,95.06,19.62,False
PROD_1768,Transition B2B Info-Mediaries,Eletrônicos,Câmeras,77.81,19.83,True
PROD_1769,Re-Contextualize User-Centric Infrastructures,Eletrônicos,Smartphones,20.78,19.61,True
PROD_1770,Optimize Back-End E-Services,Brinquedos,Veículos,10.0,4.99,True
PROD_1771,Disintermediate Strategic Metrics,Brinquedos,Veículos,79.01,7.75,True
PROD_1772,Integrate Integrated Interfaces,Saúde e Beleza,Maquiagem,322.77,7.5,True
PROD_1773,Re-Intermediate Front-End Metrics,Esportes,Corrida,10.0,28.81,True
PROD_1774,Streamline Virtual Functionalities,Moda,Acessórios,33.15,2.12,False
PROD_1775,Synthesize Visionary Synergies,Moda,Infantil,105.41,12.92,True
PROD_1776,Aggregate Front-End Solutions,Automotivo,Ferramentas,347.2,26.15,True
PROD_1777,Integrate Bleeding-Edge E-Business,Livros,Ficção,61.88,23.11,True
PROD_1778,Leverage Robust Relationships,Esportes,Fitness,913.43,24.69,True
PROD_1779,Incentivize Clicks-And-Mortar Communities,Informática,Notebooks,10.44,29.17,True
PROD_1780,Evolve Efficient Interfaces,Eletrônicos,Câmeras,10.0,11.68,False
PROD_1781,Seize Impactful Interfaces,Alimentos,Orgânicos,305.29,9.36,True
PROD_1782,Benchmark 24/365 Deliverables,Casa e Decoração,Utilidades,10.0,1.02,True
PROD_1783,Implement Innovative Infrastructures,Saúde e Beleza,Vitaminas,156.62,4.59,False
PROD_1784,Engage Front-End Schemas,Livros,Técnicos,63.22,16.9,True
PROD_1785,Redefine Cross-Media Convergence,Livros,Técnicos,30.53,4.81,False
PROD_1786,Transition Efficient E-Services,Livros,Autoajuda,53.95,22.12,True
PROD_1787,Expedite Dynamic Bandwidth,Eletrônicos,Câmeras,19.17,1.21,True
PROD_1788,Re-Contextualize Wireless Networks,Eletrônicos,TVs,61.44,7.86,True
PROD_1789,Implement Back-End Roi,Casa e Decoração,Iluminação,91.92,20.89,False
PROD_1790,Deploy Sticky Schemas,Informática,Periféricos,54.63,7.74,False
PROD_1791,Optimize Distributed Supply-Chains,Esportes,Natação,44.62,21.89,True
PROD_1792,Embrace Dot-Com Users,Livros,Técnicos,122.12,29.88,True
PROD_1793,Transition Dot-Com Systems,Moda,Roupas Masculinas,659.5,23.93,False
PROD_1794,Synergize Compelling Action-Items,Brinquedos,Veículos,65.4,10.32,True
PROD_1795,Engineer Cross-Platform Bandwidth,Moda,Roupas Masculinas,240.81,27.03,True
PROD_1796,Innovate Ubiquitous Applications,Automotivo,Óleos,28.24,1.63,True
PROD_1797,Cultivate Proactive Info-Mediaries,Moda,Acessórios,18.16,21.78,False
PROD_1798,Embrace Back-End Partnerships,Automotivo,Óleos,155.09,0.8,True
PROD_1799,Synergize Magnetic Methodologies,Alimentos,Orgânicos,68.02,5.32,True
PROD_1800,Scale Bleeding-Edge Vortals,Brinquedos,Jogos,349.11,29.63,False
PROD_1801,Deploy Synergistic Deliverables,Moda,Infantil,441.65,10.89,True
PROD_1802,Incubate Value-Added Portals,Alimentos,Orgânicos,246.39,24.63,True
PROD_1803,Incentivize Front-End Infrastructures,Saúde e Beleza,Cuidados Pessoais,240.05,11.34,True
PROD_1804,Strategize Cross-Platform Partnerships,Esportes,Futebol,10.0,25.22,False
PROD_1805,Engage Virtual Info-Mediaries,Alimentos,Doces,153.46,28.97,True
PROD_1806,Harness Synergistic E-Tailers,Esportes,Futebol,253.52,13.12,True
PROD_1807,Productize Real-Time Roi,Moda,Infantil,19.57,16.82,True
PROD_1808,Extend Dynamic Models,Informática,Periféricos,90.97,18.9,True
PROD_1809,Extend 24/365 Action-Items,Alimentos,Importados,25.76,28.05,False
PROD_1810,Extend Web-Enabled Portals,Brinquedos,Bonecas,308.9,7.78,True
PROD_1811,Architect Bleeding-Edge Solutions,Moda,Roupas Femininas,28.58,18.38,True
PROD_1812,E-Enable Interactive E-Business,Livros,Infantil,34.76,9.81,True
PROD_1813,Seize B2C Platforms,Eletrônicos,Áudio,51.58,6.59,True
PROD_1814,Embrace Strategic Methodologies,Alimentos,Saudáveis,1338.48,2.64,False
PROD_1815,Repurpose Rich E-Business,Brinquedos,Veículos,300.55,18.66,True
PROD_1816,Implement Revolutionary Info-Mediaries,Saúde e Beleza,Cabelos,623.36,26.47,True
PROD_1817,Disintermediate Turn-Key Models,Livros,Ficção,10.22,10.61,True
PROD_1818,Productize Efficient Models,Saúde e Beleza,Cabelos,19.63,16.62,True
PROD_1819,Reinvent Efficient Interfaces,Moda,Roupas Femininas,448.67,19.3,True
PROD_1820,Enhance End-To-End Markets,Eletrônicos,Câmeras,10.89,12.5,False
PROD_1821,Mesh Cutting-Edge Info-Mediaries,Alimentos,Orgânicos,40.2,27.11,True
PROD_1822,Incubate Robust Mindshare,Alimentos,Bebidas,1060.41,10.95,True
PROD_1823,Seize Impactful Methodologies,Informática,Redes,28.33,3.84,True
PROD_1824,Revolutionize Virtual Bandwidth,Informática,Componentes,10.12,4.41,False
PROD_1825,Embrace Ubiquitous Vortals,Moda,Infantil,95.29,26.74,True
PROD_1826,Scale Value-Added Synergies,Moda,Roupas Femininas,10.64,29.64,True
PROD_1827,Innovate Best-Of-Breed Architectures,Eletrônicos,Smartphones,397.3,8.74,True
PROD_1828,Benchmark Mission-Critical Vortals,Informática,Componentes,30.76,4.39,True
PROD_1829,Disintermediate Back-End Roi,Brinquedos,Eletrônicos,24.18,14.52,True
PROD_1830,Engage Back-End Action-Items,Brinquedos,Bonecas,93.25,21.31,False
PROD_1831,Empower Collaborative E-Business,Eletrônicos,Acessórios,55.41,18.41,True
PROD_1832,Facilitate Bricks-And-Clicks Roi,Brinquedos,Veículos,121.85,28.54,True
PROD_1833,Synthesize Cutting-Edge E-Tailers,Automotivo,Óleos,168.31,24.55,True
PROD_1834,Deploy Out-Of-The-Box Relationships,Esportes,Corrida,69.36,26.08,True
PROD_1835,Iterate Wireless Niches,Eletrônicos,Áudio,22.34,16.3,True
PROD_1836,Grow Viral Networks,Eletrônicos,Câmeras,216.29,9.89,True
PROD_1837,Enable Bleeding-Edge Platforms,Casa e Decoração,Móveis,39.17,21.08,True
PROD_1838,Drive Real-Time Action-Items,Livros,Acadêmicos,31.72,13.23,True
PROD_1839,Engage User-Centric Architectures,Livros,Infantil,106.83,8.7,True
PROD_1840,Aggregate B2B Eyeballs,Automotivo,Ferramentas,10.0,4.65,True
PROD_1841,Syndicate Value-Added Roi,Informática,Notebooks,143.89,15.88,True
PROD_1842,Deploy Rich Channels,Moda,Infantil,113.85,17.87,True
PROD_1843,Productize Turn-Key Models,Moda,Acessórios,345.91,17.11,True
PROD_1844,Monetize Dot-Com Schemas,Saúde e Beleza,Cabelos,49.38,3.58,False
PROD_1845,Iterate Scalable Interfaces,Automotivo,Óleos,441.33,17.14,True
PROD_1846,Transform Granular Markets,Eletrônicos,Smartphones,169.96,5.14,True
PROD_1847,Architect Dot-Com Info-Mediaries,Automotivo,Ferramentas,87.17,19.95,False
PROD_1848,E-Enable Mission-Critical Systems,Automotivo,Peças,796.35,12.94,True
PROD_1849,Extend Open-Source Portals,Automotivo,Óleos,100.91,25.48,True
PROD_1850,Disintermediate Bricks-And-Clicks Schemas,Livros,Ficção,48.33,23.37,True
PROD_1851,Engage Dot-Com Convergence,Automotivo,Peças,104.44,21.76,True
PROD_1852,Utilize Transparent Initiatives,Esportes,Futebol,47.15,21.05,True
PROD_1853,Seize 24/365 Networks,Moda,Roupas Masculinas,140.95,16.86,True
PROD_1854,Maximize Virtual Technologies,Saúde e Beleza,Cabelos,439.14,1.93,True
PROD_1855,Seize World-Class Methodologies,Esportes,Natação,89.16,19.7,True
PROD_1856,Deliver Holistic Systems,Saúde e Beleza,Maquiagem,100.3,14.06,False
PROD_1857,Matrix Strategic Architectures,Casa e Decoração,Quadros,234.49,14.14,True
PROD_1858,Re-Intermediate Front-End Bandwidth,Saúde e Beleza,Vitaminas,374.16,11.43,True
PROD_1859,Whiteboard B2B Communities,Moda,Calçados,52.29,27.88,True
PROD_1860,Whiteboard Cross-Platform E-Markets,Moda,Calçados,110.7,7.56,True
PROD_1861,Whiteboard Wireless Partnerships,Automotivo,Acessórios,235.74,9.57,True
PROD_1862,Evolve Granular Supply-Chains,Alimentos,Importados,133.75,28.89,True
PROD_1863,Enhance Turn-Key Vortals,Casa e Decoração,Tapetes,10.0,24.32,True
PROD_1864,Visualize Distributed Niches,Eletrônicos,Áudio,292.74,0.52,True
PROD_1865,Expedite Impactful Niches,Brinquedos,Veículos,168.59,27.19,True
PROD_1866,Matrix Visionary Relationships,Saúde e Beleza,Maquiagem,183.6,6.88,True
PROD_1867,Extend Customized E-Markets,Alimentos,Doces,21.53,21.21,True
PROD_1868,Leverage Viral Web-Readiness,Automotivo,Som,108.08,16.64,True
PROD_1869,Enable Web-Enabled Web Services,Livros,Autoajuda,247.65,16.15,True
PROD_1870,Morph Strategic E-Tailers,Eletrônicos,Acessórios,31.29,21.57,True
PROD_1871,Leverage Impactful Platforms,Informática,Notebooks,42.75,6.29,True
PROD_1872,Transform Innovative Info-Mediaries,Alimentos,Bebidas,252.79,4.85,True
PROD_1873,Engage Scalable Web-Readiness,Livros,Acadêmicos,40.43,19.59,False
PROD_1874,Revolutionize Impactful Deliverables,Casa e Decoração,Utilidades,70.09,8.79,True
PROD_1875,Engineer Strategic Platforms,Automotivo,Ferramentas,26.01,29.22,True
PROD_1876,Morph B2C Infrastructures,Eletrônicos,Acessórios,799.45,13.6,True
PROD_1877,Visualize Integrated Content,Eletrônicos,TVs,168.13,3.44,True
PROD_1878,Enhance Interactive Technologies,Eletrônicos,Smartphones,66.26,20.61,True
PROD_1879,Grow End-To-End Channels,Casa e Decoração,Móveis,52.94,9.25,True
PROD_1880,Mesh Frictionless Web-Readiness,Saúde e Beleza,Cabelos,20.61,4.54,True
PROD_1881,Integrate Synergistic Vortals,Informática,Componentes,78.88,12.74,True
PROD_1882,Cultivate Collaborative Bandwidth,Casa e Decoração,Tapetes,199.95,28.93,False
PROD_1883,Cultivate Real-Time Schemas,Brinquedos,Eletrônicos,34.06,12.4,True
PROD_1884,Grow Global Users,Informática,Periféricos,102.17,10.49,True
PROD_1885,Reinvent Ubiquitous Functionalities,Moda,Calçados,57.92,13.39,True
PROD_1886,Extend User-Centric Deliverables,Automotivo,Som,471.6,0.46,True
PROD_1887,Whiteboard Extensible Convergence,Casa e Decoração,Iluminação,41.93,4.08,True
PROD_1888,Syndicate Bleeding-Edge Infrastructures,Livros,Técnicos,228.74,25.51,True
PROD_1889,Grow Extensible Relationships,Informática,Redes,479.54,29.34,True
PROD_1890,Deploy Back-End Eyeballs,Brinquedos,Jogos,57.25,4.82,True
PROD_1891,Monetize Value-Added Synergies,Moda,Calçados,44.42,16.11,True
PROD_1892,Mesh Global Convergence,Saúde e Beleza,Cuidados Pessoais,272.39,28.99,True
PROD_1893,Envisioneer Collaborative Users,Livros,Acadêmicos,10.62,4.78,True
PROD_1894,Implement Holistic Info-Mediaries,Informática,Software,150.91,5.67,True
PROD_1895,Monetize Value-Added E-Commerce,Automotivo,Acessórios,13.59,27.81,True
PROD_1896,Exploit Distributed Metrics,Livros,Ficção,390.29,21.2,True
PROD_1897,Enhance Clicks-And-Mortar Schemas,Moda,Acessórios,66.52,4.64,True
PROD_1898,Disintermediate Dynamic E-Markets,Livros,Ficção,80.73,11.87,True
PROD_1899,Matrix User-Centric Interfaces,Esportes,Futebol,37.75,1.78,True
PROD_1900,Incentivize Granular Experiences,Alimentos,Orgânicos,13.47,13.04,True
PROD_1901,Synergize Enterprise E-Services,Saúde e Beleza,Perfumes,411.18,23.36,True
PROD_1902,Morph Strategic E-Commerce,Moda,Acessórios,73.31,16.66,True
PROD_1903,Whiteboard Web-Enabled Deliverables,Livros,Ficção,4232.39,19.46,True
PROD_1904,Engineer Real-Time Technologies,Alimentos,Saudáveis,34.05,9.87,True
PROD_1905,Visualize Real-Time E-Markets,Alimentos,Importados,41.43,4.93,True
PROD_1906,Aggregate Innovative Roi,Livros,Acadêmicos,30.67,0.49,True
PROD_1907,Enable Distributed Initiatives,Automotivo,Óleos,72.86,24.66,True
PROD_1908,Whiteboard Ubiquitous E-Business,Esportes,Futebol,596.01,19.14,True
PROD_1909,Grow Real-Time E-Business,Casa e Decoração,Quadros,302.53,6.96,True
PROD_1910,Synthesize Dynamic Vortals,Esportes,Fitness,14.8,12.61,True
PROD_1911,Utilize B2C Markets,Livros,Autoajuda,381.82,24.06,False
PROD_1912,Incubate Vertical Roi,Saúde e Beleza,Perfumes,204.25,16.21,True
PROD_1913,Transform Front-End Niches,Casa e Decoração,Utilidades,160.4,9.07,True
PROD_1914,Enable Visionary Synergies,Moda,Infantil,39.6,8.09,True
PROD_1915,Enhance E-Business Eyeballs,Esportes,Fitness,43.3,6.61,True
PROD_1916,Implement Rich E-Tailers,Livros,Autoajuda,106.11,24.73,True
PROD_1917,Facilitate Next-Generation Content,Esportes,Fitness,46.35,17.5,False
PROD_1918,Generate Rich Relationships,Casa e Decoração,Iluminação,434.92,21.3,True
PROD_1919,Target Robust Supply-Chains,Brinquedos,Eletrônicos,44.03,25.82,False
PROD_1920,Evolve B2B Markets,Informática,Periféricos,10.0,29.61,True
PROD_1921,Empower Impactful Partnerships,Esportes,Ciclismo,18.88,7.56,False
PROD_1922,Incubate Collaborative Roi,Moda,Infantil,20.38,5.51,True
PROD_1923,Aggregate Dot-Com Architectures,Moda,Calçados,65.63,13.91,True
PROD_1924,E-Enable Value-Added Initiatives,Eletrônicos,TVs,116.66,1.15,True
PROD_1925,Revolutionize Interactive Architectures,Esportes,Futebol,96.02,23.77,True
PROD_1926,Revolutionize Visionary Action-Items,Informática,Componentes,156.51,26.52,True
PROD_1927,Extend Robust Solutions,Automotivo,Ferramentas,66.5,20.61,False
PROD_1928,Target Mission-Critical Deliverables,Alimentos,Orgânicos,69.39,8.11,True
PROD_1929,Repurpose Best-Of-Breed Info-Mediaries,Informática,Notebooks,736.74,3.78,True
PROD_1930,Synergize Extensible Vortals,Alimentos,Importados,382.39,11.53,False
PROD_1931,Leverage Revolutionary Schemas,Alimentos,Orgânicos,146.93,25.02,False
PROD_1932,Mesh 24/7 Portals,Brinquedos,Veículos,270.43,10.5,True
PROD_1933,Syndicate Seamless Solutions,Eletrônicos,TVs,10.0,1.12,True
PROD_1934,Disintermediate Scalable Web Services,Informática,Software,33.55,8.3,False
PROD_1935,Architect One-To-One Action-Items,Informática,Notebooks,53.59,29.7,True
PROD_1936,Whiteboard User-Centric Vortals,Brinquedos,Bonecas,34.02,20.33,True
PROD_1937,Implement Frictionless Niches,Esportes,Ciclismo,14.09,27.04,False
PROD_1938,Benchmark 24/7 Interfaces,Esportes,Natação,149.11,23.27,True
PROD_1939,Generate Interactive Synergies,Esportes,Ciclismo,474.8,16.24,True
PROD_1940,Integrate Collaborative Metrics,Saúde e Beleza,Cabelos,88.64,4.55,True
PROD_1941,Orchestrate Out-Of-The-Box Infrastructures,Alimentos,Doces,195.94,10.52,True
PROD_1942,Incentivize Granular Models,Saúde e Beleza,Cabelos,85.54,17.55,True
PROD_1943,Evolve Cross-Platform Functionalities,Eletrônicos,Áudio,52.99,26.13,True
PROD_1944,Streamline Leading-Edge Convergence,Brinquedos,Jogos,271.25,8.13,True
PROD_1945,Visualize B2C Users,Informática,Software,16.22,3.72,True
PROD_1946,Generate Sticky Channels,Alimentos,Importados,10.0,16.81,True
PROD_1947,Synthesize Bleeding-Edge Vortals,Saúde e Beleza,Maquiagem,15.95,5.38,True
PROD_1948,Engage Cross-Media Systems,Saúde e Beleza,Maquiagem,250.71,18.35,True
PROD_1949,Drive Dynamic Web-Readiness,Livros,Acadêmicos,99.95,7.98,True
PROD_1950,Scale Enterprise Convergence,Saúde e Beleza,Cuidados Pessoais,141.44,7.01,True
PROD_1951,Drive Global Portals,Automotivo,Som,673.38,12.04,False
PROD_1952,Productize Revolutionary Models,Informática,Redes,22.29,17.84,True
PROD_1953,Unleash Visionary Schemas,Automotivo,Acessórios,381.84,16.4,True
PROD_1954,Envisioneer Holistic Solutions,Informática,Software,55.95,7.42,True
PROD_1955,Maximize Viral Users,Brinquedos,Jogos,46.62,26.74,True
PROD_1956,Seize World-Class Bandwidth,Informática,Componentes,99.23,3.39,False
PROD_1957,Empower Granular Partnerships,Automotivo,Peças,119.74,1.28,True
PROD_1958,Mesh B2C Systems,Informática,Software,69.92,18.12,True
PROD_1959,Envisioneer Back-End Users,Brinquedos,Eletrônicos,187.24,3.79,True
PROD_1960,Disintermediate Ubiquitous Synergies,Brinquedos,Jogos,99.71,15.2,False
PROD_1961,Revolutionize Enterprise Roi,Eletrônicos,Áudio,70.87,28.56,True
PROD_1962,Matrix Vertical E-Business,Informática,Redes,54.62,20.99,True
PROD_1963,Iterate Bricks-And-Clicks E-Business,Livros,Infantil,119.82,18.56,True
PROD_1964,Incentivize World-Class Partnerships,Esportes,Ciclismo,17.67,17.29,True
PROD_1965,Repurpose Integrated Solutions,Moda,Acessórios,24.8,5.47,True
PROD_1966,Mesh Rich Schemas,Brinquedos,Bonecas,57.92,13.04,True
PROD_1967,Orchestrate Front-End Vortals,Casa e Decoração,Móveis,173.1,10.34,True
PROD_1968,Deploy World-Class Initiatives,Esportes,Futebol,1177.82,28.6,True
PROD_1969,Transform Innovative Paradigms,Alimentos,Importados,74.35,7.35,True
PROD_1970,E-Enable End-To-End Roi,Informática,Componentes,10.71,14.2,True
PROD_1971,Cultivate Robust Solutions,Automotivo,Peças,34.87,28.15,True
PROD_1972,Transform Holistic Solutions,Moda,Infantil,198.48,23.7,True
PROD_1973,Transform Robust Networks,Casa e Decoração,Iluminação,28.1,28.94,True
PROD_1974,Visualize Integrated Web Services,Esportes,Corrida,18.79,18.29,True
PROD_1975,Synthesize Dot-Com Markets,Informática,Redes,197.24,10.08,True
PROD_1976,Disintermediate Magnetic Metrics,Eletrônicos,Áudio,157.25,24.82,False
PROD_1977,Unleash Intuitive Synergies,Alimentos,Orgânicos,15.38,8.81,True
PROD_1978,Re-Contextualize Best-Of-Breed Experiences,Moda,Calçados,30.75,5.03,True
PROD_1979,Synthesize Strategic Bandwidth,Livros,Ficção,400.86,21.22,True
PROD_1980,Exploit Leading-Edge Relationships,Eletrônicos,Áudio,250.49,19.2,True
PROD_1981,Engage Next-Generation Relationships,Casa e Decoração,Tapetes,21.39,26.38,True
PROD_1982,Generate Leading-Edge E-Business,Moda,Acessórios,10.0,28.86,True
PROD_1983,Empower Revolutionary Partnerships,Eletrônicos,Smartphones,124.24,25.73,True
PROD_1984,E-Enable Seamless Partnerships,Alimentos,Bebidas,63.1,1.89,True
PROD_1985,Architect Mission-Critical Platforms,Livros,Infantil,111.95,19.97,True
PROD_1986,Drive Bleeding-Edge Users,Eletrônicos,Câmeras,192.79,23.56,False
PROD_1987,Synergize Dynamic Solutions,Saúde e Beleza,Cuidados Pessoais,28.57,29.46,False
PROD_1988,Mesh Interactive Networks,Livros,Infantil,53.59,11.3,True
PROD_1989,Whiteboard Virtual Schemas,Casa e Decoração,Iluminação,30.6,5.18,True
PROD_1990,Extend Next-Generation Platforms,Alimentos,Orgânicos,31.95,25.6,True
PROD_1991,Revolutionize Synergistic Methodologies,Informática,Redes,177.28,9.59,True
PROD_1992,Target Cutting-Edge Platforms,Automotivo,Som,107.01,17.99,False
PROD_1993,Leverage Viral Schemas,Automotivo,Acessórios,13.8,11.76,True
PROD_1994,Strategize Cross-Platform Web Services,Automotivo,Som,214.89,12.13,True
PROD_1995,Leverage Visionary Convergence,Moda,Roupas Masculinas,59.14,22.0,True
PROD_1996,Productize Turn-Key Schemas,Casa e Decoração,Iluminação,227.1,10.91,True
PROD_1997,Harness Out-Of-The-Box E-Markets,Alimentos,Orgânicos,26.64,20.82,True
PROD_1998,Engineer User-Centric Vortals,Livros,Autoajuda,29.64,0.53,False
PROD_1999,Expedite Web-Enabled Networks,Moda,Infantil,121.76,9.81,True
PROD_2000,Incubate Killer Architectures,Casa e Decoração,Iluminação,24.15,9.64,True
PROD_2001,Revolutionize Dot-Com Relationships,Informática,Periféricos,64.72,22.49,True
PROD_2002,Grow Customized Interfaces,Saúde e Beleza,Vitaminas,21.07,9.51,True
PROD_2003,Implement Robust Technologies,Alimentos,Doces,56.28,19.04,False
PROD_2004,Expedite Vertical Deliverables,Automotivo,Som,86.64,20.69,True
PROD_2005,Enable Seamless Synergies,Eletrônicos,Smartphones,91.68,19.79,True
PROD_2006,Monetize Magnetic E-Tailers,Alimentos,Bebidas,58.11,18.14,True
PROD_2007,Iterate Turn-Key Web-Readiness,Brinquedos,Bonecas,134.29,12.47,True
PROD_2008,Revolutionize Efficient Schemas,Casa e Decoração,Iluminação,107.49,11.26,True
PROD_2009,Deliver B2C Platforms,Esportes,Ciclismo,80.86,16.98,True
PROD_2010,Integrate Ubiquitous Convergence,Informática,Periféricos,42.48,2.0,True
PROD_2011,Orchestrate Global Portals,Saúde e Beleza,Cabelos,324.37,26.29,True
PROD_2012,Disintermediate Interactive E-Services,Informática,Software,143.1,24.78,True
PROD_2013,Morph Seamless Infrastructures,Alimentos,Saudáveis,25.96,10.46,True
PROD_2014,Maximize Wireless Networks,Esportes,Futebol,196.11,17.05,True
PROD_2015,Redefine Killer Partnerships,Brinquedos,Veículos,257.39,27.97,True
PROD_2016,Drive World-Class Info-Mediaries,Livros,Técnicos,81.62,8.22,True
PROD_2017,Reinvent Holistic Networks,Eletrônicos,Acessórios,88.4,22.3,True
PROD_2018,Transition Mission-Critical Metrics,Esportes,Corrida,10.0,2.57,True
PROD_2019,Visualize Seamless Paradigms,Casa e Decoração,Móveis,32.72,15.75,False
PROD_2020,Drive Enterprise Infrastructures,Automotivo,Som,247.75,26.53,True
PROD_2021,Revolutionize Leading-Edge Supply-Chains,Brinquedos,Bonecas,35.19,16.6,True
PROD_2022,Seize User-Centric E-Markets,Eletrônicos,Câmeras,74.31,18.53,True
PROD_2023,Re-Contextualize 24/7 E-Services,Saúde e Beleza,Cabelos,32.13,27.24,True
PROD_2024,Extend Value-Added Functionalities,Automotivo,Óleos,118.75,21.49,True
PROD_2025,Revolutionize Enterprise Markets,Alimentos,Saudáveis,144.39,20.91,True
PROD_2026,Monetize Revolutionary Vortals,Esportes,Futebol,149.09,17.63,True
PROD_2027,Incubate B2C Vortals,Eletrônicos,Áudio,22.94,19.03,True
PROD_2028,Deliver Magnetic Eyeballs,Moda,Roupas Femininas,102.31,24.13,True
PROD_2029,Streamline Impactful Systems,Livros,Técnicos,596.98,29.38,True
PROD_2030,Engineer E-Business E-Services,Livros,Infantil,221.01,23.88,False
PROD_2031,Brand Distributed Interfaces,Brinquedos,Educativos,100.69,21.26,True
PROD_2032,Orchestrate End-To-End Supply-Chains,Saúde e Beleza,Cuidados Pessoais,10.0,4.15,True
PROD_2033,Evolve Collaborative Networks,Brinquedos,Educativos,66.74,24.53,True
PROD_2034,Extend Scalable Schemas,Moda,Infantil,649.13,22.11,True
PROD_2035,Strategize Back-End Infrastructures,Casa e Decoração,Utilidades,438.05,23.14,True
PROD_2036,Strategize User-Centric Channels,Saúde e Beleza,Cuidados Pessoais,156.6,7.01,True
PROD_2037,Engineer Global Info-Mediaries,Informática,Software,37.97,27.11,True
PROD_2038,Engage 24/365 Models,Casa e Decoração,Quadros,95.85,3.01,True
PROD_2039,Strategize 24/365 Schemas,Saúde e Beleza,Maquiagem,227.73,7.68,True
PROD_2040,Re-Intermediate Interactive Action-Items,Saúde e Beleza,Maquiagem,278.29,19.92,True
PROD_2041,Optimize Real-Time E-Commerce,Moda,Roupas Masculinas,130.99,20.24,True
PROD_2042,Harness E-Business Initiatives,Alimentos,Saudáveis,251.15,9.47,True
PROD_2043,Repurpose Transparent E-Commerce,Moda,Roupas Masculinas,83.9,21.08,True
PROD_2044,Disintermediate Cross-Media Solutions,Saúde e Beleza,Maquiagem,79.56,11.7,True
PROD_2045,Harness Cross-Media Metrics,Eletrônicos,TVs,51.9,0.11,True
PROD_2046,Visualize Proactive Content,Casa e Decoração,Utilidades,149.82,4.96,True
PROD_2047,Leverage Cross-Media E-Business,Moda,Acessórios,298.99,26.49,True
PROD_2048,Transition Visionary E-Business,Alimentos,Doces,210.64,6.76,True
PROD_2049,Orchestrate Visionary Paradigms,Esportes,Ciclismo,20.87,3.48,True
PROD_2050,Re-Contextualize Bleeding-Edge Solutions,Brinquedos,Eletrônicos,22.26,20.5,True
PROD_2051,Innovate Out-Of-The-Box Eyeballs,Saúde e Beleza,Perfumes,338.45,13.28,True
PROD_2052,Engineer Strategic Initiatives,Informática,Software,111.26,23.92,True
PROD_2053,Extend Scalable Action-Items,Esportes,Natação,116.6,25.86,True
PROD_2054,Re-Intermediate B2B Technologies,Livros,Acadêmicos,113.49,25.4,False
PROD_2055,Implement Cross-Platform Initiatives,Automotivo,Peças,736.54,9.46,True
PROD_2056,Monetize Customized Info-Mediaries,Alimentos,Bebidas,52.69,15.22,True
PROD_2057,Utilize Open-Source E-Tailers,Informática,Notebooks,343.77,19.54,True
PROD_2058,Extend Killer E-Tailers,Automotivo,Peças,119.14,9.73,True
PROD_2059,Incubate Back-End Schemas,Alimentos,Importados,13.19,1.33,True
PROD_2060,Syndicate B2B Web Services,Eletrônicos,Acessórios,33.45,14.92,True
PROD_2061,Utilize Enterprise Applications,Brinquedos,Jogos,43.45,0.48,True
PROD_2062,Productize Revolutionary Portals,Esportes,Ciclismo,334.2,28.52,False
PROD_2063,Leverage Leading-Edge Technologies,Casa e Decoração,Tapetes,392.59,23.92,True
PROD_2064,Aggregate Real-Time Markets,Alimentos,Bebidas,137.64,5.84,False
PROD_2065,Target Value-Added Partnerships,Casa e Decoração,Tapetes,48.07,8.7,True
PROD_2066,Synergize Real-Time Web Services,Brinquedos,Veículos,30.17,29.49,True
PROD_2067,Iterate Bricks-And-Clicks Platforms,Saúde e Beleza,Vitaminas,352.52,11.27,True
PROD_2068,Utilize Distributed Experiences,Livros,Acadêmicos,19.27,23.53,True
PROD_2069,Synergize Bleeding-Edge Architectures,Esportes,Ciclismo,79.47,13.46,True
PROD_2070,Deliver Mission-Critical Vortals,Brinquedos,Jogos,1536.66,25.94,True
PROD_2071,Synthesize E-Business Roi,Brinquedos,Jogos,48.24,21.14,True
PROD_2072,Aggregate Ubiquitous Schemas,Eletrônicos,Câmeras,19.57,0.79,False
PROD_2073,Re-Contextualize Vertical Paradigms,Automotivo,Peças,10.82,8.9,True
PROD_2074,Incentivize Extensible Supply-Chains,Livros,Infantil,1611.31,16.78,True
PROD_2075,Synthesize Impactful Communities,Esportes,Futebol,136.78,27.79,True
PROD_2076,Utilize Cross-Media Methodologies,Saúde e Beleza,Maquiagem,31.73,3.15,False
PROD_2077,Seize Synergistic Functionalities,Saúde e Beleza,Perfumes,71.74,18.07,True
PROD_2078,Monetize Web-Enabled Mindshare,Moda,Roupas Masculinas,40.63,9.14,True
PROD_2079,Empower Leading-Edge Functionalities,Brinquedos,Eletrônicos,10.0,26.69,True
PROD_2080,Morph Integrated Web-Readiness,Alimentos,Importados,231.77,22.98,True
PROD_2081,Engage Efficient E-Services,Eletrônicos,Smartphones,93.74,11.15,True
PROD_2082,Orchestrate Cross-Platform Interfaces,Livros,Técnicos,209.76,5.1,True
PROD_2083,Repurpose Global Infrastructures,Saúde e Beleza,Maquiagem,90.73,0.44,True
PROD_2084,Drive Enterprise Deliverables,Esportes,Natação,105.37,18.67,True
PROD_2085,Innovate Bleeding-Edge E-Markets,Moda,Roupas Masculinas,10.0,12.24,True
PROD_2086,Incentivize B2C E-Commerce,Esportes,Ciclismo,267.58,9.51,True
PROD_2087,Monetize Open-Source Systems,Eletrônicos,Áudio,24.39,29.57,False
PROD_2088,Incubate End-To-End E-Tailers,Alimentos,Saudáveis,33.17,14.04,True
PROD_2089,Visualize Global Applications,Moda,Roupas Femininas,47.78,22.52,True
PROD_2090,Incubate 24/365 Channels,Moda,Infantil,10.0,5.4,True
PROD_2091,Monetize Global E-Commerce,Automotivo,Acessórios,44.74,0.5,True
PROD_2092,Redefine B2B Experiences,Livros,Técnicos,41.16,12.59,False
PROD_2093,Re-Contextualize Granular Vortals,Moda,Roupas Femininas,57.2,20.0,True
PROD_2094,Optimize 24/7 Roi,Automotivo,Acessórios,11.69,15.25,True
PROD_2095,Harness B2B Web-Readiness,Automotivo,Acessórios,274.03,26.72,True
PROD_2096,Engineer Turn-Key E-Markets,Eletrônicos,Câmeras,145.14,13.08,True
PROD_2097,Deploy Seamless Systems,Casa e Decoração,Utilidades,31.92,9.4,True
PROD_2098,Extend Efficient Eyeballs,Esportes,Natação,44.8,27.49,True
PROD_2099,Revolutionize Dynamic Platforms,Alimentos,Doces,246.11,12.26,True
PROD_2100,Enable Viral Web-Readiness,Informática,Notebooks,66.09,8.16,True
PROD_2101,Engineer Real-Time Metrics,Esportes,Fitness,20.31,3.02,True
PROD_2102,Maximize Bleeding-Edge Metrics,Moda,Roupas Masculinas,81.43,23.82,False
PROD_2103,Enhance Bleeding-Edge Methodologies,Alimentos,Importados,24.4,24.77,True
PROD_2104,Utilize Synergistic Infrastructures,Saúde e Beleza,Perfumes,38.5,1.1,True
PROD_2105,Scale Compelling Channels,Casa e Decoração,Utilidades,84.71,10.82,True
PROD_2106,Deliver Collaborative Experiences,Saúde e Beleza,Vitaminas,319.34,22.52,True
PROD_2107,Disintermediate Viral Architectures,Saúde e Beleza,Cabelos,1020.44,28.4,False
PROD_2108,Synthesize Collaborative Channels,Livros,Ficção,461.8,11.4,True
PROD_2109,Leverage Dynamic E-Services,Esportes,Corrida,82.58,26.17,False
PROD_2110,Integrate Transparent Synergies,Informática,Componentes,1351.3,11.87,True
PROD_2111,Re-Contextualize Real-Time E-Markets,Eletrônicos,Câmeras,175.9,5.47,True
PROD_2112,Enhance 24/365 E-Tailers,Informática,Software,27.78,0.2,True
PROD_2113,Optimize Virtual Systems,Saúde e Beleza,Maquiagem,100.83,9.97,True
PROD_2114,Cultivate Holistic Vortals,Moda,Infantil,40.92,11.42,True
PROD_2115,Cultivate Ubiquitous Action-Items,Casa e Decoração,Móveis,20.14,28.36,False
PROD_2116,Brand Wireless Paradigms,Brinquedos,Jogos,22.0,6.26,True
PROD_2117,Expedite Enterprise Vortals,Informática,Componentes,75.44,11.53,False
PROD_2118,Strategize Robust Deliverables,Saúde e Beleza,Vitaminas,222.53,0.85,True
PROD_2119,Transform Customized Bandwidth,Casa e Decoração,Quadros,324.36,22.93,True
PROD_2120,Transition Revolutionary Action-Items,Alimentos,Importados,20.21,27.46,True
PROD_2121,Mesh Impactful Paradigms,Esportes,Fitness,62.56,7.21,True
PROD_2122,Engage Integrated Deliverables,Automotivo,Óleos,161.4,12.93,False
PROD_2123,Engineer Scalable Solutions,Livros,Ficção,108.01,3.75,True
PROD_2124,Envisioneer Visionary Interfaces,Casa e Decoração,Iluminação,207.15,13.76,True
PROD_2125,Matrix Seamless Technologies,Moda,Calçados,53.43,4.09,True
PROD_2126,Target Frictionless E-Commerce,Moda,Roupas Masculinas,414.68,15.75,False
PROD_2127,Envisioneer Scalable Deliverables,Casa e Decoração,Iluminação,89.56,22.07,True
PROD_2128,Productize B2B Bandwidth,Moda,Calçados,223.47,16.64,True
PROD_2129,E-Enable Customized Infrastructures,Esportes,Natação,57.0,7.43,True
PROD_2130,Drive One-To-One Roi,Moda,Calçados,96.55,10.68,True
PROD_2131,Revolutionize Global Interfaces,Informática,Software,13.26,19.19,True
PROD_2132,Deploy World-Class Systems,Automotivo,Óleos,32.98,17.73,True
PROD_2133,Utilize Virtual Bandwidth,Moda,Infantil,70.18,4.19,True
PROD_2134,Benchmark 24/365 Bandwidth,Automotivo,Acessórios,101.5,25.36,True
PROD_2135,Evolve Dot-Com Vortals,Saúde e Beleza,Cuidados Pessoais,2247.2,14.31,False
PROD_2136,Scale Granular Initiatives,Eletrônicos,TVs,56.92,4.95,True
PROD_2137,Evolve One-To-One Systems,Esportes,Futebol,17.25,3.77,False
PROD_2138,Whiteboard Bricks-And-Clicks Infrastructures,Eletrônicos,Smartphones,694.35,28.97,True
PROD_2139,Mesh Integrated Mindshare,Saúde e Beleza,Maquiagem,328.52,8.52,True
PROD_2140,Re-Intermediate Granular Architectures,Esportes,Futebol,22.47,27.27,True
PROD_2141,Engage Enterprise Paradigms,Casa e Decoração,Tapetes,157.33,12.38,True
PROD_2142,Revolutionize Frictionless Supply-Chains,Casa e Decoração,Tapetes,245.24,11.64,False
PROD_2143,Maximize B2C Communities,Automotivo,Ferramentas,109.57,21.06,False
PROD_2144,Cultivate B2B Roi,Saúde e Beleza,Perfumes,133.08,0.4,True
PROD_2145,Revolutionize Scalable E-Markets,Automotivo,Acessórios,42.15,10.21,False
PROD_2146,Monetize Extensible Systems,Livros,Ficção,164.77,9.15,True
PROD_2147,Envisioneer Viral Initiatives,Moda,Infantil,49.92,26.06,False
PROD_2148,Productize End-To-End Solutions,Brinquedos,Jogos,10.0,15.92,True
PROD_2149,Implement Dot-Com Synergies,Livros,Ficção,113.92,11.0,False
PROD_2150,Target Rich Models,Moda,Acessórios,12.05,8.06,False
PROD_2151,Incubate Clicks-And-Mortar Metrics,Esportes,Natação,303.75,17.76,True
PROD_2152,Matrix Rich Action-Items,Automotivo,Acessórios,23.17,4.64,True
PROD_2153,Architect Collaborative Bandwidth,Esportes,Ciclismo,10.0,7.46,True
PROD_2154,Deploy Visionary Infrastructures,Esportes,Natação,10.77,8.88,True
PROD_2155,Expedite Clicks-And-Mortar Action-Items,Moda,Acessórios,85.65,18.28,True
PROD_2156,Matrix Efficient E-Business,Saúde e Beleza,Cabelos,112.6,11.26,True
PROD_2157,Whiteboard Best-Of-Breed Markets,Moda,Roupas Masculinas,16.52,15.22,True
PROD_2158,Reinvent B2B Markets,Alimentos,Doces,24.86,19.55,True
PROD_2159,Visualize Cross-Media Paradigms,Casa e Decoração,Tapetes,89.15,28.69,True
PROD_2160,Orchestrate Robust Web Services,Casa e Decoração,Quadros,289.07,22.97,True
PROD_2161,Maximize Seamless Supply-Chains,Livros,Ficção,21.07,12.22,True
PROD_2162,Redefine E-Business Markets,Casa e Decoração,Móveis,141.88,22.47,True
PROD_2163,Transform Next-Generation Roi,Moda,Roupas Femininas,11.17,28.5,True
PROD_2164,Leverage Front-End E-Business,Informática,Componentes,131.51,15.03,True
PROD_2165,Repurpose Virtual Bandwidth,Automotivo,Peças,222.95,12.37,True
PROD_2166,Extend Bricks-And-Clicks Paradigms,Moda,Infantil,168.86,2.43,True
PROD_2167,Evolve Seamless Vortals,Moda,Calçados,296.86,26.78,True
PROD_2168,Disintermediate Enterprise Partnerships,Brinquedos,Bonecas,274.04,7.47,False
PROD_2169,Engineer Cutting-Edge Schemas,Automotivo,Som,825.77,2.01,True
PROD_2170,Optimize Distributed Info-Mediaries,Alimentos,Doces,102.55,16.16,False
PROD_2171,Enable 24/7 Niches,Casa e Decoração,Utilidades,828.71,25.39,True
PROD_2172,Facilitate Transparent Deliverables,Automotivo,Som,28.99,12.26,False
PROD_2173,Architect Best-Of-Breed E-Business,Casa e Decoração,Quadros,70.36,23.51,True
PROD_2174,Streamline Sticky Networks,Livros,Autoajuda,78.41,25.11,True
PROD_2175,Drive E-Business Info-Mediaries,Automotivo,Ferramentas,25.76,13.69,False
PROD_2176,Drive Front-End E-Commerce,Casa e Decoração,Quadros,10.0,17.77,True
PROD_2177,Expedite Turn-Key Portals,Alimentos,Doces,255.48,16.06,False
PROD_2178,Mesh Synergistic Channels,Eletrônicos,Acessórios,29.49,28.18,True
PROD_2179,Re-Intermediate Rich Deliverables,Esportes,Futebol,55.65,21.79,True
PROD_2180,Drive Rich Models,Esportes,Futebol,602.75,27.77,True
PROD_2181,Exploit Viral E-Business,Alimentos,Bebidas,178.84,6.68,False
PROD_2182,Enhance Distributed Solutions,Brinquedos,Jogos,726.51,9.38,True
PROD_2183,Implement 24/7 Web-Readiness,Eletrônicos,TVs,104.03,2.22,True
PROD_2184,Target 24/7 E-Tailers,Livros,Acadêmicos,175.32,15.05,True
PROD_2185,Exploit Next-Generation E-Markets,Alimentos,Doces,67.44,26.23,False
PROD_2186,Integrate Open-Source Convergence,Esportes,Natação,32.51,9.87,True
PROD_2187,Engage Killer Synergies,Esportes,Ciclismo,174.54,3.94,False
PROD_2188,Whiteboard 24/365 Technologies,Esportes,Futebol,53.35,2.15,True
PROD_2189,Morph Innovative Content,Saúde e Beleza,Cabelos,195.08,13.48,True
PROD_2190,Monetize World-Class Synergies,Alimentos,Bebidas,45.4,5.0,True
PROD_2191,Embrace Open-Source Supply-Chains,Moda,Acessórios,72.93,10.45,True
PROD_2192,Strategize Proactive Roi,Livros,Infantil,80.29,24.62,True
PROD_2193,Aggregate Open-Source Supply-Chains,Esportes,Fitness,327.79,11.58,True
PROD_2194,Re-Contextualize Compelling Info-Mediaries,Casa e Decoração,Móveis,54.1,18.34,True
PROD_2195,Exploit Robust Experiences,Alimentos,Saudáveis,374.05,15.11,True
PROD_2196,Enable Compelling Eyeballs,Saúde e Beleza,Maquiagem,30.39,21.58,True
PROD_2197,Whiteboard Ubiquitous Users,Alimentos,Doces,124.44,4.77,True
PROD_2198,Productize Open-Source Bandwidth,Livros,Infantil,39.44,27.62,True
PROD_2199,Generate Transparent Markets,Saúde e Beleza,Perfumes,343.4,19.34,True
PROD_2200,E-Enable Seamless Networks,Livros,Infantil,33.7,8.2,True
PROD_2201,Drive Turn-Key Schemas,Alimentos,Orgânicos,38.09,3.79,True
PROD_2202,Incubate Vertical E-Tailers,Moda,Roupas Femininas,19.93,4.58,False
PROD_2203,Maximize Open-Source Convergence,Livros,Infantil,101.87,23.5,True
PROD_2204,Optimize B2C Niches,Saúde e Beleza,Vitaminas,182.96,17.68,False
PROD_2205,E-Enable Proactive Supply-Chains,Saúde e Beleza,Maquiagem,160.73,11.48,True
PROD_2206,Synergize Frictionless Networks,Livros,Infantil,75.71,10.05,False
PROD_2207,Expedite Integrated Roi,Informática,Notebooks,40.75,25.69,True
PROD_2208,Expedite One-To-One Content,Alimentos,Importados,64.43,26.26,True
PROD_2209,Unleash Turn-Key Paradigms,Informática,Componentes,67.45,17.48,True
PROD_2210,Empower Transparent Infrastructures,Brinquedos,Eletrônicos,121.89,15.78,True
PROD_2211,Synthesize Web-Enabled Relationships,Alimentos,Orgânicos,112.24,24.51,True
PROD_2212,Grow Seamless E-Tailers,Livros,Autoajuda,726.08,22.51,True
PROD_2213,Mesh Seamless Roi,Eletrônicos,Câmeras,94.4,12.07,True
PROD_2214,Embrace Out-Of-The-Box Paradigms,Livros,Acadêmicos,138.79,2.57,False
PROD_2215,Revolutionize 24/365 Infrastructures,Informática,Redes,98.08,23.08,False
PROD_2216,Grow Proactive Info-Mediaries,Moda,Calçados,60.82,5.14,True
PROD_2217,Productize B2C Solutions,Livros,Acadêmicos,137.67,0.59,True
PROD_2218,Facilitate Compelling Deliverables,Livros,Ficção,54.34,25.31,False
PROD_2219,Monetize World-Class Eyeballs,Moda,Roupas Femininas,83.94,17.39,False
PROD_2220,Revolutionize Mission-Critical Deliverables,Livros,Técnicos,361.81,26.76,True
PROD_2221,Innovate End-To-End E-Tailers,Esportes,Futebol,50.28,14.59,True
PROD_2222,Drive Robust Bandwidth,Eletrônicos,Áudio,143.28,27.8,True
PROD_2223,Synergize One-To-One Synergies,Casa e Decoração,Móveis,10.0,10.68,False
PROD_2224,Monetize Revolutionary Methodologies,Eletrônicos,Acessórios,72.07,21.76,True
PROD_2225,Iterate E-Business Supply-Chains,Livros,Acadêmicos,49.87,9.1,True
PROD_2226,Target Revolutionary Platforms,Esportes,Futebol,103.99,0.13,True
PROD_2227,Mesh Extensible Web-Readiness,Alimentos,Bebidas,67.8,11.45,False
PROD_2228,Maximize Extensible Functionalities,Livros,Ficção,106.68,22.16,True
PROD_2229,Productize Best-Of-Breed Vortals,Informática,Notebooks,57.15,4.59,True
PROD_2230,Aggregate Dynamic Technologies,Esportes,Natação,143.11,15.19,True
PROD_2231,Empower Turn-Key Systems,Moda,Acessórios,11.5,6.45,False
PROD_2232,Repurpose 24/7 Niches,Esportes,Futebol,102.89,2.33,True
PROD_2233,Orchestrate Granular Niches,Moda,Roupas Masculinas,29.24,18.56,True
PROD_2234,Embrace Value-Added E-Business,Brinquedos,Educativos,365.56,28.56,True
PROD_2235,Engage Sticky E-Tailers,Casa e Decoração,Utilidades,28.68,9.39,True
PROD_2236,Incubate Cross-Media Schemas,Automotivo,Som,297.16,17.46,True
PROD_2237,Harness Real-Time Eyeballs,Esportes,Futebol,88.78,28.61,True
PROD_2238,Unleash Front-End Networks,Saúde e Beleza,Perfumes,10.03,19.55,True
PROD_2239,Incentivize Frictionless Partnerships,Informática,Periféricos,31.45,20.23,False
PROD_2240,Monetize Cross-Platform Users,Livros,Acadêmicos,248.98,5.45,True
PROD_2241,Grow Scalable Channels,Informática,Software,232.57,14.83,True
PROD_2242,Utilize Collaborative Methodologies,Eletrônicos,Câmeras,18.93,11.08,True
PROD_2243,Streamline Sticky Architectures,Automotivo,Acessórios,587.24,14.18,True
PROD_2244,Streamline E-Business E-Commerce,Eletrônicos,TVs,87.4,24.04,True
PROD_2245,Strategize Virtual Metrics,Brinquedos,Educativos,260.29,13.87,True
PROD_2246,Productize Customized E-Business,Automotivo,Peças,21.03,1.98,True
PROD_2247,Seize Extensible Supply-Chains,Automotivo,Ferramentas,52.08,27.18,True
PROD_2248,Transition 24/365 Web Services,Eletrônicos,Áudio,148.28,16.39,True
PROD_2249,Exploit Strategic Bandwidth,Moda,Calçados,61.82,27.74,True
PROD_2250,Maximize End-To-End Infrastructures,Eletrônicos,Áudio,10.0,17.21,True
PROD_2251,Transition Plug-And-Play Platforms,Informática,Periféricos,71.6,2.18,True
PROD_2252,Target Extensible Methodologies,Moda,Roupas Femininas,10.0,16.63,True
PROD_2253,Visualize Plug-And-Play Info-Mediaries,Informática,Software,24.91,17.31,True
PROD_2254,Enhance Magnetic Eyeballs,Brinquedos,Jogos,16.72,6.51,True
PROD_2255,Cultivate Back-End Relationships,Livros,Técnicos,350.4,14.18,True
PROD_2256,Strategize Viral Web Services,Alimentos,Orgânicos,510.62,13.84,True
PROD_2257,Facilitate World-Class Bandwidth,Moda,Acessórios,135.62,18.72,False
PROD_2258,Synthesize Proactive Partnerships,Brinquedos,Jogos,68.3,7.86,True
PROD_2259,Syndicate One-To-One Convergence,Saúde e Beleza,Perfumes,93.13,17.49,True
PROD_2260,Syndicate Plug-And-Play Communities,Brinquedos,Educativos,350.1,7.3,False
PROD_2261,Envisioneer Cross-Media Metrics,Eletrônicos,Acessórios,10.0,13.45,True
PROD_2262,Maximize End-To-End Mindshare,Eletrônicos,Câmeras,24.78,3.77,True
PROD_2263,Transform Wireless Platforms,Alimentos,Bebidas,300.32,1.22,False
PROD_2264,Harness Intuitive Content,Brinquedos,Veículos,385.57,9.69,True
PROD_2265,Incubate Plug-And-Play Interfaces,Casa e Decoração,Quadros,182.67,8.31,True
PROD_2266,Benchmark Transparent Action-Items,Livros,Acadêmicos,25.69,12.27,True
PROD_2267,Re-Intermediate Interactive Schemas,Eletrônicos,Câmeras,295.14,28.86,True
PROD_2268,Leverage Compelling Architectures,Alimentos,Orgânicos,461.15,15.71,True
PROD_2269,Optimize Cross-Platform E-Tailers,Livros,Autoajuda,213.13,16.64,True
PROD_2270,Transition User-Centric E-Commerce,Brinquedos,Eletrônicos,10.0,28.25,True
PROD_2271,Maximize Cross-Platform Users,Brinquedos,Eletrônicos,104.53,27.64,True
PROD_2272,Scale Web-Enabled Roi,Automotivo,Som,181.69,26.53,True
PROD_2273,Repurpose Intuitive Networks,Alimentos,Bebidas,48.49,3.03,False
PROD_2274,E-Enable Holistic Initiatives,Eletrônicos,TVs,112.62,19.07,True
PROD_2275,Benchmark Plug-And-Play Vortals,Casa e Decoração,Móveis,48.61,24.26,True
PROD_2276,Engage Mission-Critical Systems,Brinquedos,Bonecas,32.01,25.08,True
PROD_2277,Reinvent Extensible Interfaces,Casa e Decoração,Iluminação,551.54,17.38,True
PROD_2278,Optimize Sticky Methodologies,Brinquedos,Veículos,116.52,0.62,True
PROD_2279,Transition Enterprise Vortals,Eletrônicos,Acessórios,23.87,29.21,True
PROD_2280,Synthesize Leading-Edge Infrastructures,Livros,Infantil,17.25,14.22,True
PROD_2281,Architect Global Applications,Esportes,Futebol,32.03,11.87,False
PROD_2282,Productize Clicks-And-Mortar Eyeballs,Livros,Ficção,32.24,11.91,True
PROD_2283,Repurpose B2C Systems,Brinquedos,Eletrônicos,107.32,12.78,True
PROD_2284,Incubate Distributed Architectures,Informática,Notebooks,161.2,7.34,True
PROD_2285,Re-Intermediate Customized Solutions,Esportes,Futebol,161.0,9.89,True
PROD_2286,Architect Turn-Key Content,Esportes,Futebol,36.59,29.56,False
PROD_2287,Maximize Seamless E-Commerce,Casa e Decoração,Tapetes,271.72,11.11,True
PROD_2288,Unleash Cross-Media Infrastructures,Alimentos,Doces,392.84,15.85,False
PROD_2289,Benchmark Value-Added E-Business,Casa e Decoração,Móveis,65.89,25.46,True
PROD_2290,Deliver Wireless Channels,Casa e Decoração,Tapetes,26.09,15.87,True
PROD_2291,Iterate Distributed Markets,Informática,Software,101.53,9.8,True
PROD_2292,Disintermediate Scalable Synergies,Livros,Autoajuda,1202.42,15.76,True
PROD_2293,Unleash Synergistic Initiatives,Livros,Infantil,25.28,3.51,True
PROD_2294,Cultivate Front-End Web-Readiness,Saúde e Beleza,Perfumes,47.88,3.99,True
PROD_2295,Incentivize User-Centric Applications,Brinquedos,Jogos,96.44,20.85,True
PROD_2296,Strategize Turn-Key Architectures,Informática,Software,172.43,27.53,False
PROD_2297,Strategize Enterprise E-Commerce,Saúde e Beleza,Perfumes,10.0,21.8,False
PROD_2298,Incubate Killer Web Services,Eletrônicos,Câmeras,431.41,2.33,True
PROD_2299,Reinvent Collaborative Channels,Brinquedos,Veículos,424.43,12.15,False
PROD_2300,Aggregate Integrated Relationships,Brinquedos,Jogos,54.07,0.18,True
PROD_2301,E-Enable Next-Generation Eyeballs,Automotivo,Acessórios,2316.8,15.39,True
PROD_2302,Envisioneer End-To-End Channels,Automotivo,Som,392.78,5.88,True
PROD_2303,Implement Intuitive Experiences,Moda,Infantil,368.46,26.06,True
PROD_2304,Utilize B2B Models,Moda,Roupas Femininas,374.3,3.22,False
PROD_2305,Repurpose User-Centric Channels,Casa e Decoração,Iluminação,361.57,0.14,True
PROD_2306,Evolve Global Experiences,Eletrônicos,Câmeras,87.68,13.59,True
PROD_2307,Exploit Next-Generation Bandwidth,Esportes,Futebol,77.85,4.75,True
PROD_2308,Productize Cutting-Edge E-Business,Esportes,Corrida,29.01,22.17,True
PROD_2309,Reinvent Ubiquitous Mindshare,Automotivo,Peças,45.02,27.61,True
PROD_2310,Brand Customized Architectures,Automotivo,Acessórios,61.99,1.35,True
PROD_2311,Seize Magnetic Roi,Automotivo,Som,97.37,11.93,True
PROD_2312,Brand Clicks-And-Mortar Networks,Informática,Componentes,612.75,29.9,True
PROD_2313,Synthesize Web-Enabled Mindshare,Alimentos,Saudáveis,10.0,22.01,True
PROD_2314,Empower Transparent Users,Moda,Calçados,452.11,28.6,True
PROD_2315,Maximize Bricks-And-Clicks Paradigms,Informática,Periféricos,26.73,5.01,True
PROD_2316,Integrate Compelling Relationships,Livros,Ficção,79.41,6.72,False
PROD_2317,Embrace Compelling Infrastructures,Esportes,Ciclismo,37.74,4.73,True
PROD_2318,Orchestrate Efficient Bandwidth,Brinquedos,Bonecas,833.08,9.14,True
PROD_2319,Mesh Strategic Deliverables,Moda,Acessórios,49.4,21.76,True
PROD_2320,Matrix E-Business Action-Items,Saúde e Beleza,Maquiagem,168.3,5.03,True
PROD_2321,Syndicate Intuitive Methodologies,Livros,Ficção,179.1,15.77,True
PROD_2322,Whiteboard Extensible E-Business,Moda,Roupas Femininas,22.38,8.15,False
PROD_2323,Streamline Cross-Platform Users,Informática,Redes,80.15,24.89,True
PROD_2324,Revolutionize Value-Added Info-Mediaries,Eletrônicos,Smartphones,381.91,0.3,False
PROD_2325,Target Collaborative Networks,Brinquedos,Veículos,31.57,6.77,False
PROD_2326,Drive Open-Source E-Markets,Moda,Roupas Femininas,243.41,18.2,False
PROD_2327,Seize Distributed Technologies,Alimentos,Importados,60.5,2.99,True
PROD_2328,Leverage Robust Metrics,Automotivo,Acessórios,363.72,14.04,False
PROD_2329,Extend Seamless Networks,Automotivo,Acessórios,732.89,13.14,True
PROD_2330,Morph Leading-Edge Functionalities,Brinquedos,Jogos,10.0,25.59,True
PROD_2331,Syndicate Frictionless Networks,Informática,Software,18.07,18.8,True
PROD_2332,Streamline Distributed E-Business,Automotivo,Ferramentas,53.19,19.23,True
PROD_2333,Utilize Front-End Models,Moda,Acessórios,522.44,28.56,True
PROD_2334,Evolve End-To-End Mindshare,Saúde e Beleza,Vitaminas,170.54,29.47,True
PROD_2335,Optimize Efficient Portals,Esportes,Ciclismo,20.21,19.64,False
PROD_2336,Enable Efficient Niches,Esportes,Corrida,203.3,15.71,True
PROD_2337,Iterate Dot-Com Synergies,Livros,Técnicos,30.07,18.28,True
PROD_2338,Extend One-To-One Metrics,Casa e Decoração,Tapetes,255.86,11.54,True
PROD_2339,Reinvent B2C Web Services,Eletrônicos,Acessórios,171.87,29.62,False
PROD_2340,Grow Out-Of-The-Box Roi,Brinquedos,Veículos,29.91,21.18,True
PROD_2341,Morph Web-Enabled Models,Livros,Técnicos,83.17,8.8,True
PROD_2342,Reinvent Robust Supply-Chains,Casa e Decoração,Móveis,391.36,1.83,True
PROD_2343,Evolve B2B Metrics,Informática,Notebooks,10.0,1.44,True
PROD_2344,Re-Contextualize B2C Models,Alimentos,Importados,129.2,6.23,True
PROD_2345,Engineer Transparent Architectures,Alimentos,Doces,23.85,7.06,True
PROD_2346,Incentivize Visionary Functionalities,Eletrônicos,Smartphones,88.29,12.51,True
PROD_2347,Leverage Best-Of-Breed Networks,Automotivo,Óleos,155.92,6.52,True
PROD_2348,Drive Cross-Media Markets,Moda,Infantil,1008.08,18.96,False
PROD_2349,Visualize Back-End Initiatives,Livros,Infantil,87.22,6.42,True
PROD_2350,Streamline Frictionless Bandwidth,Livros,Infantil,522.5,5.72,True
PROD_2351,Strategize Collaborative Content,Brinquedos,Bonecas,32.83,14.19,True
PROD_2352,Syndicate Bleeding-Edge Architectures,Brinquedos,Jogos,49.7,26.67,True
PROD_2353,Innovate Integrated Info-Mediaries,Alimentos,Importados,182.08,14.1,False
PROD_2354,Morph B2B Deliverables,Alimentos,Importados,114.68,12.47,True
PROD_2355,Cultivate User-Centric Synergies,Saúde e Beleza,Maquiagem,60.7,17.39,True
PROD_2356,Envisioneer Customized Architectures,Saúde e Beleza,Maquiagem,58.76,7.79,True
PROD_2357,Innovate Turn-Key Deliverables,Automotivo,Som,445.84,10.67,True
PROD_2358,Innovate Revolutionary Platforms,Saúde e Beleza,Vitaminas,63.68,6.49,True
PROD_2359,Redefine Synergistic E-Commerce,Moda,Roupas Masculinas,26.44,17.2,False
PROD_2360,Re-Intermediate Real-Time Supply-Chains,Moda,Roupas Masculinas,32.27,20.95,False
PROD_2361,Empower Real-Time Platforms,Livros,Infantil,201.12,20.24,True
PROD_2362,Morph Impactful Bandwidth,Esportes,Ciclismo,1349.96,7.72,True
PROD_2363,Revolutionize Web-Enabled Methodologies,Moda,Calçados,48.0,23.41,True
PROD_2364,Benchmark Dynamic Deliverables,Casa e Decoração,Móveis,1186.01,7.75,True
PROD_2365,Facilitate Viral Vortals,Alimentos,Orgânicos,88.85,4.59,True
PROD_2366,Engage Value-Added Methodologies,Brinquedos,Veículos,64.34,10.56,True
PROD_2367,Implement Innovative Synergies,Saúde e Beleza,Cabelos,30.19,17.97,True
PROD_2368,Deploy Mission-Critical Deliverables,Livros,Técnicos,70.98,4.35,True
PROD_2369,Transform Customized Convergence,Eletrônicos,Câmeras,36.33,19.48,True
PROD_2370,Enhance Front-End Portals,Brinquedos,Eletrônicos,32.99,25.91,True
PROD_2371,Aggregate Robust Web-Readiness,Casa e Decoração,Utilidades,12.4,8.86,True
PROD_2372,Re-Intermediate E-Business Markets,Saúde e Beleza,Perfumes,749.45,13.56,True
PROD_2373,Expedite Killer Metrics,Casa e Decoração,Iluminação,322.87,6.93,True
PROD_2374,Whiteboard 24/7 Initiatives,Alimentos,Saudáveis,124.7,10.9,True
PROD_2375,Evolve End-To-End Architectures,Alimentos,Saudáveis,75.73,0.76,True
PROD_2376,Repurpose Viral Initiatives,Automotivo,Ferramentas,89.42,28.62,True
PROD_2377,Scale Viral Portals,Livros,Ficção,35.44,12.54,True
PROD_2378,Envisioneer Plug-And-Play Web Services,Brinquedos,Bonecas,23.09,23.69,False
PROD_2379,Re-Contextualize Intuitive Functionalities,Informática,Notebooks,212.92,4.37,True
PROD_2380,Target Efficient E-Commerce,Informática,Componentes,65.72,24.39,True
PROD_2381,Scale World-Class Portals,Brinquedos,Jogos,133.07,25.82,True
PROD_2382,Leverage Intuitive Niches,Eletrônicos,TVs,12.24,21.49,True
PROD_2383,Revolutionize Leading-Edge Architectures,Livros,Acadêmicos,61.65,27.11,True
PROD_2384,Synergize Open-Source Markets,Casa e Decoração,Iluminação,22.56,5.1,False
PROD_2385,Morph Back-End Roi,Eletrônicos,Acessórios,160.91,14.35,True
PROD_2386,Grow Innovative Models,Esportes,Fitness,297.18,18.64,False
PROD_2387,Re-Contextualize 24/365 E-Business,Brinquedos,Jogos,518.86,17.93,True
PROD_2388,Strategize Virtual Experiences,Casa e Decoração,Móveis,42.32,25.85,True
PROD_2389,Synthesize Sticky Eyeballs,Informática,Notebooks,23.26,6.55,True
PROD_2390,Incubate User-Centric E-Tailers,Moda,Roupas Femininas,54.47,5.35,True
PROD_2391,Re-Intermediate Sticky Systems,Automotivo,Peças,38.89,7.68,True
PROD_2392,Unleash Back-End Platforms,Informática,Periféricos,151.03,26.76,True
PROD_2393,Integrate Intuitive Partnerships,Livros,Técnicos,16.72,28.24,True
PROD_2394,Maximize Dot-Com Systems,Alimentos,Orgânicos,10.97,17.13,True
PROD_2395,Utilize Rich Eyeballs,Moda,Calçados,59.4,15.09,True
PROD_2396,Visualize Clicks-And-Mortar Paradigms,Automotivo,Peças,215.25,18.2,True
PROD_2397,Repurpose Integrated Niches,Automotivo,Ferramentas,26.23,18.53,False
PROD_2398,Orchestrate Open-Source Interfaces,Esportes,Futebol,249.37,5.19,True
PROD_2399,Maximize Clicks-And-Mortar Mindshare,Esportes,Fitness,139.55,20.62,True
PROD_2400,Unleash Holistic Info-Mediaries,Saúde e Beleza,Cabelos,576.03,13.63,True
PROD_2401,Brand Wireless Partnerships,Informática,Periféricos,34.37,15.57,True
PROD_2402,Incubate Magnetic Synergies,Informática,Periféricos,13.1,1.01,True
PROD_2403,Synergize Compelling Initiatives,Informática,Redes,184.61,22.96,True
PROD_2404,Maximize Synergistic Supply-Chains,Saúde e Beleza,Cuidados Pessoais,125.95,25.08,True
PROD_2405,Innovate Seamless Interfaces,Eletrônicos,Áudio,114.78,18.62,True
PROD_2406,Streamline E-Business Relationships,Automotivo,Acessórios,25.6,22.49,True
PROD_2407,Incubate Cross-Platform Infrastructures,Moda,Roupas Masculinas,228.19,15.73,False
PROD_2408,E-Enable Ubiquitous Technologies,Livros,Acadêmicos,42.09,18.59,False
PROD_2409,Visualize 24/365 Roi,Automotivo,Som,114.72,11.9,False
PROD_2410,Engage Revolutionary Architectures,Esportes,Fitness,51.86,23.78,True
PROD_2411,Repurpose Dynamic Content,Casa e Decoração,Iluminação,137.72,14.1,True
PROD_2412,Scale Integrated Platforms,Alimentos,Saudáveis,21.45,20.44,True
PROD_2413,Whiteboard Synergistic Models,Saúde e Beleza,Cuidados Pessoais,163.96,18.68,True
PROD_2414,Evolve Visionary Solutions,Brinquedos,Educativos,198.17,21.1,True
PROD_2415,Enable Robust Solutions,Casa e Decoração,Quadros,103.46,23.58,True
PROD_2416,Utilize Web-Enabled Models,Livros,Técnicos,647.21,15.43,False
PROD_2417,Synergize Innovative Users,Informática,Notebooks,115.42,24.41,True
PROD_2418,Visualize Extensible Models,Esportes,Ciclismo,271.1,14.97,True
PROD_2419,Incubate Customized Web-Readiness,Esportes,Futebol,100.57,28.7,True
PROD_2420,Integrate Cross-Platform Markets,Esportes,Corrida,243.54,22.6,True
PROD_2421,Facilitate Revolutionary Interfaces,Informática,Periféricos,14.3,5.22,True
PROD_2422,Embrace Killer Experiences,Brinquedos,Jogos,93.65,24.9,True
PROD_2423,Repurpose Ubiquitous Methodologies,Saúde e Beleza,Cuidados Pessoais,23.28,16.59,True
PROD_2424,Cultivate B2C Applications,Casa e Decoração,Tapetes,106.54,29.54,True
PROD_2425,Enhance Intuitive Paradigms,Informática,Periféricos,142.74,21.59,True
PROD_2426,Extend B2B Models,Livros,Infantil,237.22,2.62,True
PROD_2427,Visualize Vertical Info-Mediaries,Saúde e Beleza,Perfumes,162.05,11.91,True
PROD_2428,Redefine Revolutionary Action-Items,Livros,Infantil,60.09,15.57,True
PROD_2429,Scale End-To-End Synergies,Saúde e Beleza,Cuidados Pessoais,36.44,25.19,True
PROD_2430,Reinvent Scalable Content,Brinquedos,Jogos,10.0,21.91,True
PROD_2431,Transition Mission-Critical Bandwidth,Alimentos,Bebidas,97.77,11.14,True
PROD_2432,Re-Intermediate Frictionless Applications,Livros,Autoajuda,352.64,19.64,True
PROD_2433,Optimize Sticky Initiatives,Informática,Redes,102.52,17.35,False
PROD_2434,Synthesize Magnetic Partnerships,Saúde e Beleza,Cabelos,81.31,3.87,True
PROD_2435,Exploit 24/365 E-Commerce,Esportes,Corrida,106.88,7.12,True
PROD_2436,Facilitate Wireless Vortals,Automotivo,Óleos,56.53,10.3,True
PROD_2437,Embrace Global Vortals,Esportes,Fitness,113.75,5.94,True
PROD_2438,E-Enable Killer Paradigms,Eletrônicos,Câmeras,55.37,4.59,True
PROD_2439,Benchmark Virtual Supply-Chains,Alimentos,Saudáveis,30.61,1.84,True
PROD_2440,Optimize 24/7 Niches,Alimentos,Bebidas,82.24,26.21,True
PROD_2441,Orchestrate Next-Generation Communities,Esportes,Corrida,80.12,8.74,True
PROD_2442,Scale Out-Of-The-Box Schemas,Casa e Decoração,Quadros,854.23,8.78,True
PROD_2443,Leverage Visionary Action-Items,Brinquedos,Eletrônicos,34.23,6.27,True
PROD_2444,Re-Contextualize Revolutionary Channels,Livros,Técnicos,74.34,14.31,True
PROD_2445,Transform Enterprise Communities,Informática,Redes,66.16,15.48,True
PROD_2446,Utilize Holistic Infrastructures,Alimentos,Saudáveis,52.6,6.33,True
PROD_2447,Implement Clicks-And-Mortar Roi,Esportes,Fitness,166.62,18.3,False
PROD_2448,Re-Contextualize E-Business Experiences,Esportes,Futebol,1320.22,21.72,True
PROD_2449,Benchmark Front-End E-Markets,Brinquedos,Eletrônicos,61.25,11.28,True
PROD_2450,Scale Collaborative Channels,Brinquedos,Eletrônicos,167.18,17.61,True
PROD_2451,Architect B2B Functionalities,Moda,Calçados,10.0,15.12,True
PROD_2452,Empower Customized E-Markets,Moda,Acessórios,56.14,5.95,True
PROD_2453,Incentivize Virtual E-Business,Casa e Decoração,Tapetes,581.89,21.93,True
PROD_2454,Scale Robust Metrics,Casa e Decoração,Iluminação,84.27,24.06,True
PROD_2455,Reinvent Rich E-Business,Eletrônicos,Acessórios,164.48,19.5,True
PROD_2456,Evolve Seamless Convergence,Casa e Decoração,Tapetes,42.64,9.78,True
PROD_2457,Deploy Clicks-And-Mortar Schemas,Saúde e Beleza,Vitaminas,122.62,27.81,False
PROD_2458,Incentivize Dynamic Initiatives,Brinquedos,Jogos,638.63,13.72,False
PROD_2459,Mesh Mission-Critical E-Business,Informática,Notebooks,22.37,8.05,True
PROD_2460,Disintermediate Magnetic Bandwidth,Saúde e Beleza,Cuidados Pessoais,1241.22,12.31,True
PROD_2461,Revolutionize Best-Of-Breed Niches,Livros,Técnicos,14.08,20.79,False
PROD_2462,Streamline Dynamic Initiatives,Esportes,Fitness,50.27,25.39,True
PROD_2463,Generate B2C Methodologies,Casa e Decoração,Tapetes,33.01,10.76,True
PROD_2464,Iterate Collaborative Models,Esportes,Futebol,64.91,7.06,True
PROD_2465,Reinvent Granular Web Services,Alimentos,Orgânicos,32.5,18.83,True
PROD_2466,Re-Contextualize Revolutionary Markets,Eletrônicos,Áudio,29.68,27.64,True
PROD_2467,Visualize Bricks-And-Clicks Technologies,Alimentos,Orgânicos,21.67,5.58,False
PROD_2468,Architect User-Centric Portals,Eletrônicos,Acessórios,194.97,24.11,True
PROD_2469,Facilitate Ubiquitous Paradigms,Moda,Calçados,67.66,14.35,True
PROD_2470,Transform Scalable Users,Esportes,Futebol,49.43,24.01,True
PROD_2471,Reinvent Granular Web-Readiness,Eletrônicos,Smartphones,126.31,15.22,True
PROD_2472,Synthesize One-To-One Partnerships,Automotivo,Peças,14.98,11.38,False
PROD_2473,Productize Web-Enabled Systems,Saúde e Beleza,Cabelos,130.01,20.93,True
PROD_2474,Benchmark World-Class E-Markets,Eletrônicos,Áudio,80.44,27.03,True
PROD_2475,Aggregate World-Class E-Services,Eletrônicos,TVs,83.46,9.68,True
PROD_2476,Revolutionize One-To-One Vortals,Saúde e Beleza,Maquiagem,167.84,13.88,True
PROD_2477,Enhance Mission-Critical Action-Items,Esportes,Fitness,646.92,6.96,True
PROD_2478,Extend Transparent Solutions,Esportes,Ciclismo,132.63,5.58,True
PROD_2479,Synergize Magnetic Partnerships,Saúde e Beleza,Perfumes,70.82,23.36,True
PROD_2480,Syndicate Holistic Markets,Alimentos,Bebidas,21.78,6.1,True
PROD_2481,Matrix User-Centric Eyeballs,Automotivo,Som,10.0,23.82,True
PROD_2482,Architect Ubiquitous Roi,Informática,Componentes,104.95,12.93,True
PROD_2483,Synergize Out-Of-The-Box Channels,Livros,Técnicos,19.85,29.85,True
PROD_2484,Target Dynamic Functionalities,Automotivo,Óleos,10.0,6.0,True
PROD_2485,Seize Real-Time Solutions,Esportes,Natação,59.08,2.88,False
PROD_2486,Facilitate End-To-End Paradigms,Informática,Redes,119.99,2.36,False
PROD_2487,Scale Leading-Edge Niches,Moda,Acessórios,219.9,25.08,True
PROD_2488,Enable One-To-One Bandwidth,Casa e Decoração,Utilidades,321.66,13.19,True
PROD_2489,Target Next-Generation Communities,Eletrônicos,Smartphones,257.46,0.19,True
PROD_2490,Engineer Cross-Platform E-Services,Saúde e Beleza,Cuidados Pessoais,265.89,26.26,True
PROD_2491,Matrix Distributed Metrics,Saúde e Beleza,Maquiagem,15.46,26.32,True
PROD_2492,Leverage Frictionless Networks,Eletrônicos,Câmeras,75.23,24.21,True
PROD_2493,Engage Bleeding-Edge Infrastructures,Casa e Decoração,Tapetes,180.51,7.52,False
PROD_2494,Deploy Holistic E-Tailers,Livros,Autoajuda,95.17,11.25,True
PROD_2495,Benchmark Collaborative Bandwidth,Casa e Decoração,Quadros,74.73,22.37,True
PROD_2496,Empower Value-Added E-Commerce,Informática,Periféricos,93.1,14.73,True
PROD_2497,Extend Interactive Action-Items,Casa e Decoração,Utilidades,120.86,4.7,True
PROD_2498,Harness User-Centric Applications,Informática,Notebooks,82.08,7.36,True
PROD_2499,Enhance B2C Networks,Casa e Decoração,Utilidades,32.6,29.18,False
PROD_2500,Productize Clicks-And-Mortar E-Markets,Livros,Infantil,11.67,4.62,True
PROD_2501,Integrate Revolutionary Info-Mediaries,Livros,Acadêmicos,70.47,21.81,True
PROD_2502,Drive Robust E-Commerce,Esportes,Corrida,96.45,14.39,True
PROD_2503,Mesh Impactful Info-Mediaries,Eletrônicos,Áudio,95.19,22.48,False
PROD_2504,Exploit Mission-Critical Systems,Livros,Ficção,282.45,19.87,True
PROD_2505,Synthesize Web-Enabled Infrastructures,Informática,Periféricos,349.58,13.23,True
PROD_2506,Engage Value-Added E-Markets,Livros,Ficção,79.45,10.68,True
PROD_2507,Architect End-To-End Convergence,Esportes,Ciclismo,80.14,22.66,True
PROD_2508,Envisioneer Web-Enabled Experiences,Saúde e Beleza,Cuidados Pessoais,179.07,9.76,True
PROD_2509,Evolve Vertical Info-Mediaries,Informática,Redes,150.18,23.65,True
PROD_2510,Repurpose Extensible Communities,Esportes,Natação,52.93,20.43,True
PROD_2511,Unleash Ubiquitous Networks,Alimentos,Importados,198.51,17.37,False
PROD_2512,Extend Proactive Bandwidth,Alimentos,Bebidas,75.52,11.13,True
PROD_2513,Target Global Interfaces,Moda,Roupas Femininas,77.47,6.23,True
PROD_2514,Reinvent Out-Of-The-Box Functionalities,Casa e Decoração,Móveis,151.46,21.34,True
PROD_2515,Target Clicks-And-Mortar Functionalities,Eletrônicos,Áudio,62.71,2.83,True
PROD_2516,Optimize Integrated Supply-Chains,Brinquedos,Bonecas,100.85,29.12,True
PROD_2517,Mesh Robust Technologies,Automotivo,Acessórios,128.64,29.36,True
PROD_2518,Brand Real-Time E-Business,Esportes,Ciclismo,239.99,3.99,True
PROD_2519,Incubate Best-Of-Breed Methodologies,Saúde e Beleza,Cabelos,220.91,3.21,True
PROD_2520,Evolve Open-Source Markets,Automotivo,Acessórios,124.02,12.44,True
PROD_2521,Deliver Bricks-And-Clicks Markets,Saúde e Beleza,Cabelos,10.0,28.91,True
PROD_2522,Embrace Integrated Relationships,Automotivo,Ferramentas,120.54,12.07,True
PROD_2523,Target Revolutionary Relationships,Esportes,Ciclismo,145.11,10.98,True
PROD_2524,Disintermediate Virtual Experiences,Brinquedos,Eletrônicos,185.14,21.14,True
PROD_2525,Engage Innovative Schemas,Automotivo,Som,28.58,5.44,True
PROD_2526,Unleash Best-Of-Breed Channels,Esportes,Natação,10.0,10.96,True
PROD_2527,Facilitate Web-Enabled Users,Livros,Acadêmicos,236.84,8.81,True
PROD_2528,Embrace Compelling Applications,Brinquedos,Veículos,20.71,18.09,False
PROD_2529,Cultivate Best-Of-Breed E-Services,Informática,Periféricos,390.18,4.97,True
PROD_2530,Harness Synergistic Niches,Saúde e Beleza,Perfumes,44.95,16.51,False
PROD_2531,Deliver Cutting-Edge Niches,Alimentos,Orgânicos,26.24,25.74,True
PROD_2532,Streamline Innovative Relationships,Casa e Decoração,Móveis,136.94,15.47,True
PROD_2533,Seize Customized Models,Alimentos,Orgânicos,188.56,20.54,True
PROD_2534,Deliver 24/7 Info-Mediaries,Brinquedos,Educativos,175.54,2.35,True
PROD_2535,Unleash Distributed Systems,Informática,Notebooks,164.34,13.53,True
PROD_2536,Re-Intermediate Out-Of-The-Box Methodologies,Saúde e Beleza,Cuidados Pessoais,38.5,2.94,True
PROD_2537,Scale Innovative Solutions,Informática,Notebooks,14.41,18.02,True
PROD_2538,Productize Ubiquitous Infrastructures,Automotivo,Peças,56.4,8.5,True
PROD_2539,Evolve Impactful Roi,Saúde e Beleza,Cuidados Pessoais,22.76,8.69,True
PROD_2540,Envisioneer Intuitive Platforms,Automotivo,Som,151.27,2.4,True
PROD_2541,Leverage Efficient Initiatives,Esportes,Ciclismo,257.01,9.38,True
PROD_2542,Scale B2B Models,Brinquedos,Bonecas,110.75,15.25,True
PROD_2543,Orchestrate Best-Of-Breed Deliverables,Esportes,Natação,89.92,17.58,True
PROD_2544,Whiteboard Vertical Technologies,Moda,Roupas Masculinas,62.02,2.09,True
PROD_2545,Deploy End-To-End Info-Mediaries,Informática,Notebooks,291.9,19.58,True
PROD_2546,Seize Next-Generation Systems,Automotivo,Óleos,10.01,14.72,True
PROD_2547,Extend Vertical Technologies,Livros,Infantil,21.17,16.15,True
PROD_2548,Aggregate Innovative Web-Readiness,Esportes,Natação,806.0,25.0,True
PROD_2549,Cultivate Bleeding-Edge Deliverables,Moda,Infantil,19.97,10.33,False
PROD_2550,Visualize Open-Source E-Markets,Eletrônicos,TVs,170.25,5.3,True
PROD_2551,Benchmark Cross-Platform Experiences,Alimentos,Saudáveis,217.92,16.6,True
PROD_2552,Visualize World-Class Models,Saúde e Beleza,Perfumes,10.0,28.36,True
PROD_2553,Benchmark Visionary Bandwidth,Moda,Calçados,11.23,15.58,True
PROD_2554,Monetize End-To-End Content,Brinquedos,Veículos,410.62,24.97,True
PROD_2555,Leverage Back-End E-Services,Esportes,Ciclismo,28.01,22.74,True
PROD_2556,Syndicate Out-Of-The-Box Technologies,Brinquedos,Veículos,28.94,15.6,True
PROD_2557,Revolutionize Scalable Eyeballs,Alimentos,Saudáveis,48.18,19.46,True
PROD_2558,Seize Front-End Bandwidth,Livros,Ficção,28.09,12.26,True
PROD_2559,Leverage Granular Users,Informática,Periféricos,169.27,15.97,True
PROD_2560,Envisioneer Viral Roi,Informática,Redes,21.79,15.27,True
PROD_2561,E-Enable B2C Communities,Brinquedos,Veículos,10.0,21.3,True
PROD_2562,Incentivize One-To-One Paradigms,Automotivo,Acessórios,360.55,12.36,True
PROD_2563,Harness End-To-End Systems,Livros,Autoajuda,23.12,3.08,True
PROD_2564,Morph Out-Of-The-Box Roi,Informática,Redes,36.51,23.68,True
PROD_2565,Architect Robust Web Services,Livros,Acadêmicos,243.67,20.58,True
PROD_2566,Harness Cross-Media Eyeballs,Moda,Infantil,97.93,28.51,True
PROD_2567,Disintermediate Customized Users,Livros,Técnicos,342.0,12.92,True
PROD_2568,Leverage Seamless Initiatives,Casa e Decoração,Móveis,248.18,2.44,True
PROD_2569,Redefine Proactive Interfaces,Alimentos,Doces,52.24,3.74,False
PROD_2570,Re-Contextualize Rich Eyeballs,Informática,Notebooks,306.83,23.22,True
PROD_2571,Target Turn-Key Eyeballs,Livros,Técnicos,110.09,2.13,True
PROD_2572,Implement Open-Source Experiences,Brinquedos,Jogos,43.9,27.24,True
PROD_2573,Unleash Distributed Info-Mediaries,Eletrônicos,Acessórios,127.55,8.52,False
PROD_2574,Productize Distributed Networks,Casa e Decoração,Quadros,18.7,26.98,True
PROD_2575,Repurpose B2B Networks,Casa e Decoração,Tapetes,244.84,23.23,True
PROD_2576,Drive Visionary Supply-Chains,Automotivo,Acessórios,209.55,26.15,True
PROD_2577,Scale One-To-One Info-Mediaries,Livros,Autoajuda,104.0,6.5,True
PROD_2578,Productize Revolutionary Channels,Automotivo,Peças,10.0,17.91,True
PROD_2579,Innovate One-To-One Content,Automotivo,Som,359.71,2.9,True
PROD_2580,Utilize Wireless E-Business,Eletrônicos,Smartphones,152.1,6.15,True
PROD_2581,E-Enable Magnetic Systems,Moda,Roupas Femininas,87.57,9.37,True
PROD_2582,Seize E-Business Vortals,Livros,Técnicos,72.47,22.25,True
PROD_2583,Streamline Dynamic Applications,Esportes,Fitness,47.27,0.84,True
PROD_2584,Mesh Magnetic Niches,Informática,Periféricos,59.54,27.1,True
PROD_2585,Aggregate Vertical Infrastructures,Automotivo,Ferramentas,226.57,2.22,True
PROD_2586,Incubate Customized Methodologies,Alimentos,Orgânicos,48.42,11.36,True
PROD_2587,Repurpose E-Business Mindshare,Saúde e Beleza,Cabelos,64.77,2.52,True
PROD_2588,Strategize Dynamic Models,Alimentos,Doces,77.24,23.09,True
PROD_2589,Harness Leading-Edge Web Services,Eletrônicos,Áudio,79.82,4.33,True
PROD_2590,Disintermediate Impactful Eyeballs,Eletrônicos,TVs,42.89,26.55,True
PROD_2591,Unleash Cutting-Edge Relationships,Brinquedos,Jogos,73.39,15.95,False
PROD_2592,Synergize Out-Of-The-Box Synergies,Moda,Infantil,135.91,28.46,True
PROD_2593,Envisioneer Cross-Media Convergence,Informática,Software,30.39,8.78,True
PROD_2594,Monetize Customized Schemas,Automotivo,Peças,73.8,13.68,True
PROD_2595,Evolve Killer Systems,Alimentos,Bebidas,913.41,20.86,False
PROD_2596,Extend Next-Generation Systems,Saúde e Beleza,Perfumes,83.45,24.97,True
PROD_2597,Envisioneer Granular E-Commerce,Eletrônicos,Acessórios,29.47,12.7,False
PROD_2598,Drive Next-Generation Channels,Eletrônicos,Smartphones,25.61,26.78,True
PROD_2599,E-Enable E-Business Eyeballs,Moda,Roupas Masculinas,19.72,3.63,True
PROD_2600,Architect Seamless Info-Mediaries,Saúde e Beleza,Cuidados Pessoais,634.31,21.29,True
PROD_2601,Cultivate Open-Source Partnerships,Saúde e Beleza,Perfumes,301.76,10.51,True
PROD_2602,Re-Contextualize Enterprise Infrastructures,Moda,Roupas Femininas,19.15,3.13,True
PROD_2603,Implement Transparent Functionalities,Eletrônicos,Acessórios,116.33,11.66,True
PROD_2604,Redefine Real-Time E-Markets,Informática,Redes,391.43,26.42,True
PROD_2605,Reinvent Plug-And-Play Networks,Livros,Infantil,85.75,29.42,False
PROD_2606,Engineer Global Solutions,Livros,Acadêmicos,49.9,11.84,True
PROD_2607,Reinvent Enterprise Technologies,Moda,Infantil,1324.88,26.6,False
PROD_2608,Engage Holistic Paradigms,Saúde e Beleza,Maquiagem,10.0,15.34,True
PROD_2609,Transition Seamless Applications,Automotivo,Peças,2119.84,21.54,True
PROD_2610,Monetize Rich Schemas,Moda,Roupas Femininas,96.74,1.46,True
PROD_2611,Extend Plug-And-Play E-Services,Informática,Notebooks,423.48,16.76,True
PROD_2612,Utilize Clicks-And-Mortar Eyeballs,Moda,Roupas Masculinas,21.31,2.2,True
PROD_2613,Morph Seamless Functionalities,Casa e Decoração,Utilidades,37.69,8.13,True
PROD_2614,E-Enable Collaborative Initiatives,Alimentos,Bebidas,24.63,17.05,True
PROD_2615,Visualize Front-End E-Markets,Saúde e Beleza,Cuidados Pessoais,79.74,24.23,True
PROD_2616,Reinvent Holistic Experiences,Brinquedos,Bonecas,130.23,16.87,True
PROD_2617,Incentivize Proactive Initiatives,Brinquedos,Bonecas,323.81,28.09,True
PROD_2618,Engineer Efficient Models,Saúde e Beleza,Cabelos,11.55,24.33,True
PROD_2619,Optimize Bricks-And-Clicks Applications,Informática,Periféricos,108.66,4.77,False
PROD_2620,Syndicate User-Centric Portals,Casa e Decoração,Quadros,263.46,11.73,True
PROD_2621,Whiteboard Collaborative Initiatives,Casa e Decoração,Móveis,329.85,20.09,False
PROD_2622,Disintermediate Vertical Portals,Eletrônicos,Câmeras,53.06,28.16,True
PROD_2623,Leverage Leading-Edge Eyeballs,Alimentos,Orgânicos,53.86,29.63,True
PROD_2624,Harness Plug-And-Play Channels,Livros,Técnicos,80.61,22.92,True
PROD_2625,Seize Granular Markets,Esportes,Ciclismo,112.53,17.26,True
PROD_2626,Empower Bricks-And-Clicks E-Markets,Informática,Componentes,429.71,22.72,True
PROD_2627,Whiteboard Synergistic Markets,Esportes,Corrida,21.07,8.27,True
PROD_2628,Envisioneer Distributed Deliverables,Esportes,Futebol,35.04,8.58,True
PROD_2629,Whiteboard Intuitive Mindshare,Saúde e Beleza,Cabelos,18.22,19.67,False
PROD_2630,Aggregate Viral Platforms,Brinquedos,Eletrônicos,150.4,26.17,True
PROD_2631,Expedite Frictionless Users,Brinquedos,Educativos,337.53,29.1,True
PROD_2632,Harness Turn-Key Methodologies,Livros,Infantil,16.36,10.31,True
PROD_2633,Exploit Seamless Niches,Saúde e Beleza,Maquiagem,100.13,23.92,True
PROD_2634,Innovate Bricks-And-Clicks Platforms,Esportes,Natação,309.45,25.56,True
PROD_2635,Incubate Synergistic Eyeballs,Automotivo,Óleos,230.78,18.73,True
PROD_2636,Implement Global Deliverables,Brinquedos,Educativos,227.54,10.49,True
PROD_2637,Envisioneer Out-Of-The-Box Models,Informática,Software,21.59,18.61,True
PROD_2638,Deploy Cross-Platform Communities,Informática,Periféricos,226.63,17.58,True
PROD_2639,Transform Killer Eyeballs,Eletrônicos,Áudio,72.02,18.24,False
PROD_2640,Deliver Magnetic Solutions,Moda,Acessórios,325.12,18.62,False
PROD_2641,Generate One-To-One E-Markets,Automotivo,Peças,154.32,25.43,True
PROD_2642,Target Intuitive Initiatives,Brinquedos,Educativos,33.83,5.19,True
PROD_2643,Transition End-To-End Web-Readiness,Casa e Decoração,Tapetes,125.79,11.08,True
PROD_2644,Syndicate Cross-Media Content,Brinquedos,Veículos,240.38,17.62,True
PROD_2645,Scale Bricks-And-Clicks Channels,Eletrônicos,Smartphones,49.03,8.57,True
PROD_2646,Transition Visionary Metrics,Informática,Periféricos,105.06,29.35,True
PROD_2647,Mesh Cross-Platform Roi,Esportes,Fitness,18.1,7.97,False
PROD_2648,Unleash Seamless Web-Readiness,Casa e Decoração,Quadros,173.96,14.14,True
PROD_2649,Extend 24/7 E-Services,Saúde e Beleza,Cabelos,84.14,26.33,True
PROD_2650,Enable B2B E-Services,Alimentos,Saudáveis,269.59,2.49,True
PROD_2651,Monetize End-To-End E-Tailers,Esportes,Corrida,168.18,24.64,True
PROD_2652,Enable Strategic E-Commerce,Alimentos,Doces,55.22,17.17,False
PROD_2653,Scale One-To-One Partnerships,Automotivo,Peças,32.6,1.05,True
PROD_2654,Utilize Compelling E-Commerce,Moda,Roupas Masculinas,24.74,27.1,True
PROD_2655,Integrate 24/365 Platforms,Casa e Decoração,Utilidades,48.96,1.27,True
PROD_2656,Integrate Leading-Edge Info-Mediaries,Livros,Acadêmicos,261.0,15.51,True
PROD_2657,Embrace Dot-Com Paradigms,Casa e Decoração,Iluminação,10.94,1.57,True
PROD_2658,Optimize Seamless Web Services,Brinquedos,Eletrônicos,25.97,2.23,True
PROD_2659,Implement Mission-Critical Initiatives,Informática,Periféricos,252.35,26.63,True
PROD_2660,Redefine Best-Of-Breed Applications,Brinquedos,Educativos,443.52,23.0,True
PROD_2661,Productize 24/365 Roi,Brinquedos,Jogos,27.67,5.99,True
PROD_2662,Repurpose Cross-Media Web-Readiness,Automotivo,Acessórios,25.63,18.65,True
PROD_2663,Evolve B2B Niches,Esportes,Corrida,487.16,23.86,False
PROD_2664,Benchmark Cross-Media Convergence,Livros,Acadêmicos,77.61,26.7,False
PROD_2665,Leverage Web-Enabled Mindshare,Livros,Técnicos,30.77,14.1,True
PROD_2666,Maximize Innovative Platforms,Brinquedos,Educativos,315.31,26.94,False
PROD_2667,Transition Value-Added Deliverables,Alimentos,Doces,164.71,15.28,True
PROD_2668,Architect Dynamic Technologies,Automotivo,Acessórios,217.89,20.68,True
PROD_2669,Leverage Clicks-And-Mortar Platforms,Brinquedos,Eletrônicos,32.76,29.37,True
PROD_2670,Re-Contextualize Killer Mindshare,Moda,Calçados,141.15,7.15,True
PROD_2671,Iterate Collaborative Relationships,Informática,Notebooks,401.63,5.14,False
PROD_2672,Scale Viral Systems,Esportes,Corrida,194.21,10.33,True
PROD_2673,Innovate Sticky Roi,Saúde e Beleza,Vitaminas,271.47,5.02,True
PROD_2674,E-Enable Synergistic Architectures,Moda,Roupas Femininas,484.82,8.6,True
PROD_2675,Brand Killer Mindshare,Alimentos,Orgânicos,150.39,22.32,False
PROD_2676,Enhance Transparent Initiatives,Casa e Decoração,Utilidades,45.69,14.38,True
PROD_2677,Engineer Turn-Key Initiatives,Casa e Decoração,Iluminação,257.89,11.31,False
PROD_2678,Target One-To-One Deliverables,Moda,Roupas Masculinas,23.88,11.12,True
PROD_2679,Enable Rich Relationships,Brinquedos,Veículos,68.94,5.92,True
PROD_2680,Unleash Front-End Schemas,Saúde e Beleza,Cuidados Pessoais,182.31,13.48,True
PROD_2681,Drive Revolutionary Infrastructures,Eletrônicos,Câmeras,10.0,18.78,True
PROD_2682,Harness Rich Initiatives,Eletrônicos,TVs,121.87,4.26,True
PROD_2683,Synergize Front-End Bandwidth,Alimentos,Importados,128.97,29.19,True
PROD_2684,Expedite Extensible Methodologies,Brinquedos,Eletrônicos,23.03,13.35,True
PROD_2685,E-Enable Visionary E-Services,Livros,Autoajuda,133.09,28.44,True
PROD_2686,Engage Transparent Technologies,Livros,Infantil,113.06,4.13,True
PROD_2687,Iterate Cutting-Edge Solutions,Esportes,Corrida,93.76,23.04,True
PROD_2688,Iterate Innovative Info-Mediaries,Saúde e Beleza,Cuidados Pessoais,375.15,18.57,True
PROD_2689,Innovate Out-Of-The-Box Roi,Saúde e Beleza,Perfumes,258.45,24.62,True
PROD_2690,Implement Holistic Methodologies,Casa e Decoração,Quadros,194.02,18.06,True
PROD_2691,Transform Impactful Systems,Automotivo,Óleos,26.34,28.89,False
PROD_2692,Mesh Strategic Initiatives,Alimentos,Doces,88.16,18.85,True
PROD_2693,Orchestrate Impactful Interfaces,Eletrônicos,Áudio,372.9,23.56,True
PROD_2694,Scale Sticky Communities,Alimentos,Saudáveis,69.58,26.34,True
PROD_2695,Optimize Bricks-And-Clicks Solutions,Livros,Acadêmicos,581.21,21.47,True
PROD_2696,Facilitate 24/365 Metrics,Livros,Acadêmicos,200.95,15.77,True
PROD_2697,Iterate Wireless Initiatives,Moda,Roupas Femininas,700.27,8.26,True
PROD_2698,Enhance Cutting-Edge Models,Esportes,Corrida,25.01,25.65,True
PROD_2699,Empower Real-Time Experiences,Saúde e Beleza,Maquiagem,74.77,14.47,True
PROD_2700,Strategize Synergistic Info-Mediaries,Informática,Redes,83.75,18.66,True
PROD_2701,Repurpose Wireless Models,Alimentos,Orgânicos,186.31,2.47,True
PROD_2702,Deliver Efficient Eyeballs,Livros,Autoajuda,37.1,14.97,True
PROD_2703,Revolutionize Ubiquitous Platforms,Automotivo,Ferramentas,13.08,20.97,True
PROD_2704,Embrace Dot-Com Models,Casa e Decoração,Quadros,141.72,17.56,False
PROD_2705,Synthesize Bleeding-Edge Functionalities,Eletrônicos,TVs,57.99,13.51,True
PROD_2706,Enable Proactive Platforms,Esportes,Corrida,51.17,6.78,True
PROD_2707,Extend Scalable Partnerships,Automotivo,Acessórios,39.2,9.36,True
PROD_2708,Synthesize Proactive Roi,Esportes,Corrida,104.45,21.05,False
PROD_2709,Synergize World-Class Eyeballs,Moda,Calçados,24.72,6.8,True
PROD_2710,Monetize Mission-Critical Partnerships,Informática,Redes,71.3,18.69,True
PROD_2711,Repurpose Rich Bandwidth,Livros,Técnicos,33.3,17.73,True
PROD_2712,Aggregate Distributed Web Services,Casa e Decoração,Tapetes,43.34,29.12,True
PROD_2713,Synthesize Holistic Mindshare,Automotivo,Som,137.63,1.92,True
PROD_2714,Morph Cross-Platform Users,Esportes,Corrida,196.7,3.33,True
PROD_2715,Incubate Vertical Paradigms,Saúde e Beleza,Cabelos,62.34,15.23,True
PROD_2716,Brand 24/7 Architectures,Moda,Roupas Femininas,287.55,15.86,True
PROD_2717,Grow Turn-Key Architectures,Saúde e Beleza,Maquiagem,28.02,1.29,True
PROD_2718,Grow Ubiquitous Paradigms,Casa e Decoração,Iluminação,14.53,24.79,True
PROD_2719,Integrate Virtual Schemas,Automotivo,Óleos,18.11,14.89,True
PROD_2720,Repurpose Seamless Communities,Moda,Roupas Masculinas,24.77,10.46,True
PROD_2721,Synthesize User-Centric Channels,Automotivo,Óleos,18.63,9.63,True
PROD_2722,Monetize Integrated Models,Livros,Infantil,1017.79,25.86,True
PROD_2723,Engineer One-To-One Networks,Brinquedos,Veículos,14.01,5.98,False
PROD_2724,Innovate Holistic Web Services,Moda,Acessórios,277.25,4.9,True
PROD_2725,Engage Collaborative Info-Mediaries,Saúde e Beleza,Cuidados Pessoais,87.34,6.47,True
PROD_2726,Engage Granular Mindshare,Casa e Decoração,Utilidades,117.86,18.79,True
PROD_2727,Streamline Impactful Portals,Informática,Redes,30.36,24.35,True
PROD_2728,Synthesize Enterprise E-Business,Livros,Infantil,133.03,10.0,True
PROD_2729,Innovate Synergistic Technologies,Brinquedos,Educativos,30.06,5.29,True
PROD_2730,Harness Leading-Edge Web-Readiness,Informática,Software,272.41,6.35,True
PROD_2731,Benchmark Revolutionary Channels,Eletrônicos,TVs,300.85,18.61,True
PROD_2732,E-Enable Bricks-And-Clicks Convergence,Livros,Infantil,76.57,7.46,False
PROD_2733,Exploit Proactive Functionalities,Casa e Decoração,Tapetes,82.83,26.33,False
PROD_2734,Facilitate Enterprise Platforms,Esportes,Ciclismo,151.3,3.21,True
PROD_2735,Brand Cross-Media Convergence,Moda,Acessórios,142.3,1.07,True
PROD_2736,Deploy Cross-Media Markets,Automotivo,Ferramentas,307.65,2.74,True
PROD_2737,Repurpose Interactive Action-Items,Casa e Decoração,Quadros,297.38,25.38,True
PROD_2738,Incentivize Extensible Applications,Moda,Roupas Femininas,86.96,19.57,True
PROD_2739,Evolve Innovative Content,Informática,Software,50.77,28.74,True
PROD_2740,Embrace Cross-Platform Communities,Automotivo,Som,238.4,10.16,True
PROD_2741,Utilize World-Class Paradigms,Alimentos,Doces,74.62,6.46,True
PROD_2742,Target Cutting-Edge Networks,Saúde e Beleza,Vitaminas,103.18,16.9,True
PROD_2743,Deliver Next-Generation Niches,Eletrônicos,Smartphones,170.1,16.18,False
PROD_2744,Utilize Collaborative Applications,Livros,Ficção,290.23,17.77,True
PROD_2745,Utilize Turn-Key Architectures,Casa e Decoração,Tapetes,123.1,10.49,True
PROD_2746,Maximize Integrated Vortals,Eletrônicos,Áudio,44.49,0.28,True
PROD_2747,Maximize Mission-Critical Models,Esportes,Ciclismo,777.76,1.15,False
PROD_2748,Transform Best-Of-Breed Supply-Chains,Moda,Infantil,564.77,19.95,True
PROD_2749,Synthesize Cross-Platform Communities,Moda,Roupas Femininas,26.53,15.75,True
PROD_2750,Re-Intermediate Seamless Relationships,Casa e Decoração,Iluminação,30.14,24.65,False
PROD_2751,Brand 24/365 Models,Brinquedos,Educativos,35.05,9.08,True
PROD_2752,Whiteboard Intuitive Users,Brinquedos,Bonecas,249.2,24.48,True
PROD_2753,Architect Front-End Portals,Alimentos,Bebidas,814.17,12.82,True
PROD_2754,Streamline Seamless Networks,Saúde e Beleza,Perfumes,49.03,2.99,True
PROD_2755,Strategize Magnetic E-Business,Automotivo,Óleos,110.29,29.34,True
PROD_2756,Extend E-Business Applications,Esportes,Futebol,36.48,15.41,True
PROD_2757,Transform Cross-Platform Niches,Eletrônicos,Áudio,692.45,18.92,True
PROD_2758,Optimize Collaborative E-Commerce,Brinquedos,Veículos,242.21,20.16,True
PROD_2759,Architect Cross-Media Partnerships,Alimentos,Doces,33.46,10.94,True
PROD_2760,Visualize Seamless Mindshare,Alimentos,Doces,10.0,22.45,True
PROD_2761,Exploit Seamless E-Commerce,Casa e Decoração,Utilidades,312.66,26.12,True
PROD_2762,Repurpose Turn-Key Solutions,Esportes,Futebol,45.29,11.68,False
PROD_2763,Deploy Wireless Portals,Informática,Periféricos,247.47,19.74,True
PROD_2764,Re-Intermediate Ubiquitous Web Services,Automotivo,Som,128.05,22.74,True
PROD_2765,Engineer Viral Web-Readiness,Saúde e Beleza,Perfumes,10.0,5.78,True
PROD_2766,Whiteboard Viral Networks,Livros,Autoajuda,34.19,10.04,True
PROD_2767,Synthesize Killer Web Services,Casa e Decoração,Quadros,58.85,3.35,True
PROD_2768,Transition Plug-And-Play Niches,Automotivo,Peças,40.01,18.11,True
PROD_2769,Re-Contextualize User-Centric Networks,Livros,Infantil,103.48,24.05,True
PROD_2770,Drive Leading-Edge Deliverables,Livros,Infantil,145.72,18.36,True
PROD_2771,Aggregate Bricks-And-Clicks Bandwidth,Esportes,Futebol,770.65,5.48,True
PROD_2772,Orchestrate Web-Enabled Eyeballs,Esportes,Ciclismo,158.64,16.44,True
PROD_2773,Extend Seamless E-Commerce,Eletrônicos,TVs,538.79,25.06,True
PROD_2774,Deploy Turn-Key Partnerships,Alimentos,Importados,50.8,9.15,True
PROD_2775,Whiteboard Best-Of-Breed E-Markets,Automotivo,Peças,364.4,25.0,True
PROD_2776,Empower Front-End Experiences,Casa e Decoração,Iluminação,56.97,23.56,True
PROD_2777,Leverage Dot-Com Methodologies,Moda,Acessórios,29.95,0.75,False
PROD_2778,Expedite Web-Enabled Interfaces,Casa e Decoração,Quadros,28.47,7.26,False
PROD_2779,Incentivize One-To-One Eyeballs,Eletrônicos,Smartphones,10.0,16.33,True
PROD_2780,Aggregate Proactive Action-Items,Saúde e Beleza,Cuidados Pessoais,250.86,21.56,False
PROD_2781,Exploit Extensible Bandwidth,Alimentos,Doces,19.14,26.43,True
PROD_2782,Synthesize User-Centric E-Commerce,Moda,Acessórios,487.74,19.27,True
PROD_2783,Visualize Robust Solutions,Brinquedos,Eletrônicos,73.03,11.47,True
PROD_2784,Leverage Real-Time Channels,Saúde e Beleza,Maquiagem,13.93,5.62,False
PROD_2785,Utilize Back-End Niches,Esportes,Corrida,23.54,22.83,False
PROD_2786,Repurpose Virtual Experiences,Livros,Técnicos,113.16,6.28,True
PROD_2787,Iterate Revolutionary Models,Brinquedos,Bonecas,10.0,20.89,True
PROD_2788,Generate Vertical Markets,Casa e Decoração,Quadros,182.72,5.52,True
PROD_2789,Cultivate Strategic Vortals,Casa e Decoração,Utilidades,14.59,2.82,True
PROD_2790,Expedite Seamless Partnerships,Esportes,Futebol,37.09,7.61,True
PROD_2791,Productize Transparent Relationships,Eletrônicos,Câmeras,114.26,8.62,True
PROD_2792,Repurpose E-Business Interfaces,Automotivo,Óleos,157.77,19.45,True
PROD_2793,E-Enable Global Action-Items,Brinquedos,Jogos,234.46,4.91,True
PROD_2794,Embrace 24/7 Deliverables,Brinquedos,Jogos,18.77,27.92,True
PROD_2795,Repurpose Dot-Com Models,Informática,Redes,62.17,16.68,True
PROD_2796,Matrix E-Business Action-Items,Saúde e Beleza,Maquiagem,334.15,14.78,True
PROD_2797,Expedite 24/7 Vortals,Alimentos,Saudáveis,62.19,13.1,True
PROD_2798,Facilitate Integrated Action-Items,Saúde e Beleza,Cabelos,128.14,17.04,True
PROD_2799,Re-Contextualize Cutting-Edge E-Tailers,Automotivo,Ferramentas,109.39,0.77,True
PROD_2800,Orchestrate Sticky Roi,Casa e Decoração,Tapetes,429.01,29.7,True
PROD_2801,Architect Efficient Systems,Casa e Decoração,Quadros,51.47,16.77,True
PROD_2802,Deploy Dot-Com Applications,Casa e Decoração,Utilidades,16.98,1.15,False
PROD_2803,Streamline Holistic Users,Informática,Notebooks,28.18,17.74,True
PROD_2804,Disintermediate One-To-One Vortals,Casa e Decoração,Móveis,112.91,13.17,True
PROD_2805,Incubate Cutting-Edge Info-Mediaries,Automotivo,Acessórios,13.69,0.82,True
PROD_2806,Innovate Interactive Niches,Esportes,Futebol,46.84,27.74,True
PROD_2807,Matrix B2B Relationships,Alimentos,Bebidas,98.54,0.42,False
PROD_2808,Syndicate Out-Of-The-Box Content,Automotivo,Som,35.88,17.38,True
PROD_2809,Utilize Robust Web Services,Alimentos,Orgânicos,133.25,28.86,True
PROD_2810,Exploit Scalable Web Services,Automotivo,Ferramentas,214.71,7.2,True
PROD_2811,Incentivize Dot-Com Schemas,Casa e Decoração,Quadros,155.38,7.7,True
PROD_2812,Synergize Extensible Functionalities,Esportes,Ciclismo,14.06,0.11,False
PROD_2813,Scale Bricks-And-Clicks Methodologies,Brinquedos,Jogos,98.99,2.08,True
PROD_2814,Embrace Web-Enabled Systems,Saúde e Beleza,Vitaminas,108.74,1.44,True
PROD_2815,Synergize Value-Added Interfaces,Livros,Técnicos,56.99,24.7,False
PROD_2816,Re-Contextualize Dot-Com Content,Esportes,Futebol,131.1,25.12,True
PROD_2817,Evolve Web-Enabled Content,Brinquedos,Veículos,125.58,21.83,True
PROD_2818,Architect Granular Systems,Eletrônicos,Smartphones,80.72,10.65,True
PROD_2819,Whiteboard Turn-Key Experiences,Automotivo,Ferramentas,26.97,24.66,True
PROD_2820,Deploy Robust Niches,Eletrônicos,Acessórios,87.19,16.24,False
PROD_2821,Cultivate Strategic Models,Brinquedos,Bonecas,845.83,9.2,True
PROD_2822,Syndicate Transparent Supply-Chains,Esportes,Natação,56.22,13.17,False
PROD_2823,Unleash Cutting-Edge Platforms,Automotivo,Acessórios,316.32,2.07,True
PROD_2824,Transition Granular Portals,Livros,Técnicos,94.31,28.35,True
PROD_2825,Deliver Innovative Convergence,Casa e Decoração,Quadros,34.44,18.61,True
PROD_2826,Deploy World-Class Bandwidth,Automotivo,Óleos,63.06,21.96,True
PROD_2827,Scale Proactive Markets,Automotivo,Ferramentas,88.21,20.33,True
PROD_2828,Visualize Viral Functionalities,Esportes,Corrida,197.6,20.07,True
PROD_2829,Grow Global Synergies,Esportes,Corrida,1565.65,0.62,True
PROD_2830,Strategize 24/365 Functionalities,Brinquedos,Eletrônicos,96.12,15.81,True
PROD_2831,Monetize Turn-Key Networks,Moda,Roupas Femininas,20.55,24.67,True
PROD_2832,Evolve One-To-One Communities,Automotivo,Acessórios,12.36,1.43,False
PROD_2833,Incentivize End-To-End Metrics,Saúde e Beleza,Cuidados Pessoais,54.26,28.69,False
PROD_2834,Innovate Transparent Vortals,Automotivo,Acessórios,23.25,12.78,True
PROD_2835,Grow Compelling Channels,Brinquedos,Educativos,175.82,8.77,False
PROD_2836,Morph Virtual Methodologies,Alimentos,Importados,177.38,16.0,True
PROD_2837,Benchmark World-Class Technologies,Eletrônicos,TVs,75.55,24.06,True
PROD_2838,Aggregate Strategic E-Markets,Casa e Decoração,Móveis,198.12,14.3,False
PROD_2839,Disintermediate Viral Interfaces,Moda,Infantil,97.29,19.39,True
PROD_2840,Matrix Enterprise Networks,Livros,Técnicos,846.48,15.05,False
PROD_2841,Enhance Vertical Web-Readiness,Livros,Ficção,190.82,18.98,True
PROD_2842,Re-Contextualize Bleeding-Edge Infrastructures,Livros,Autoajuda,263.68,4.23,True
PROD_2843,Target 24/365 Portals,Esportes,Natação,15.84,1.26,True
PROD_2844,Scale Frictionless Markets,Livros,Ficção,22.08,4.19,True
PROD_2845,Strategize Cutting-Edge Metrics,Casa e Decoração,Tapetes,159.91,8.65,True
PROD_2846,Morph B2C Infrastructures,Eletrônicos,Áudio,14.03,7.68,True
PROD_2847,Disintermediate Frictionless Networks,Livros,Técnicos,42.55,18.49,True
PROD_2848,Embrace Value-Added Deliverables,Automotivo,Ferramentas,370.66,13.73,False
PROD_2849,Brand Ubiquitous Methodologies,Automotivo,Óleos,41.47,1.26,False
PROD_2850,Synthesize 24/7 E-Services,Esportes,Corrida,21.08,1.14,True
PROD_2851,Unleash Best-Of-Breed Solutions,Casa e Decoração,Quadros,200.55,2.81,True
PROD_2852,Cultivate Real-Time Technologies,Eletrônicos,Acessórios,1083.81,10.66,True
PROD_2853,Extend Rich Architectures,Moda,Calçados,34.11,0.28,True
PROD_2854,Enable User-Centric E-Tailers,Brinquedos,Educativos,391.05,14.87,False
PROD_2855,Expedite Killer Technologies,Eletrônicos,TVs,29.38,10.88,True
PROD_2856,Drive Dynamic E-Markets,Brinquedos,Bonecas,78.65,16.71,True
PROD_2857,Reinvent Transparent Eyeballs,Alimentos,Importados,82.85,21.65,False
PROD_2858,Utilize Distributed Portals,Brinquedos,Eletrônicos,35.22,7.6,False
PROD_2859,Incentivize Customized Action-Items,Saúde e Beleza,Perfumes,257.36,4.8,True
PROD_2860,Disintermediate Ubiquitous Infrastructures,Automotivo,Acessórios,14.19,8.41,True
PROD_2861,Implement Collaborative Channels,Casa e Decoração,Tapetes,113.76,0.15,True
PROD_2862,Cultivate World-Class Interfaces,Informática,Periféricos,326.69,3.69,True
PROD_2863,Innovate Killer Architectures,Esportes,Natação,232.9,22.55,True
PROD_2864,Unleash Cutting-Edge Metrics,Saúde e Beleza,Cuidados Pessoais,162.3,6.76,True
PROD_2865,Morph Intuitive Platforms,Brinquedos,Bonecas,603.27,29.83,True
PROD_2866,Engage Leading-Edge Markets,Livros,Autoajuda,69.16,5.12,True
PROD_2867,Facilitate Web-Enabled Info-Mediaries,Casa e Decoração,Utilidades,14.44,23.68,True
PROD_2868,Redefine Synergistic Metrics,Saúde e Beleza,Cuidados Pessoais,105.87,21.18,True
PROD_2869,Repurpose Revolutionary Synergies,Esportes,Futebol,77.41,9.73,True
PROD_2870,Morph Enterprise Content,Automotivo,Peças,10.0,9.99,True
PROD_2871,Strategize Out-Of-The-Box Channels,Casa e Decoração,Iluminação,23.33,16.95,True
PROD_2872,Productize Revolutionary Applications,Esportes,Ciclismo,20.02,25.59,True
PROD_2873,Reinvent Back-End Communities,Alimentos,Bebidas,33.87,11.65,True
PROD_2874,Deliver Rich Supply-Chains,Alimentos,Orgânicos,59.06,1.93,False
PROD_2875,Matrix Plug-And-Play Channels,Esportes,Futebol,61.84,11.3,True
PROD_2876,Evolve Turn-Key Deliverables,Saúde e Beleza,Vitaminas,35.35,6.3,True
PROD_2877,Brand B2B Portals,Casa e Decoração,Utilidades,19.99,28.18,True
PROD_2878,Embrace Turn-Key Paradigms,Saúde e Beleza,Vitaminas,141.59,20.95,False
PROD_2879,Enable Rich Niches,Moda,Roupas Masculinas,103.53,1.62,True
PROD_2880,Extend Bricks-And-Clicks E-Commerce,Brinquedos,Veículos,107.34,8.86,True
PROD_2881,Envisioneer Back-End E-Business,Moda,Infantil,761.14,1.6,True
PROD_2882,E-Enable Back-End Deliverables,Alimentos,Importados,109.45,24.92,True
PROD_2883,Harness User-Centric Communities,Automotivo,Óleos,57.97,27.2,True
PROD_2884,Harness Holistic Eyeballs,Eletrônicos,Smartphones,79.28,3.46,True
PROD_2885,Engage Visionary Markets,Brinquedos,Bonecas,101.35,13.26,True
PROD_2886,Aggregate B2C Markets,Alimentos,Doces,188.47,27.96,True
PROD_2887,Enhance Viral Paradigms,Saúde e Beleza,Perfumes,85.31,4.44,True
PROD_2888,Syndicate Back-End Communities,Saúde e Beleza,Cabelos,10.0,8.83,True
PROD_2889,Unleash Plug-And-Play E-Commerce,Saúde e Beleza,Perfumes,53.3,9.2,True
PROD_2890,Embrace Rich Paradigms,Automotivo,Peças,90.18,1.0,True
PROD_2891,Grow Synergistic Schemas,Moda,Roupas Femininas,430.54,1.18,True
PROD_2892,Synthesize Ubiquitous Models,Eletrônicos,TVs,35.06,28.59,True
PROD_2893,Embrace B2B Initiatives,Saúde e Beleza,Perfumes,12.65,17.18,True
PROD_2894,Seize E-Business E-Tailers,Informática,Componentes,97.25,9.27,False
PROD_2895,Cultivate Front-End Roi,Brinquedos,Jogos,254.55,11.42,True
PROD_2896,E-Enable Frictionless Mindshare,Casa e Decoração,Utilidades,56.14,21.47,True
PROD_2897,Transition Real-Time Networks,Informática,Redes,1571.3,11.06,True
PROD_2898,Productize Killer Applications,Eletrônicos,TVs,1184.41,6.91,True
PROD_2899,Implement Viral E-Markets,Automotivo,Peças,82.52,3.14,True
PROD_2900,Redefine Intuitive Action-Items,Eletrônicos,Áudio,112.62,21.9,True
PROD_2901,Revolutionize Rich Methodologies,Casa e Decoração,Quadros,465.2,5.5,True
PROD_2902,Transform Open-Source Web-Readiness,Brinquedos,Jogos,80.82,2.18,False
PROD_2903,Envisioneer 24/7 Interfaces,Casa e Decoração,Tapetes,34.3,12.87,True
PROD_2904,Disintermediate Sticky Vortals,Esportes,Corrida,261.57,1.28,True
PROD_2905,Orchestrate Proactive Infrastructures,Brinquedos,Bonecas,157.16,28.95,True
PROD_2906,Target Compelling Bandwidth,Eletrônicos,Smartphones,34.16,18.86,True
PROD_2907,Whiteboard Real-Time Metrics,Saúde e Beleza,Cabelos,125.84,4.67,True
PROD_2908,Repurpose Clicks-And-Mortar Supply-Chains,Eletrônicos,Áudio,74.29,5.26,True
PROD_2909,Integrate Customized Vortals,Eletrônicos,Câmeras,56.71,17.14,True
PROD_2910,Drive End-To-End E-Tailers,Brinquedos,Jogos,35.06,10.76,False
PROD_2911,Cultivate Scalable Experiences,Esportes,Natação,104.13,23.25,True
PROD_2912,Envisioneer World-Class Markets,Eletrônicos,Smartphones,65.43,16.42,True
PROD_2913,Extend Intuitive Schemas,Informática,Notebooks,126.68,13.06,True
PROD_2914,Expedite Enterprise Infrastructures,Alimentos,Doces,240.76,28.89,True
PROD_2915,Strategize Dot-Com Roi,Livros,Acadêmicos,118.85,11.78,True
PROD_2916,Incentivize Wireless Infrastructures,Livros,Ficção,121.32,12.08,True
PROD_2917,Utilize Best-Of-Breed Communities,Eletrônicos,Smartphones,47.02,20.01,True
PROD_2918,Synergize Wireless Technologies,Informática,Redes,368.42,24.3,True
PROD_2919,Visualize B2C Initiatives,Saúde e Beleza,Perfumes,32.52,18.82,True
PROD_2920,Monetize Holistic E-Commerce,Automotivo,Som,13.01,20.99,False
PROD_2921,Extend Extensible Methodologies,Automotivo,Som,24.9,11.25,True
PROD_2922,Expedite End-To-End Convergence,Brinquedos,Eletrônicos,311.41,14.44,True
PROD_2923,Repurpose Mission-Critical Relationships,Livros,Técnicos,156.13,5.99,False
PROD_2924,Deliver 24/365 Models,Eletrônicos,Acessórios,434.56,20.44,True
PROD_2925,Grow Integrated Info-Mediaries,Automotivo,Som,18.4,6.72,True
PROD_2926,Empower Cutting-Edge Infrastructures,Eletrônicos,TVs,1457.19,0.14,True
PROD_2927,Engineer Cutting-Edge Relationships,Brinquedos,Bonecas,64.04,28.02,False
PROD_2928,Re-Intermediate Viral E-Commerce,Livros,Ficção,10.89,9.25,True
PROD_2929,Whiteboard Cutting-Edge Infrastructures,Casa e Decoração,Utilidades,1255.06,5.98,False
PROD_2930,Integrate Cross-Platform Bandwidth,Alimentos,Bebidas,18.69,8.12,True
PROD_2931,Innovate Magnetic Experiences,Alimentos,Doces,55.84,9.98,True
PROD_2932,Innovate B2C Models,Automotivo,Peças,70.32,14.29,True
PROD_2933,Mesh Strategic Technologies,Alimentos,Orgânicos,153.38,2.17,True
PROD_2934,Target User-Centric Infrastructures,Casa e Decoração,Móveis,34.83,1.67,True
PROD_2935,Redefine Compelling Content,Eletrônicos,Smartphones,313.3,8.86,True
PROD_2936,Orchestrate End-To-End Methodologies,Brinquedos,Educativos,222.37,8.94,True
PROD_2937,Productize Seamless Action-Items,Casa e Decoração,Tapetes,92.1,3.62,True
PROD_2938,Mesh Cutting-Edge Technologies,Brinquedos,Bonecas,441.07,12.2,True
PROD_2939,Maximize Scalable Schemas,Brinquedos,Veículos,82.98,8.59,True
PROD_2940,Optimize Revolutionary Mindshare,Livros,Técnicos,64.67,0.88,True
PROD_2941,Transform Cutting-Edge E-Markets,Eletrônicos,Smartphones,990.02,26.58,True
PROD_2942,Transform Plug-And-Play Web Services,Informática,Notebooks,128.37,26.59,False
PROD_2943,Drive Dot-Com Convergence,Alimentos,Bebidas,27.58,6.35,True
PROD_2944,Morph Strategic Mindshare,Informática,Notebooks,32.45,4.97,True
PROD_2945,Utilize One-To-One Web Services,Livros,Infantil,92.09,16.46,True
PROD_2946,Target Virtual Roi,Brinquedos,Veículos,10.0,18.96,True
PROD_2947,E-Enable Impactful Paradigms,Automotivo,Som,42.12,28.73,True
PROD_2948,Evolve Next-Generation Content,Alimentos,Orgânicos,79.8,11.38,True
PROD_2949,Harness Ubiquitous Web Services,Alimentos,Bebidas,73.65,18.58,True
PROD_2950,Grow Back-End Supply-Chains,Eletrônicos,Câmeras,19.91,26.36,False
PROD_2951,Redefine Viral E-Tailers,Esportes,Ciclismo,52.55,13.55,True
PROD_2952,Reinvent Strategic Metrics,Moda,Acessórios,370.84,3.76,True
PROD_2953,Morph Sticky E-Commerce,Moda,Calçados,289.39,11.39,True
PROD_2954,Incubate Vertical Synergies,Moda,Infantil,100.96,4.18,True
PROD_2955,Strategize One-To-One Synergies,Esportes,Natação,82.87,0.6,True
PROD_2956,Leverage Compelling Bandwidth,Eletrônicos,Áudio,74.15,22.57,True
PROD_2957,Scale Wireless Web Services,Esportes,Natação,119.53,7.23,True
PROD_2958,Extend Holistic Content,Moda,Acessórios,101.81,0.16,False
PROD_2959,Re-Intermediate Bricks-And-Clicks Methodologies,Livros,Acadêmicos,132.82,26.19,True
PROD_2960,Scale Impactful Content,Casa e Decoração,Tapetes,164.38,13.37,True
PROD_2961,Evolve End-To-End Channels,Brinquedos,Educativos,21.05,7.24,True
PROD_2962,Implement Dynamic Initiatives,Esportes,Futebol,62.03,7.96,True
PROD_2963,Transition Vertical Solutions,Eletrônicos,Acessórios,114.15,7.29,True
PROD_2964,Iterate Proactive E-Tailers,Eletrônicos,Áudio,28.25,5.92,True
PROD_2965,Syndicate B2B Experiences,Informática,Redes,40.1,25.25,True
PROD_2966,Incentivize User-Centric Functionalities,Casa e Decoração,Tapetes,69.31,5.19,True
PROD_2967,Iterate Dynamic Infrastructures,Automotivo,Acessórios,73.51,16.9,True
PROD_2968,Monetize Plug-And-Play Eyeballs,Alimentos,Orgânicos,116.74,2.41,True
PROD_2969,Syndicate Cutting-Edge Web-Readiness,Moda,Roupas Masculinas,32.54,28.49,False
PROD_2970,Embrace Frictionless Eyeballs,Automotivo,Peças,287.62,18.14,True
PROD_2971,Extend Visionary Models,Informática,Periféricos,72.78,27.1,True
PROD_2972,Syndicate Vertical Systems,Moda,Infantil,107.15,12.0,True
PROD_2973,Benchmark Interactive Solutions,Casa e Decoração,Utilidades,57.75,24.34,True
PROD_2974,Envisioneer Impactful Markets,Informática,Redes,119.44,25.62,True
PROD_2975,Facilitate Value-Added Platforms,Moda,Roupas Masculinas,668.79,21.12,True
PROD_2976,Whiteboard User-Centric E-Markets,Casa e Decoração,Quadros,57.11,2.88,True
PROD_2977,Iterate Rich Applications,Saúde e Beleza,Perfumes,46.83,0.58,True
PROD_2978,Expedite Distributed Paradigms,Automotivo,Acessórios,33.24,5.14,True
PROD_2979,Synthesize Wireless Models,Automotivo,Som,83.8,3.63,True
PROD_2980,Deliver Holistic E-Services,Alimentos,Saudáveis,82.65,21.78,True
PROD_2981,Unleash Leading-Edge Deliverables,Casa e Decoração,Iluminação,95.75,16.75,True
PROD_2982,Utilize Cutting-Edge Networks,Esportes,Natação,157.89,15.83,True
PROD_2983,Harness Innovative Niches,Saúde e Beleza,Vitaminas,135.72,7.66,True
PROD_2984,Productize Next-Generation Info-Mediaries,Livros,Infantil,87.62,4.72,True
PROD_2985,Embrace Rich E-Business,Moda,Roupas Masculinas,938.76,6.28,True
PROD_2986,Visualize Cross-Media Systems,Saúde e Beleza,Vitaminas,206.19,12.07,True
PROD_2987,Scale User-Centric Web-Readiness,Casa e Decoração,Iluminação,24.36,22.23,False
PROD_2988,Leverage Front-End Solutions,Brinquedos,Veículos,14.09,7.71,True
PROD_2989,Syndicate Cross-Media Systems,Moda,Infantil,39.06,20.99,True
PROD_2990,Enhance Magnetic Applications,Eletrônicos,Smartphones,108.11,14.8,True
PROD_2991,Redefine Cross-Platform Metrics,Automotivo,Óleos,35.33,26.57,True
PROD_2992,Iterate Plug-And-Play Channels,Casa e Decoração,Móveis,42.39,7.06,True
PROD_2993,Matrix Distributed Architectures,Eletrônicos,Acessórios,92.88,13.58,True
PROD_2994,Deploy Bricks-And-Clicks Info-Mediaries,Alimentos,Saudáveis,59.72,2.99,True
PROD_2995,Exploit Granular E-Business,Informática,Software,10.0,10.12,False
PROD_2996,Architect Front-End Infrastructures,Livros,Acadêmicos,327.87,15.26,True
PROD_2997,Repurpose Compelling Channels,Livros,Técnicos,248.13,22.01,True
PROD_2998,Reinvent 24/365 Communities,Eletrônicos,Áudio,19.26,6.02,True
PROD_2999,Expedite Holistic Platforms,Automotivo,Som,96.38,6.62,True
PROD_3000,Generate Next-Generation Models,Alimentos,Saudáveis,23.57,18.98,True
PROD_3001,Monetize Web-Enabled E-Tailers,Brinquedos,Veículos,43.36,11.54,True
PROD_3002,Engage Scalable Web-Readiness,Automotivo,Óleos,161.32,14.51,True
PROD_3003,Seize Back-End Convergence,Saúde e Beleza,Perfumes,237.95,25.1,False
PROD_3004,Innovate Granular Roi,Livros,Infantil,231.36,15.02,False
PROD_3005,Transition Robust Partnerships,Saúde e Beleza,Cuidados Pessoais,120.76,19.61,True
PROD_3006,Facilitate User-Centric Initiatives,Moda,Calçados,415.82,19.74,True
PROD_3007,Re-Intermediate Bleeding-Edge Initiatives,Esportes,Ciclismo,43.26,24.13,True
PROD_3008,Engage Magnetic Models,Casa e Decoração,Utilidades,56.47,19.18,True
PROD_3009,Morph Cross-Platform Convergence,Alimentos,Orgânicos,10.0,2.04,True
PROD_3010,Revolutionize Revolutionary Schemas,Automotivo,Peças,80.51,10.33,False
PROD_3011,Empower B2C Mindshare,Livros,Autoajuda,180.48,29.68,True
PROD_3012,Expedite Sticky Markets,Saúde e Beleza,Cuidados Pessoais,126.76,5.98,True
PROD_3013,Re-Contextualize Visionary Bandwidth,Informática,Notebooks,42.57,17.64,False
PROD_3014,E-Enable One-To-One Platforms,Moda,Roupas Masculinas,248.0,25.3,False
PROD_3015,Generate Sticky Schemas,Casa e Decoração,Iluminação,82.38,17.64,True
PROD_3016,Integrate Sticky Communities,Casa e Decoração,Quadros,225.81,11.23,True
PROD_3017,Whiteboard 24/7 E-Tailers,Automotivo,Óleos,161.32,2.5,True
PROD_3018,Redefine Bricks-And-Clicks Communities,Alimentos,Doces,497.41,10.91,True
PROD_3019,Drive Distributed Systems,Brinquedos,Jogos,135.27,5.54,True
PROD_3020,Engineer Rich Platforms,Informática,Software,187.15,28.83,True
PROD_3021,Orchestrate Bricks-And-Clicks Supply-Chains,Automotivo,Peças,82.1,21.48,False
PROD_3022,Transition Global Initiatives,Saúde e Beleza,Cuidados Pessoais,49.23,22.51,True
PROD_3023,Iterate 24/365 Systems,Esportes,Ciclismo,162.21,13.14,True
PROD_3024,Deploy Clicks-And-Mortar Action-Items,Eletrônicos,TVs,546.36,3.39,True
PROD_3025,E-Enable Collaborative Supply-Chains,Brinquedos,Veículos,42.99,8.07,True
PROD_3026,Envisioneer Frictionless Infrastructures,Alimentos,Bebidas,66.84,7.87,False
PROD_3027,Empower Out-Of-The-Box E-Markets,Moda,Calçados,92.94,14.65,True
PROD_3028,Disintermediate Interactive Eyeballs,Brinquedos,Eletrônicos,204.77,13.88,True
PROD_3029,Engineer Next-Generation E-Services,Livros,Acadêmicos,136.26,13.06,True
PROD_3030,Enable Cutting-Edge E-Markets,Alimentos,Bebidas,269.26,14.93,True
PROD_3031,Redefine Transparent Bandwidth,Esportes,Natação,961.69,29.61,False
PROD_3032,Iterate Bricks-And-Clicks Web-Readiness,Livros,Técnicos,41.82,9.02,True
PROD_3033,Grow B2B Synergies,Brinquedos,Veículos,187.11,18.5,True
PROD_3034,Unleash Innovative Infrastructures,Eletrônicos,Câmeras,132.26,7.26,True
PROD_3035,Facilitate Turn-Key Interfaces,Eletrônicos,Câmeras,92.1,14.05,False
PROD_3036,Revolutionize Frictionless E-Commerce,Esportes,Fitness,186.29,6.08,True
PROD_3037,Streamline Impactful Paradigms,Casa e Decoração,Móveis,65.36,16.79,True
PROD_3038,Repurpose B2C Networks,Informática,Periféricos,132.64,8.02,True
PROD_3039,Streamline Distributed E-Markets,Moda,Acessórios,18.8,1.2,True
PROD_3040,Strategize Seamless Vortals,Casa e Decoração,Móveis,47.15,24.48,True
PROD_3041,Redefine Cross-Media Synergies,Eletrônicos,TVs,316.41,3.93,True
PROD_3042,Transition Efficient Deliverables,Eletrônicos,TVs,302.14,11.1,False
PROD_3043,Re-Intermediate B2B Interfaces,Saúde e Beleza,Vitaminas,122.89,14.37,True
PROD_3044,Grow Best-Of-Breed Users,Livros,Infantil,52.27,13.03,True
PROD_3045,Re-Intermediate Visionary Convergence,Brinquedos,Veículos,242.33,21.8,True
PROD_3046,Matrix Wireless Solutions,Moda,Calçados,396.94,17.94,True
PROD_3047,Matrix Seamless Infrastructures,Esportes,Futebol,54.88,8.93,True
PROD_3048,Integrate Open-Source Architectures,Brinquedos,Educativos,15.7,1.65,True
PROD_3049,Drive End-To-End Deliverables,Saúde e Beleza,Cabelos,154.31,23.05,True
PROD_3050,Incubate Front-End E-Tailers,Eletrônicos,TVs,269.49,10.64,True
PROD_3051,Evolve Extensible Deliverables,Esportes,Fitness,182.18,26.7,True
PROD_3052,Facilitate Granular Web-Readiness,Eletrônicos,TVs,588.8,11.91,True
PROD_3053,Utilize Back-End Action-Items,Moda,Acessórios,591.8,21.56,True
PROD_3054,E-Enable Seamless E-Commerce,Livros,Infantil,62.4,28.19,True
PROD_3055,Deliver One-To-One Markets,Brinquedos,Jogos,114.3,19.57,False
PROD_3056,E-Enable Out-Of-The-Box Portals,Brinquedos,Educativos,49.61,12.46,True
PROD_3057,Whiteboard Synergistic Initiatives,Casa e Decoração,Quadros,26.4,17.07,True
PROD_3058,Streamline 24/7 Systems,Esportes,Ciclismo,28.33,16.35,True
PROD_3059,Monetize Clicks-And-Mortar Bandwidth,Informática,Redes,212.82,17.59,True
PROD_3060,Facilitate Web-Enabled Applications,Saúde e Beleza,Cuidados Pessoais,129.47,4.49,True
PROD_3061,Maximize Bleeding-Edge Convergence,Informática,Redes,261.9,20.99,True
PROD_3062,Monetize Front-End Web Services,Casa e Decoração,Utilidades,1877.97,4.44,True
PROD_3063,Generate Global Architectures,Moda,Roupas Masculinas,164.0,0.54,True
PROD_3064,Mesh Interactive Platforms,Saúde e Beleza,Maquiagem,34.97,18.78,True
PROD_3065,Harness Dynamic Relationships,Livros,Infantil,311.73,3.6,True
PROD_3066,Target Mission-Critical Eyeballs,Informática,Software,34.2,23.14,True
PROD_3067,Unleash Cutting-Edge E-Markets,Livros,Infantil,733.63,25.99,True
PROD_3068,Evolve E-Business Markets,Informática,Redes,10.0,28.35,True
PROD_3069,Brand End-To-End Info-Mediaries,Livros,Infantil,46.72,19.97,True
PROD_3070,Architect Customized Partnerships,Informática,Software,189.91,14.51,True
PROD_3071,Disintermediate Wireless Applications,Livros,Técnicos,369.82,10.63,True
PROD_3072,Engage Impactful Portals,Casa e Decoração,Iluminação,39.95,14.78,True
PROD_3073,Benchmark Rich Functionalities,Alimentos,Importados,32.14,5.79,True
PROD_3074,Brand Visionary Models,Saúde e Beleza,Perfumes,107.56,10.52,True
PROD_3075,Drive Next-Generation Communities,Esportes,Corrida,889.62,21.57,False
PROD_3076,Orchestrate End-To-End Models,Moda,Acessórios,14.21,6.6,True
PROD_3077,Unleash Ubiquitous Channels,Automotivo,Acessórios,61.75,8.0,True
PROD_3078,Unleash 24/7 E-Tailers,Eletrônicos,TVs,123.0,22.5,True
PROD_3079,Target Collaborative Paradigms,Esportes,Futebol,34.63,5.42,True
PROD_3080,Extend Granular Schemas,Eletrônicos,Smartphones,34.49,7.45,True
PROD_3081,Disintermediate 24/7 Metrics,Saúde e Beleza,Perfumes,68.03,0.62,True
PROD_3082,Iterate Transparent Initiatives,Esportes,Ciclismo,127.9,21.63,True
PROD_3083,Embrace Out-Of-The-Box Networks,Livros,Infantil,71.23,18.58,True
PROD_3084,Envisioneer Revolutionary Deliverables,Livros,Infantil,522.53,20.86,True
PROD_3085,Orchestrate 24/7 Relationships,Automotivo,Ferramentas,183.3,6.51,True
PROD_3086,Monetize Out-Of-The-Box Content,Eletrônicos,TVs,142.56,20.65,True
PROD_3087,Envisioneer Holistic Web-Readiness,Moda,Roupas Masculinas,308.95,17.93,True
PROD_3088,Generate B2B Eyeballs,Saúde e Beleza,Vitaminas,145.61,11.05,True
PROD_3089,Generate Next-Generation Markets,Livros,Autoajuda,52.89,13.19,False
PROD_3090,Re-Contextualize Extensible Technologies,Alimentos,Bebidas,65.64,17.08,True
PROD_3091,Architect Viral Models,Casa e Decoração,Tapetes,23.21,14.85,True
PROD_3092,Implement 24/7 Schemas,Casa e Decoração,Iluminação,998.1,19.29,True
PROD_3093,Seize Innovative Paradigms,Informática,Componentes,275.03,5.51,False
PROD_3094,Deploy Compelling Networks,Moda,Acessórios,10.0,16.27,True
PROD_3095,Monetize Customized Supply-Chains,Casa e Decoração,Iluminação,445.75,13.56,False
PROD_3096,Generate Enterprise Info-Mediaries,Informática,Software,15.5,13.88,True
PROD_3097,E-Enable End-To-End Channels,Eletrônicos,Câmeras,168.14,14.13,True
PROD_3098,Deliver Ubiquitous Systems,Livros,Infantil,10.0,26.46,True
PROD_3099,Repurpose Customized Eyeballs,Livros,Infantil,53.85,24.58,True
PROD_3100,Cultivate World-Class Infrastructures,Alimentos,Importados,449.94,18.92,True
PROD_3101,Exploit Transparent Architectures,Esportes,Fitness,481.04,21.52,True
PROD_3102,Enhance Impactful Supply-Chains,Casa e Decoração,Quadros,130.08,1.38,True
PROD_3103,Incubate Revolutionary Web Services,Eletrônicos,TVs,231.59,22.35,True
PROD_3104,Matrix Visionary Niches,Brinquedos,Bonecas,16.51,14.64,False
PROD_3105,Visualize E-Business Communities,Casa e Decoração,Tapetes,171.74,9.6,True
PROD_3106,Unleash Proactive Networks,Moda,Roupas Masculinas,249.93,4.28,True
PROD_3107,Whiteboard Extensible Schemas,Esportes,Futebol,1965.88,2.35,True
PROD_3108,Visualize 24/7 Experiences,Casa e Decoração,Quadros,42.61,1.44,True
PROD_3109,Engage Strategic Solutions,Eletrônicos,Acessórios,91.8,4.94,True
PROD_3110,Re-Intermediate Scalable Networks,Casa e Decoração,Móveis,98.86,1.0,True
PROD_3111,Mesh Dynamic Info-Mediaries,Moda,Acessórios,208.16,22.01,True
PROD_3112,Deliver Vertical Initiatives,Brinquedos,Eletrônicos,258.94,7.53,False
PROD_3113,Repurpose Viral Web-Readiness,Saúde e Beleza,Cuidados Pessoais,321.53,11.13,True
PROD_3114,Empower Best-Of-Breed Action-Items,Automotivo,Óleos,294.58,24.7,True
PROD_3115,E-Enable Visionary Infrastructures,Brinquedos,Jogos,15.22,3.53,True
PROD_3116,Exploit World-Class Interfaces,Informática,Software,10.0,25.08,True
PROD_3117,Benchmark Revolutionary Models,Casa e Decoração,Tapetes,48.56,19.22,True
PROD_3118,Cultivate Vertical Supply-Chains,Livros,Infantil,86.27,10.33,True
PROD_3119,Brand Viral E-Markets,Alimentos,Orgânicos,43.12,3.62,True
PROD_3120,Utilize Turn-Key Architectures,Livros,Autoajuda,51.85,2.84,True
PROD_3121,Morph E-Business Initiatives,Brinquedos,Bonecas,60.13,10.13,True
PROD_3122,Transform Frictionless Technologies,Livros,Ficção,180.0,4.3,True
PROD_3123,Orchestrate Viral Portals,Eletrônicos,Smartphones,26.04,8.1,False
PROD_3124,Revolutionize E-Business Eyeballs,Livros,Autoajuda,81.99,1.68,True
PROD_3125,Monetize Transparent Methodologies,Esportes,Ciclismo,82.75,17.89,False
PROD_3126,Leverage Leading-Edge E-Business,Saúde e Beleza,Maquiagem,175.15,4.44,True
PROD_3127,Harness Viral Web-Readiness,Casa e Decoração,Móveis,362.96,22.73,False
PROD_3128,Unleash Leading-Edge Content,Livros,Ficção,679.21,6.62,True
PROD_3129,Synergize Mission-Critical Vortals,Moda,Acessórios,36.77,23.96,True
PROD_3130,Orchestrate Transparent Vortals,Saúde e Beleza,Cabelos,10.0,5.78,True
PROD_3131,Morph Enterprise Initiatives,Saúde e Beleza,Cabelos,67.34,21.67,True
PROD_3132,Streamline 24/365 Action-Items,Livros,Autoajuda,13.38,10.06,True
PROD_3133,Engineer Web-Enabled Models,Saúde e Beleza,Perfumes,2395.85,17.54,True
PROD_3134,Deliver Integrated Initiatives,Alimentos,Orgânicos,31.58,1.26,True
PROD_3135,Empower Leading-Edge Vortals,Livros,Ficção,177.08,14.91,True
PROD_3136,Target Transparent Partnerships,Eletrônicos,Acessórios,276.13,4.55,False
PROD_3137,Syndicate Proactive E-Markets,Brinquedos,Educativos,135.47,14.64,True
PROD_3138,Whiteboard Bleeding-Edge Web-Readiness,Esportes,Futebol,1087.97,4.33,True
PROD_3139,Empower Mission-Critical Action-Items,Automotivo,Óleos,70.6,13.17,True
PROD_3140,Engineer End-To-End Content,Informática,Notebooks,33.05,3.41,True
PROD_3141,Maximize Transparent Systems,Saúde e Beleza,Vitaminas,31.06,6.68,True
PROD_3142,Evolve Best-Of-Breed Eyeballs,Eletrônicos,Áudio,221.41,17.89,True
PROD_3143,Disintermediate Frictionless Action-Items,Casa e Decoração,Quadros,71.68,29.3,True
PROD_3144,Incubate Cutting-Edge Schemas,Casa e Decoração,Quadros,31.07,13.53,True
PROD_3145,Grow Revolutionary Synergies,Informática,Redes,152.87,20.65,False
PROD_3146,Transition Plug-And-Play E-Business,Esportes,Fitness,210.84,16.23,True
PROD_3147,Envisioneer Frictionless Synergies,Saúde e Beleza,Cabelos,124.66,15.0,True
PROD_3148,Streamline Compelling Niches,Alimentos,Importados,264.94,2.03,True
PROD_3149,Expedite Dot-Com Methodologies,Informática,Periféricos,100.05,4.41,True
PROD_3150,Synergize Cross-Media Functionalities,Esportes,Ciclismo,44.15,26.5,True
PROD_3151,Architect Front-End Paradigms,Saúde e Beleza,Perfumes,238.34,12.36,False
PROD_3152,Leverage Innovative Content,Eletrônicos,Câmeras,30.94,18.47,True
PROD_3153,Evolve Impactful Initiatives,Brinquedos,Jogos,23.23,15.89,True
PROD_3154,E-Enable Global Schemas,Alimentos,Importados,360.37,11.43,True
PROD_3155,Empower User-Centric E-Tailers,Automotivo,Som,59.3,11.7,False
PROD_3156,Re-Intermediate Turn-Key Methodologies,Casa e Decoração,Utilidades,664.36,16.71,True
PROD_3157,Facilitate Back-End Systems,Moda,Roupas Femininas,251.62,4.32,True
PROD_3158,Empower Interactive Web Services,Eletrônicos,Smartphones,54.13,11.68,True
PROD_3159,Harness Cross-Platform E-Tailers,Casa e Decoração,Tapetes,161.33,13.46,True
PROD_3160,Target Open-Source Web-Readiness,Livros,Técnicos,1870.68,29.56,True
PROD_3161,Redefine Global Experiences,Moda,Acessórios,222.54,10.61,True
PROD_3162,Re-Contextualize Clicks-And-Mortar Metrics,Casa e Decoração,Tapetes,180.92,19.37,True
PROD_3163,Syndicate Clicks-And-Mortar Synergies,Esportes,Ciclismo,44.09,4.21,True
PROD_3164,Innovate Virtual E-Markets,Alimentos,Orgânicos,823.42,2.06,True
PROD_3165,Engage Holistic Interfaces,Casa e Decoração,Utilidades,437.7,26.16,False
PROD_3166,Incubate Strategic Experiences,Automotivo,Som,44.58,21.95,True
PROD_3167,Visualize Intuitive Users,Brinquedos,Eletrônicos,859.62,9.59,True
PROD_3168,Utilize Visionary Methodologies,Esportes,Fitness,109.69,15.19,True
PROD_3169,Embrace Synergistic Architectures,Eletrônicos,Acessórios,32.84,4.16,True
PROD_3170,Transition Synergistic Architectures,Eletrônicos,Câmeras,43.89,21.24,False
PROD_3171,Reinvent Value-Added Initiatives,Eletrônicos,Câmeras,258.07,2.2,True
PROD_3172,Target Out-Of-The-Box Solutions,Eletrônicos,Áudio,33.11,22.74,True
PROD_3173,Grow Value-Added E-Services,Brinquedos,Eletrônicos,23.96,16.45,True
PROD_3174,Extend Vertical Niches,Casa e Decoração,Utilidades,53.16,8.44,True
PROD_3175,Innovate Synergistic Solutions,Saúde e Beleza,Maquiagem,63.6,25.89,True
PROD_3176,Evolve Seamless E-Services,Casa e Decoração,Móveis,40.13,29.58,True
PROD_3177,Enhance Rich Relationships,Livros,Infantil,52.21,7.71,True
PROD_3178,Integrate Efficient Models,Alimentos,Saudáveis,270.51,24.21,True
PROD_3179,Productize Best-Of-Breed Synergies,Moda,Roupas Femininas,122.46,22.53,True
PROD_3180,Aggregate Impactful Initiatives,Saúde e Beleza,Perfumes,48.48,22.44,False
PROD_3181,Cultivate Efficient Networks,Saúde e Beleza,Cuidados Pessoais,53.87,28.72,True
PROD_3182,Deliver Rich Communities,Casa e Decoração,Tapetes,76.86,14.65,True
PROD_3183,Engage Dynamic Web Services,Saúde e Beleza,Cabelos,82.33,20.26,True
PROD_3184,Extend Virtual Partnerships,Informática,Componentes,82.75,24.73,True
PROD_3185,Benchmark End-To-End Partnerships,Informática,Periféricos,258.86,14.44,True
PROD_3186,Enable Back-End Networks,Livros,Infantil,114.03,14.49,True
PROD_3187,Iterate Bleeding-Edge Deliverables,Moda,Acessórios,118.13,9.63,True
PROD_3188,Drive Efficient Solutions,Automotivo,Acessórios,498.77,23.45,True
PROD_3189,Iterate Vertical Methodologies,Brinquedos,Educativos,855.75,20.62,True
PROD_3190,Incubate Dot-Com Methodologies,Casa e Decoração,Móveis,20.55,13.59,True
PROD_3191,Engage Ubiquitous Synergies,Brinquedos,Eletrônicos,13.54,12.64,True
PROD_3192,Brand Scalable Vortals,Automotivo,Som,59.19,2.27,True
PROD_3193,Brand Transparent Niches,Casa e Decoração,Quadros,230.39,0.29,True
PROD_3194,Embrace Plug-And-Play Models,Casa e Decoração,Móveis,141.34,15.91,False
PROD_3195,Disintermediate Revolutionary E-Services,Moda,Roupas Masculinas,318.91,12.58,False
PROD_3196,Streamline Efficient E-Markets,Brinquedos,Educativos,56.21,23.9,True
PROD_3197,Incubate Customized Vortals,Informática,Notebooks,10.0,16.33,True
PROD_3198,Implement Impactful Solutions,Eletrônicos,Áudio,17.46,28.11,True
PROD_3199,Facilitate Strategic Networks,Brinquedos,Jogos,177.27,5.96,True
PROD_3200,Exploit Proactive E-Services,Alimentos,Orgânicos,321.86,29.71,True
PROD_3201,Scale Cutting-Edge Partnerships,Alimentos,Doces,10.0,9.01,True
PROD_3202,Redefine Interactive Solutions,Casa e Decoração,Tapetes,489.21,19.31,True
PROD_3203,Leverage Open-Source Content,Eletrônicos,Smartphones,157.21,15.11,True
PROD_3204,Optimize Mission-Critical Web-Readiness,Esportes,Fitness,82.72,10.85,True
PROD_3205,Syndicate User-Centric Web-Readiness,Automotivo,Som,42.43,4.27,True
PROD_3206,Benchmark Open-Source Portals,Livros,Acadêmicos,607.52,4.13,True
PROD_3207,Incentivize Sticky Info-Mediaries,Eletrônicos,Câmeras,264.12,21.37,True
PROD_3208,Incentivize Cross-Platform Markets,Livros,Ficção,162.23,11.39,False
PROD_3209,Transition Open-Source Deliverables,Brinquedos,Veículos,37.42,28.84,True
PROD_3210,Generate Web-Enabled Partnerships,Brinquedos,Bonecas,624.54,9.84,True
PROD_3211,Revolutionize Visionary Platforms,Livros,Técnicos,93.36,29.51,True
PROD_3212,Whiteboard Customized Applications,Automotivo,Peças,128.87,6.24,True
PROD_3213,Embrace Strategic Markets,Eletrônicos,Áudio,98.27,3.17,True
PROD_3214,Redefine Robust Architectures,Esportes,Fitness,35.92,9.45,False
PROD_3215,Harness Innovative Channels,Casa e Decoração,Utilidades,132.11,26.58,True
PROD_3216,Streamline Visionary Markets,Moda,Acessórios,207.75,15.7,False
PROD_3217,Monetize User-Centric Partnerships,Brinquedos,Eletrônicos,52.99,4.16,True
PROD_3218,Transform Leading-Edge Schemas,Alimentos,Orgânicos,119.21,6.15,True
PROD_3219,Streamline Distributed Architectures,Automotivo,Som,96.56,9.41,True
PROD_3220,Strategize Mission-Critical E-Business,Moda,Roupas Masculinas,269.93,17.75,True
PROD_3221,Engineer Transparent E-Services,Esportes,Ciclismo,62.88,10.04,True
PROD_3222,Cultivate Value-Added Bandwidth,Saúde e Beleza,Perfumes,118.14,22.44,True
PROD_3223,Synergize Plug-And-Play E-Commerce,Casa e Decoração,Iluminação,152.11,18.53,True
PROD_3224,Matrix Mission-Critical Supply-Chains,Brinquedos,Eletrônicos,61.2,26.23,True
PROD_3225,Visualize Proactive Bandwidth,Casa e Decoração,Quadros,33.43,15.08,True
PROD_3226,Mesh Open-Source Applications,Moda,Acessórios,40.64,10.0,True
PROD_3227,Aggregate Sticky Platforms,Casa e Decoração,Quadros,147.09,29.89,False
PROD_3228,Implement Innovative Applications,Saúde e Beleza,Cabelos,67.87,10.73,True
PROD_3229,Generate Dynamic Networks,Moda,Infantil,66.8,12.92,True
PROD_3230,Enable Dot-Com Convergence,Brinquedos,Eletrônicos,185.86,24.29,True
PROD_3231,Deploy Compelling E-Business,Eletrônicos,Smartphones,305.94,2.75,True
PROD_3232,Grow Viral Action-Items,Alimentos,Orgânicos,376.18,11.66,False
PROD_3233,Enable Revolutionary Markets,Moda,Acessórios,43.16,2.66,True
PROD_3234,Enable Extensible Applications,Informática,Notebooks,272.41,4.27,True
PROD_3235,Brand Synergistic Content,Saúde e Beleza,Vitaminas,1098.81,0.24,True
PROD_3236,Benchmark B2B Eyeballs,Moda,Roupas Masculinas,104.72,0.39,True
PROD_3237,Syndicate Extensible Metrics,Moda,Infantil,82.44,11.47,False
PROD_3238,Facilitate Distributed Relationships,Informática,Redes,64.19,24.29,True
PROD_3239,Implement B2B Markets,Brinquedos,Eletrônicos,25.12,17.65,True
PROD_3240,Incentivize Scalable E-Commerce,Moda,Acessórios,247.33,19.08,True
PROD_3241,Seize 24/365 Solutions,Alimentos,Importados,82.88,15.63,True
PROD_3242,Whiteboard 24/365 Partnerships,Casa e Decoração,Móveis,75.21,24.61,True
PROD_3243,Facilitate Dynamic Web Services,Brinquedos,Bonecas,205.37,26.42,True
PROD_3244,Syndicate Plug-And-Play Metrics,Alimentos,Bebidas,229.38,25.51,True
PROD_3245,Scale Open-Source Applications,Brinquedos,Jogos,43.77,24.38,True
PROD_3246,Maximize Open-Source E-Business,Alimentos,Doces,45.04,5.56,True
PROD_3247,Monetize Next-Generation Supply-Chains,Saúde e Beleza,Maquiagem,42.71,17.86,True
PROD_3248,Leverage Sticky Bandwidth,Alimentos,Orgânicos,1137.08,17.51,False
PROD_3249,Matrix Revolutionary Models,Livros,Ficção,529.84,15.89,True
PROD_3250,Enhance Clicks-And-Mortar Functionalities,Alimentos,Importados,210.28,14.48,False
PROD_3251,Enhance Bleeding-Edge Bandwidth,Eletrônicos,Acessórios,57.37,2.77,True
PROD_3252,Re-Intermediate Killer Action-Items,Eletrônicos,Smartphones,66.13,3.15,True
PROD_3253,Syndicate Open-Source Architectures,Automotivo,Som,139.23,27.08,True
PROD_3254,Architect Wireless Roi,Livros,Técnicos,1275.32,18.94,True
PROD_3255,Transition Clicks-And-Mortar Relationships,Livros,Acadêmicos,127.31,7.94,True
PROD_3256,Implement Intuitive Convergence,Casa e Decoração,Tapetes,165.77,8.45,True
PROD_3257,Utilize One-To-One Eyeballs,Livros,Ficção,10.0,18.34,True
PROD_3258,Envisioneer Visionary Solutions,Casa e Decoração,Tapetes,122.62,12.27,True
PROD_3259,Whiteboard Bricks-And-Clicks Paradigms,Automotivo,Óleos,16.9,13.3,True
PROD_3260,Utilize 24/365 Solutions,Automotivo,Peças,50.18,1.91,True
PROD_3261,Envisioneer Virtual E-Services,Saúde e Beleza,Cuidados Pessoais,95.23,4.25,True
PROD_3262,Matrix Back-End Roi,Eletrônicos,Câmeras,62.64,11.86,True
PROD_3263,Facilitate Interactive Roi,Alimentos,Doces,41.97,21.02,True
PROD_3264,Aggregate Vertical Roi,Alimentos,Doces,42.42,1.54,True
PROD_3265,E-Enable Back-End Platforms,Informática,Software,69.88,10.1,True
PROD_3266,Utilize Global Architectures,Informática,Componentes,66.31,20.88,True
PROD_3267,Visualize One-To-One Supply-Chains,Esportes,Fitness,92.23,23.78,True
PROD_3268,Re-Contextualize Best-Of-Breed Content,Brinquedos,Educativos,84.32,5.79,True
PROD_3269,Target Web-Enabled Relationships,Saúde e Beleza,Cabelos,417.65,21.97,True
PROD_3270,Exploit Out-Of-The-Box Web Services,Esportes,Fitness,10.0,28.67,True
PROD_3271,Leverage User-Centric Partnerships,Esportes,Natação,120.78,27.21,True
PROD_3272,Embrace B2B Channels,Moda,Calçados,98.02,23.7,True
PROD_3273,Generate Dynamic Solutions,Moda,Roupas Masculinas,76.63,21.4,True
PROD_3274,Incubate Enterprise Relationships,Esportes,Fitness,38.59,7.13,True
PROD_3275,Harness Cutting-Edge Functionalities,Livros,Técnicos,75.21,19.05,True
PROD_3276,Incentivize Revolutionary E-Business,Brinquedos,Jogos,12.68,19.33,False
PROD_3277,Benchmark Dynamic Users,Saúde e Beleza,Maquiagem,115.36,12.26,True
PROD_3278,Envisioneer B2C Vortals,Esportes,Corrida,143.4,14.84,True
PROD_3279,Incentivize Scalable Functionalities,Alimentos,Doces,38.67,20.85,False
PROD_3280,Generate Efficient Channels,Brinquedos,Veículos,924.11,28.57,False
PROD_3281,Iterate Holistic E-Tailers,Moda,Acessórios,77.9,8.93,True
PROD_3282,Drive Strategic Info-Mediaries,Alimentos,Importados,94.91,7.47,True
PROD_3283,Generate Innovative Communities,Moda,Calçados,447.17,18.09,True
PROD_3284,Deliver Integrated Experiences,Moda,Roupas Femininas,1176.79,4.01,True
PROD_3285,Engineer Out-Of-The-Box Models,Brinquedos,Educativos,23.38,17.52,False
PROD_3286,Mesh Plug-And-Play Roi,Moda,Infantil,45.03,2.76,True
PROD_3287,Harness Out-Of-The-Box Deliverables,Automotivo,Som,79.58,14.77,True
PROD_3288,Scale Compelling Models,Eletrônicos,Smartphones,36.91,18.65,True
PROD_3289,Syndicate Real-Time Applications,Automotivo,Acessórios,248.47,2.2,True
PROD_3290,Strategize Robust E-Tailers,Eletrônicos,Smartphones,32.34,6.29,True
PROD_3291,Enhance 24/365 Systems,Informática,Notebooks,411.55,10.13,True
PROD_3292,Cultivate Web-Enabled Interfaces,Informática,Software,190.26,11.12,True
PROD_3293,Architect Extensible E-Commerce,Moda,Roupas Femininas,363.89,20.32,False
PROD_3294,Matrix Enterprise Networks,Saúde e Beleza,Cuidados Pessoais,32.52,15.92,True
PROD_3295,Leverage Out-Of-The-Box Portals,Saúde e Beleza,Cabelos,56.82,11.53,True
PROD_3296,Engage Strategic Channels,Eletrônicos,Áudio,264.43,13.58,True
PROD_3297,Engineer Strategic Technologies,Alimentos,Orgânicos,212.71,0.49,False
PROD_3298,Grow Synergistic E-Services,Brinquedos,Educativos,63.8,23.14,False
PROD_3299,Benchmark Revolutionary Bandwidth,Moda,Acessórios,75.68,1.33,True
PROD_3300,Deliver Cross-Platform E-Commerce,Brinquedos,Veículos,53.45,24.9,True
PROD_3301,Grow Plug-And-Play E-Commerce,Automotivo,Acessórios,73.28,16.28,True
PROD_3302,Deploy Out-Of-The-Box Models,Saúde e Beleza,Vitaminas,28.26,15.88,True
PROD_3303,Harness Real-Time Architectures,Livros,Infantil,23.11,21.17,False
PROD_3304,Utilize Virtual Systems,Automotivo,Ferramentas,300.82,25.8,True
PROD_3305,Enhance Back-End Experiences,Automotivo,Acessórios,70.35,28.29,True
PROD_3306,Optimize Synergistic Infrastructures,Eletrônicos,TVs,358.38,16.35,True
PROD_3307,Envisioneer Strategic Niches,Casa e Decoração,Tapetes,184.05,4.6,False
PROD_3308,Re-Contextualize Bleeding-Edge Platforms,Automotivo,Ferramentas,130.9,26.37,True
PROD_3309,Embrace Intuitive Relationships,Moda,Acessórios,38.39,1.32,True
PROD_3310,Integrate 24/365 Supply-Chains,Esportes,Fitness,21.05,24.24,True
PROD_3311,Aggregate Open-Source Portals,Esportes,Ciclismo,52.02,20.44,True
PROD_3312,Monetize Efficient Solutions,Moda,Roupas Femininas,565.83,27.15,True
PROD_3313,Unleash Global Users,Casa e Decoração,Móveis,261.58,26.93,True
PROD_3314,Redefine Back-End Synergies,Casa e Decoração,Iluminação,46.5,1.69,True
PROD_3315,Revolutionize Seamless Technologies,Eletrônicos,Smartphones,52.74,18.32,True
PROD_3316,Transition Cross-Media Interfaces,Saúde e Beleza,Cabelos,29.52,3.83,True
PROD_3317,Strategize Value-Added Info-Mediaries,Brinquedos,Educativos,14.06,2.45,True
PROD_3318,Visualize B2C Interfaces,Casa e Decoração,Iluminação,101.69,13.5,False
PROD_3319,Enhance Bleeding-Edge E-Tailers,Livros,Autoajuda,713.44,3.02,False
PROD_3320,Syndicate Bleeding-Edge Deliverables,Eletrônicos,TVs,724.27,21.86,True
PROD_3321,Benchmark Plug-And-Play Bandwidth,Informática,Componentes,186.7,29.07,False
PROD_3322,Facilitate Strategic Vortals,Alimentos,Importados,43.68,17.13,True
PROD_3323,Iterate Dynamic E-Commerce,Informática,Componentes,15.81,7.13,True
PROD_3324,Revolutionize Next-Generation E-Tailers,Eletrônicos,Áudio,316.23,25.31,True
PROD_3325,Grow Customized Schemas,Automotivo,Som,153.95,25.61,True
PROD_3326,Utilize Out-Of-The-Box Channels,Brinquedos,Veículos,61.59,22.01,True
PROD_3327,Maximize End-To-End Content,Alimentos,Doces,50.4,18.49,True
PROD_3328,Extend Value-Added Models,Informática,Periféricos,185.03,26.05,True
PROD_3329,Exploit Synergistic Supply-Chains,Alimentos,Bebidas,33.38,4.98,True
PROD_3330,Enhance Next-Generation E-Commerce,Livros,Técnicos,119.95,27.95,True
PROD_3331,Innovate Wireless Users,Livros,Técnicos,20.83,28.42,True
PROD_3332,Monetize World-Class Applications,Livros,Técnicos,1305.33,26.17,True
PROD_3333,Utilize Robust Channels,Eletrônicos,TVs,39.47,7.59,True
PROD_3334,Orchestrate Open-Source Networks,Brinquedos,Veículos,195.99,25.76,True
PROD_3335,Whiteboard Impactful Architectures,Eletrônicos,Smartphones,21.38,14.98,True
PROD_3336,Architect Impactful Partnerships,Esportes,Futebol,74.0,17.89,True
PROD_3337,Incubate Integrated Solutions,Automotivo,Ferramentas,260.22,25.23,True
PROD_3338,Syndicate Sticky Supply-Chains,Automotivo,Acessórios,337.36,0.98,True
PROD_3339,Maximize Customized Functionalities,Livros,Infantil,224.97,10.95,True
PROD_3340,Productize Seamless Infrastructures,Esportes,Futebol,76.26,24.49,False
PROD_3341,Leverage Sticky Methodologies,Casa e Decoração,Iluminação,40.48,24.44,True
PROD_3342,Engage Virtual Paradigms,Casa e Decoração,Utilidades,24.7,25.48,True
PROD_3343,Transition Holistic Web-Readiness,Livros,Infantil,547.06,5.16,True
PROD_3344,Reinvent 24/365 Partnerships,Informática,Notebooks,101.91,21.21,True
PROD_3345,Redefine Integrated Technologies,Eletrônicos,TVs,127.22,4.48,False
PROD_3346,Architect Bleeding-Edge Technologies,Livros,Ficção,364.47,23.57,True
PROD_3347,Repurpose Innovative Bandwidth,Saúde e Beleza,Cuidados Pessoais,182.01,7.43,True
PROD_3348,Streamline Out-Of-The-Box Deliverables,Alimentos,Orgânicos,77.25,22.16,True
PROD_3349,Implement Frictionless Vortals,Automotivo,Som,219.92,13.7,True
PROD_3350,Cultivate Transparent Interfaces,Casa e Decoração,Quadros,42.65,29.59,True
PROD_3351,Leverage One-To-One Channels,Moda,Infantil,13.99,17.44,True
PROD_3352,Incubate Next-Generation Info-Mediaries,Casa e Decoração,Utilidades,489.9,19.01,True
PROD_3353,Extend Innovative Architectures,Automotivo,Ferramentas,47.13,11.11,True
PROD_3354,Productize Best-Of-Breed Channels,Alimentos,Doces,62.48,22.06,True
PROD_3355,Cultivate Best-Of-Breed Content,Automotivo,Ferramentas,69.46,14.9,True
PROD_3356,Brand Collaborative Communities,Moda,Roupas Femininas,43.7,0.64,True
PROD_3357,Expedite Extensible Applications,Livros,Ficção,337.51,18.3,True
PROD_3358,Aggregate Ubiquitous Niches,Esportes,Fitness,141.08,24.93,False
PROD_3359,Aggregate Clicks-And-Mortar Eyeballs,Moda,Acessórios,62.52,7.18,True
PROD_3360,Grow Innovative Interfaces,Automotivo,Som,19.48,6.71,True
PROD_3361,Expedite Interactive Deliverables,Automotivo,Óleos,129.61,18.31,True
PROD_3362,Facilitate Holistic Bandwidth,Saúde e Beleza,Vitaminas,10.0,24.56,True
PROD_3363,Target Revolutionary Infrastructures,Saúde e Beleza,Cabelos,119.02,7.56,True
PROD_3364,Envisioneer Ubiquitous Convergence,Brinquedos,Eletrônicos,451.16,27.97,True
PROD_3365,Scale Seamless Interfaces,Saúde e Beleza,Maquiagem,97.27,27.83,True
PROD_3366,Re-Intermediate Virtual E-Markets,Eletrônicos,TVs,382.83,6.1,True
PROD_3367,Incentivize Virtual E-Business,Esportes,Fitness,20.59,7.99,True
PROD_3368,Drive User-Centric Bandwidth,Alimentos,Bebidas,1039.24,21.05,True
PROD_3369,Synergize Viral Networks,Moda,Calçados,335.88,28.56,True
PROD_3370,Transform Impactful Paradigms,Automotivo,Óleos,159.36,21.33,True
PROD_3371,Incentivize Granular Niches,Brinquedos,Bonecas,43.9,13.4,True
PROD_3372,Matrix Distributed Web Services,Brinquedos,Bonecas,35.97,5.15,True
PROD_3373,Redefine Innovative E-Tailers,Alimentos,Saudáveis,82.67,13.88,True
PROD_3374,Redefine Rich E-Markets,Esportes,Ciclismo,381.2,18.24,True
PROD_3375,Engineer 24/7 Relationships,Moda,Roupas Masculinas,18.57,10.0,True
PROD_3376,Optimize Sticky Mindshare,Casa e Decoração,Iluminação,91.15,15.36,True
PROD_3377,Revolutionize World-Class E-Markets,Saúde e Beleza,Maquiagem,217.25,3.99,True
PROD_3378,Grow Frictionless Portals,Livros,Autoajuda,274.57,13.62,False
PROD_3379,Architect Revolutionary Bandwidth,Brinquedos,Eletrônicos,216.48,2.81,False
PROD_3380,Utilize Intuitive Functionalities,Saúde e Beleza,Cuidados Pessoais,16.43,1.57,True
PROD_3381,Scale Plug-And-Play Architectures,Saúde e Beleza,Cuidados Pessoais,350.07,25.73,False
PROD_3382,Facilitate Wireless Solutions,Eletrônicos,Câmeras,97.58,6.23,True
PROD_3383,Strategize Robust Synergies,Esportes,Futebol,24.47,17.3,True
PROD_3384,Morph One-To-One Channels,Livros,Infantil,87.44,4.55,True
PROD_3385,Harness Plug-And-Play Models,Casa e Decoração,Iluminação,10.0,7.95,True
PROD_3386,Target Innovative Infrastructures,Automotivo,Ferramentas,180.18,10.9,True
PROD_3387,Engage Interactive Systems,Eletrônicos,TVs,77.23,4.4,True
PROD_3388,Enable Collaborative Niches,Saúde e Beleza,Maquiagem,19.61,1.47,True
PROD_3389,E-Enable Granular Communities,Saúde e Beleza,Maquiagem,63.56,26.33,True
PROD_3390,E-Enable Vertical Metrics,Informática,Componentes,38.51,0.45,True
PROD_3391,Transform Virtual Technologies,Livros,Ficção,41.58,1.93,False
PROD_3392,Embrace Impactful Communities,Livros,Acadêmicos,10.0,24.17,False
PROD_3393,Optimize Value-Added Methodologies,Informática,Periféricos,12.1,8.53,False
PROD_3394,Empower B2C Systems,Livros,Técnicos,68.33,21.71,False
PROD_3395,Seize Virtual E-Tailers,Saúde e Beleza,Maquiagem,55.58,4.47,True
PROD_3396,Unleash Robust Methodologies,Brinquedos,Educativos,289.68,7.19,True
PROD_3397,Incubate Killer Systems,Moda,Acessórios,42.18,17.23,True
PROD_3398,Scale Scalable Functionalities,Saúde e Beleza,Cuidados Pessoais,47.83,29.66,False
PROD_3399,Exploit Sticky Architectures,Eletrônicos,Smartphones,50.59,2.3,True
PROD_3400,Scale Extensible Systems,Esportes,Futebol,71.06,12.08,True
PROD_3401,Streamline Clicks-And-Mortar Markets,Informática,Notebooks,100.46,1.39,True
PROD_3402,Revolutionize Enterprise Solutions,Casa e Decoração,Móveis,55.28,6.06,True
PROD_3403,Re-Contextualize Interactive Relationships,Automotivo,Peças,178.66,27.23,True
PROD_3404,Redefine Web-Enabled Solutions,Casa e Decoração,Quadros,1422.63,2.98,True
PROD_3405,Evolve Vertical E-Markets,Saúde e Beleza,Cabelos,33.43,25.72,True
PROD_3406,Utilize Value-Added Supply-Chains,Eletrônicos,Áudio,144.06,5.42,True
PROD_3407,Transition Dynamic Methodologies,Saúde e Beleza,Vitaminas,93.26,25.87,True
PROD_3408,Repurpose Innovative E-Services,Esportes,Natação,316.22,16.19,True
PROD_3409,Matrix Mission-Critical Web Services,Brinquedos,Eletrônicos,114.85,26.36,True
PROD_3410,Leverage Frictionless Paradigms,Automotivo,Ferramentas,37.65,4.64,False
PROD_3411,Deploy Sticky Vortals,Esportes,Fitness,22.24,22.88,True
PROD_3412,Harness Dynamic E-Business,Informática,Notebooks,187.28,20.45,True
PROD_3413,Architect Impactful E-Commerce,Informática,Periféricos,24.52,16.33,True
PROD_3414,Embrace Bleeding-Edge E-Tailers,Saúde e Beleza,Vitaminas,372.59,24.34,True
PROD_3415,Transform Synergistic Vortals,Eletrônicos,TVs,174.83,19.48,True
PROD_3416,Reinvent Value-Added Interfaces,Esportes,Corrida,99.89,26.32,True
PROD_3417,Visualize Turn-Key Synergies,Alimentos,Bebidas,18.64,11.49,True
PROD_3418,Synergize Killer Bandwidth,Eletrônicos,Áudio,202.43,17.74,True
PROD_3419,Enhance Innovative Web Services,Brinquedos,Eletrônicos,626.48,26.13,True
PROD_3420,Transition Efficient Experiences,Informática,Notebooks,54.05,6.52,True
PROD_3421,Re-Intermediate Out-Of-The-Box Paradigms,Saúde e Beleza,Cuidados Pessoais,36.96,14.62,True
PROD_3422,Optimize Killer E-Markets,Livros,Acadêmicos,80.61,28.83,True
PROD_3423,Monetize Rich Platforms,Informática,Componentes,157.64,14.26,True
PROD_3424,Unleash Frictionless Portals,Automotivo,Som,47.59,7.66,True
PROD_3425,Transform World-Class Functionalities,Moda,Infantil,264.82,10.6,False
PROD_3426,Scale Integrated Methodologies,Livros,Ficção,891.46,26.56,True
PROD_3427,Re-Contextualize Global Supply-Chains,Saúde e Beleza,Maquiagem,133.79,28.65,True
PROD_3428,Reinvent Turn-Key Web Services,Alimentos,Saudáveis,60.95,28.51,True
PROD_3429,Syndicate Innovative Supply-Chains,Livros,Acadêmicos,152.63,21.0,True
PROD_3430,Utilize Customized Architectures,Automotivo,Peças,369.72,15.34,True
PROD_3431,Deliver Bleeding-Edge Mindshare,Eletrônicos,TVs,109.02,5.56,True
PROD_3432,Benchmark Value-Added E-Services,Alimentos,Doces,161.11,3.78,True
PROD_3433,Utilize 24/7 Content,Informática,Redes,209.71,1.89,False
PROD_3434,Incentivize Cutting-Edge Action-Items,Alimentos,Orgânicos,31.48,0.63,True
PROD_3435,Re-Intermediate Strategic Markets,Esportes,Corrida,156.17,26.36,True
PROD_3436,Enable Out-Of-The-Box Models,Automotivo,Peças,17.99,24.29,True
PROD_3437,Envisioneer 24/365 Eyeballs,Livros,Técnicos,40.85,17.08,True
PROD_3438,Synergize Best-Of-Breed Experiences,Esportes,Natação,355.95,29.96,True
PROD_3439,Integrate Web-Enabled Metrics,Alimentos,Saudáveis,256.02,28.6,True
PROD_3440,Grow Open-Source Channels,Esportes,Natação,65.09,19.69,True
PROD_3441,Empower Turn-Key Experiences,Casa e Decoração,Utilidades,697.12,13.99,True
PROD_3442,Generate Revolutionary Deliverables,Automotivo,Peças,18.69,4.65,True
PROD_3443,Generate Next-Generation Experiences,Brinquedos,Eletrônicos,70.38,15.52,True
PROD_3444,Transition Front-End Web-Readiness,Eletrônicos,TVs,125.23,4.82,True
PROD_3445,Enhance Open-Source Supply-Chains,Alimentos,Saudáveis,10.0,12.01,True
PROD_3446,Incentivize Best-Of-Breed Users,Automotivo,Óleos,74.5,28.29,True
PROD_3447,Streamline Interactive Methodologies,Brinquedos,Jogos,23.35,10.33,True
PROD_3448,Scale Magnetic Metrics,Brinquedos,Educativos,24.0,4.67,True
PROD_3449,Cultivate Enterprise Deliverables,Saúde e Beleza,Maquiagem,64.93,17.51,True
PROD_3450,Harness Viral Systems,Esportes,Corrida,10.07,18.11,True
PROD_3451,Whiteboard Clicks-And-Mortar Partnerships,Brinquedos,Educativos,34.14,5.89,True
PROD_3452,Cultivate Holistic Partnerships,Casa e Decoração,Quadros,10.35,5.98,True
PROD_3453,Aggregate Scalable Functionalities,Automotivo,Óleos,104.43,29.69,True
PROD_3454,Orchestrate Best-Of-Breed Channels,Moda,Roupas Masculinas,102.02,7.37,True
PROD_3455,Evolve Virtual Applications,Moda,Infantil,59.25,25.16,True
PROD_3456,Engage Best-Of-Breed Action-Items,Alimentos,Orgânicos,297.6,14.16,True
PROD_3457,Deliver Strategic E-Commerce,Informática,Notebooks,63.09,13.11,True
PROD_3458,Drive Plug-And-Play Content,Esportes,Futebol,87.56,8.92,True
PROD_3459,Leverage 24/365 Action-Items,Informática,Software,30.35,23.24,False
PROD_3460,Brand Virtual Metrics,Brinquedos,Educativos,10.0,26.43,True
PROD_3461,Incentivize Seamless Technologies,Automotivo,Ferramentas,75.61,7.91,True
PROD_3462,Maximize Customized Functionalities,Alimentos,Importados,64.64,2.94,True
PROD_3463,Aggregate Real-Time Info-Mediaries,Livros,Ficção,700.57,4.19,False
PROD_3464,Evolve Bricks-And-Clicks Interfaces,Brinquedos,Eletrônicos,200.52,23.8,False
PROD_3465,Synergize Frictionless Info-Mediaries,Esportes,Fitness,54.83,13.13,True
PROD_3466,Grow Cutting-Edge Mindshare,Moda,Roupas Femininas,106.7,4.04,True
PROD_3467,Re-Intermediate User-Centric Eyeballs,Saúde e Beleza,Perfumes,267.31,10.27,True
PROD_3468,Transition Compelling Web-Readiness,Automotivo,Ferramentas,167.35,15.48,True
PROD_3469,Engineer Enterprise E-Commerce,Eletrônicos,Smartphones,666.93,25.58,True
PROD_3470,Iterate Strategic Content,Informática,Componentes,34.91,19.29,True
PROD_3471,Expedite B2C Schemas,Alimentos,Bebidas,290.05,5.36,True
PROD_3472,Drive Virtual Portals,Informática,Periféricos,54.19,4.85,True
PROD_3473,Synergize Plug-And-Play Content,Automotivo,Peças,113.56,12.43,True
PROD_3474,Target Front-End Architectures,Informática,Redes,46.1,2.35,True
PROD_3475,Engage Compelling Partnerships,Automotivo,Som,75.91,22.69,True
PROD_3476,Facilitate Global Info-Mediaries,Informática,Notebooks,116.03,12.1,True
PROD_3477,Aggregate B2C Solutions,Casa e Decoração,Móveis,183.44,10.36,True
PROD_3478,Implement Value-Added Mindshare,Livros,Infantil,96.9,15.32,True
PROD_3479,Drive Out-Of-The-Box Models,Brinquedos,Veículos,10.0,21.3,True
PROD_3480,Strategize Next-Generation Interfaces,Brinquedos,Eletrônicos,82.08,17.12,True
PROD_3481,Extend Out-Of-The-Box Architectures,Esportes,Futebol,525.57,24.09,True
PROD_3482,Synthesize Extensible Experiences,Eletrônicos,Smartphones,81.3,18.92,False
PROD_3483,Benchmark Intuitive E-Markets,Eletrônicos,Acessórios,543.58,23.66,False
PROD_3484,Matrix Robust Initiatives,Esportes,Futebol,77.93,20.93,True
PROD_3485,Synergize Granular Solutions,Saúde e Beleza,Vitaminas,13.65,5.87,True
PROD_3486,Engineer User-Centric Portals,Brinquedos,Veículos,53.54,1.67,True
PROD_3487,Revolutionize Cross-Media Mindshare,Saúde e Beleza,Cabelos,46.06,27.11,True
PROD_3488,Unleash Holistic Functionalities,Automotivo,Acessórios,68.34,28.38,True
PROD_3489,Scale Out-Of-The-Box Markets,Automotivo,Ferramentas,21.71,21.84,True
PROD_3490,Visualize Integrated E-Commerce,Moda,Infantil,89.07,21.75,True
PROD_3491,Extend Interactive Action-Items,Informática,Redes,60.71,8.18,False
PROD_3492,Syndicate Robust Relationships,Eletrônicos,Câmeras,422.18,16.32,False
PROD_3493,Whiteboard Proactive Web Services,Moda,Acessórios,21.07,29.77,False
PROD_3494,Visualize B2B Portals,Livros,Infantil,120.88,25.7,True
PROD_3495,Expedite Ubiquitous Methodologies,Esportes,Futebol,147.41,9.2,False
PROD_3496,Orchestrate Dot-Com Action-Items,Esportes,Ciclismo,228.14,9.1,True
PROD_3497,Expedite Granular Synergies,Automotivo,Som,58.19,14.56,True
PROD_3498,Embrace E-Business Experiences,Brinquedos,Jogos,117.33,12.2,True
PROD_3499,Unleash Integrated Interfaces,Saúde e Beleza,Maquiagem,137.54,11.2,True
PROD_3500,Unleash Strategic Deliverables,Eletrônicos,TVs,12.45,18.85,False
PROD_3501,Redefine Dynamic E-Commerce,Moda,Roupas Femininas,60.75,0.44,True
PROD_3502,Leverage Cutting-Edge Portals,Saúde e Beleza,Perfumes,86.56,22.92,True
PROD_3503,Scale Seamless Mindshare,Moda,Infantil,99.63,22.23,True
PROD_3504,Incubate Enterprise Applications,Informática,Notebooks,98.18,24.93,False
PROD_3505,Monetize Transparent Infrastructures,Livros,Autoajuda,152.17,25.26,True
PROD_3506,Transform Cross-Media Eyeballs,Livros,Autoajuda,920.69,17.04,True
PROD_3507,Empower Best-Of-Breed Interfaces,Saúde e Beleza,Cabelos,44.06,23.42,True
PROD_3508,Scale Extensible Synergies,Saúde e Beleza,Vitaminas,142.22,14.82,True
PROD_3509,Leverage Holistic Synergies,Saúde e Beleza,Maquiagem,429.05,28.55,True
PROD_3510,Transform Innovative E-Markets,Moda,Roupas Masculinas,10.4,5.8,True
PROD_3511,Mesh Next-Generation Experiences,Informática,Periféricos,124.18,27.48,True
PROD_3512,Envisioneer User-Centric Communities,Casa e Decoração,Quadros,11.98,7.83,False
PROD_3513,Reinvent Out-Of-The-Box Roi,Saúde e Beleza,Perfumes,1239.79,3.17,True
PROD_3514,Unleash Global Solutions,Brinquedos,Jogos,168.42,13.23,True
PROD_3515,Synthesize Viral Mindshare,Eletrônicos,Acessórios,143.24,18.49,True
PROD_3516,Embrace Customized Networks,Eletrônicos,TVs,10.0,7.01,True
PROD_3517,Transition Killer Roi,Moda,Acessórios,49.14,16.72,True
PROD_3518,Aggregate Leading-Edge Roi,Saúde e Beleza,Perfumes,49.41,24.26,True
PROD_3519,Exploit Dynamic Portals,Automotivo,Som,749.76,7.79,True
PROD_3520,Productize Transparent Systems,Esportes,Fitness,215.95,17.45,False
PROD_3521,Whiteboard Sticky Functionalities,Casa e Decoração,Utilidades,12.39,10.25,True
PROD_3522,Leverage Strategic Technologies,Brinquedos,Educativos,158.13,15.94,True
PROD_3523,Evolve Enterprise Initiatives,Informática,Redes,14.83,20.04,False
PROD_3524,Empower Innovative Supply-Chains,Automotivo,Som,12.74,10.58,True
PROD_3525,Utilize Web-Enabled Info-Mediaries,Livros,Infantil,155.11,29.84,True
PROD_3526,Synthesize Mission-Critical Synergies,Automotivo,Peças,220.02,16.96,True
PROD_3527,Streamline Real-Time Synergies,Moda,Roupas Masculinas,156.1,24.75,True
PROD_3528,Repurpose Revolutionary Platforms,Casa e Decoração,Iluminação,858.77,21.78,True
PROD_3529,Architect Clicks-And-Mortar Architectures,Alimentos,Saudáveis,140.12,25.6,True
PROD_3530,Expedite Real-Time Models,Alimentos,Importados,110.4,5.3,True
PROD_3531,Syndicate Cross-Platform Metrics,Saúde e Beleza,Vitaminas,20.92,6.75,True
PROD_3532,Brand Cross-Platform Relationships,Saúde e Beleza,Maquiagem,251.93,14.67,True
PROD_3533,Innovate Cross-Platform Vortals,Moda,Calçados,12.41,25.58,True
PROD_3534,Transition Web-Enabled Relationships,Informática,Software,1016.83,6.01,True
PROD_3535,Repurpose Wireless Architectures,Saúde e Beleza,Cuidados Pessoais,255.94,29.13,False
PROD_3536,Re-Intermediate Leading-Edge Convergence,Esportes,Fitness,2559.99,3.92,True
PROD_3537,Cultivate Open-Source Platforms,Casa e Decoração,Móveis,143.62,5.33,True
PROD_3538,Implement Ubiquitous Interfaces,Moda,Roupas Femininas,271.56,5.1,True
PROD_3539,Drive Global Web-Readiness,Eletrônicos,Acessórios,64.55,17.62,True
PROD_3540,Expedite 24/7 Deliverables,Livros,Acadêmicos,85.46,27.53,True
PROD_3541,Empower Interactive Relationships,Moda,Calçados,25.49,7.73,True
PROD_3542,Grow Collaborative Mindshare,Moda,Roupas Femininas,15.84,16.64,True
PROD_3543,Deploy Dynamic Synergies,Alimentos,Saudáveis,113.0,5.36,True
PROD_3544,Whiteboard World-Class Web-Readiness,Brinquedos,Educativos,84.86,18.97,True
PROD_3545,Whiteboard Bricks-And-Clicks Paradigms,Informática,Componentes,24.75,3.79,False
PROD_3546,Exploit World-Class Methodologies,Brinquedos,Veículos,30.62,14.79,True
PROD_3547,Grow Bleeding-Edge Metrics,Esportes,Fitness,93.59,19.69,True
PROD_3548,Synthesize Wireless E-Business,Eletrônicos,TVs,24.25,17.42,False
PROD_3549,Generate Strategic Convergence,Alimentos,Saudáveis,138.1,4.29,True
PROD_3550,Brand Collaborative Web Services,Eletrônicos,Smartphones,25.17,4.93,True
PROD_3551,Iterate Mission-Critical Architectures,Esportes,Natação,122.37,20.17,True
PROD_3552,Envisioneer Dynamic Eyeballs,Brinquedos,Veículos,22.63,24.29,True
PROD_3553,Cultivate Robust Channels,Moda,Roupas Femininas,22.74,27.25,True
PROD_3554,Synthesize E-Business Content,Saúde e Beleza,Perfumes,10.0,24.43,True
PROD_3555,E-Enable Plug-And-Play Communities,Saúde e Beleza,Cuidados Pessoais,74.27,29.22,False
PROD_3556,Productize Customized Initiatives,Automotivo,Peças,515.37,12.31,True
PROD_3557,Syndicate Web-Enabled Action-Items,Livros,Autoajuda,481.45,10.0,False
PROD_3558,Architect Frictionless Web Services,Informática,Periféricos,132.8,0.94,True
PROD_3559,Scale E-Business Platforms,Esportes,Futebol,10.0,13.55,True
PROD_3560,Brand Proactive Communities,Livros,Infantil,247.81,19.58,True
PROD_3561,Re-Contextualize World-Class Architectures,Informática,Periféricos,118.01,24.48,True
PROD_3562,Revolutionize Efficient E-Services,Livros,Técnicos,55.27,8.1,True
PROD_3563,Drive Dot-Com Web Services,Brinquedos,Jogos,383.31,15.46,True
PROD_3564,Syndicate 24/7 Web Services,Informática,Periféricos,188.39,19.89,True
PROD_3565,Enable Holistic Infrastructures,Brinquedos,Jogos,947.53,16.59,True
PROD_3566,Generate Open-Source E-Services,Moda,Acessórios,16.66,8.29,True
PROD_3567,Re-Contextualize Innovative Experiences,Alimentos,Bebidas,18.3,23.91,True
PROD_3568,Facilitate Enterprise Architectures,Brinquedos,Eletrônicos,22.4,5.28,False
PROD_3569,Visualize User-Centric E-Services,Saúde e Beleza,Maquiagem,63.94,27.16,True
PROD_3570,Enhance Back-End Initiatives,Livros,Acadêmicos,605.35,28.58,True
PROD_3571,Envisioneer E-Business Initiatives,Automotivo,Som,42.59,11.03,True
PROD_3572,Evolve Cross-Platform Applications,Casa e Decoração,Quadros,43.7,11.35,True
PROD_3573,Re-Contextualize Dynamic Initiatives,Informática,Periféricos,148.52,22.32,True
PROD_3574,Maximize Out-Of-The-Box Channels,Esportes,Ciclismo,247.59,13.74,True
PROD_3575,Iterate Turn-Key Architectures,Automotivo,Acessórios,10.0,0.96,True
PROD_3576,Maximize Clicks-And-Mortar Content,Saúde e Beleza,Cuidados Pessoais,313.46,27.6,True
PROD_3577,Streamline Dynamic Architectures,Brinquedos,Bonecas,41.01,12.98,True
PROD_3578,Brand Turn-Key Relationships,Alimentos,Importados,79.61,6.18,True
PROD_3579,Exploit End-To-End Deliverables,Moda,Infantil,493.69,16.71,True
PROD_3580,Repurpose Magnetic Platforms,Casa e Decoração,Tapetes,69.43,6.65,True
PROD_3581,Strategize Value-Added Users,Eletrônicos,Câmeras,14.32,6.26,True
PROD_3582,Iterate Ubiquitous Vortals,Automotivo,Ferramentas,15.35,16.42,True
PROD_3583,Orchestrate Distributed E-Services,Alimentos,Saudáveis,86.93,11.79,True
PROD_3584,Synthesize Ubiquitous Eyeballs,Eletrônicos,TVs,60.27,17.23,True
PROD_3585,Expedite Front-End Eyeballs,Casa e Decoração,Móveis,96.68,29.91,True
PROD_3586,Extend Robust Metrics,Esportes,Futebol,55.62,25.78,True
PROD_3587,Harness Extensible Mindshare,Esportes,Futebol,399.3,0.33,True
PROD_3588,Scale 24/7 Niches,Livros,Técnicos,92.73,1.61,True
PROD_3589,Iterate Compelling Functionalities,Casa e Decoração,Iluminação,10.85,18.34,True
PROD_3590,E-Enable Killer Models,Casa e Decoração,Móveis,239.81,18.83,True
PROD_3591,Envisioneer Enterprise Markets,Eletrônicos,Áudio,886.72,26.36,True
PROD_3592,Exploit Open-Source Eyeballs,Alimentos,Orgânicos,108.41,18.91,True
PROD_3593,Transition Best-Of-Breed E-Services,Informática,Redes,118.99,6.91,True
PROD_3594,Scale Scalable Roi,Eletrônicos,Acessórios,35.31,14.11,True
PROD_3595,Iterate Holistic Interfaces,Moda,Infantil,67.29,24.29,True
PROD_3596,Monetize Granular Web-Readiness,Esportes,Natação,164.59,27.69,True
PROD_3597,Engage Impactful Supply-Chains,Esportes,Futebol,350.08,7.18,True
PROD_3598,Brand Collaborative Convergence,Livros,Ficção,153.73,16.23,True
PROD_3599,Engineer Impactful Interfaces,Moda,Calçados,797.63,4.85,True
PROD_3600,Optimize Front-End Technologies,Esportes,Ciclismo,101.31,14.96,True
PROD_3601,Scale Dynamic Schemas,Eletrônicos,Áudio,23.43,2.79,True
PROD_3602,Strategize Mission-Critical Channels,Moda,Roupas Masculinas,24.25,28.26,True
PROD_3603,Harness Scalable Content,Eletrônicos,Acessórios,395.95,19.18,True
PROD_3604,Target Granular Networks,Informática,Componentes,301.43,25.64,True
PROD_3605,Enable Visionary Info-Mediaries,Informática,Notebooks,12.51,29.95,True
PROD_3606,Envisioneer B2B E-Tailers,Esportes,Corrida,70.01,5.56,True
PROD_3607,Architect 24/365 Experiences,Esportes,Futebol,73.12,20.85,True
PROD_3608,Implement Bricks-And-Clicks Networks,Alimentos,Bebidas,36.53,26.62,False
PROD_3609,Transform B2B Architectures,Informática,Componentes,16.57,17.32,True
PROD_3610,Brand Frictionless Markets,Automotivo,Acessórios,35.58,19.23,True
PROD_3611,Transform Synergistic Info-Mediaries,Automotivo,Acessórios,28.67,12.29,True
PROD_3612,Reinvent Scalable Initiatives,Livros,Ficção,17.05,20.28,True
PROD_3613,Deliver Cross-Platform Applications,Informática,Redes,243.44,11.93,True
PROD_3614,Brand B2C Functionalities,Eletrônicos,Acessórios,126.41,14.35,True
PROD_3615,Drive Wireless Action-Items,Eletrônicos,Smartphones,51.58,3.18,True
PROD_3616,Integrate 24/7 Action-Items,Saúde e Beleza,Maquiagem,10.0,0.33,True
PROD_3617,Strategize Holistic Content,Moda,Roupas Femininas,62.87,1.75,True
PROD_3618,Scale Virtual Experiences,Brinquedos,Educativos,168.22,5.86,True
PROD_3619,Extend Enterprise Web Services,Automotivo,Ferramentas,37.22,13.75,True
PROD_3620,Repurpose E-Business Bandwidth,Esportes,Ciclismo,22.65,0.73,True
PROD_3621,Cultivate Enterprise Niches,Livros,Infantil,77.66,4.76,True
PROD_3622,Whiteboard Visionary Relationships,Brinquedos,Educativos,134.57,23.47,True
PROD_3623,Implement 24/7 Initiatives,Casa e Decoração,Utilidades,10.0,22.89,False
PROD_3624,Evolve 24/7 Models,Livros,Acadêmicos,457.06,23.71,True
PROD_3625,Visualize Magnetic Web-Readiness,Casa e Decoração,Iluminação,20.11,27.65,True
PROD_3626,Benchmark Compelling Niches,Informática,Componentes,54.2,3.66,False
PROD_3627,Scale Mission-Critical Applications,Casa e Decoração,Móveis,371.49,4.98,False
PROD_3628,Reinvent Integrated Info-Mediaries,Casa e Decoração,Iluminação,104.63,10.07,True
PROD_3629,Visualize User-Centric Content,Alimentos,Orgânicos,335.4,27.46,True
PROD_3630,Maximize End-To-End Platforms,Alimentos,Doces,580.8,23.29,True
PROD_3631,Harness Innovative Users,Alimentos,Saudáveis,15.62,9.79,True
PROD_3632,Reinvent Wireless Web-Readiness,Informática,Notebooks,265.72,2.72,False
PROD_3633,Strategize Holistic Partnerships,Brinquedos,Educativos,441.68,18.53,True
PROD_3634,Mesh 24/7 E-Tailers,Livros,Ficção,57.34,7.78,True
PROD_3635,Repurpose 24/7 Roi,Livros,Técnicos,63.09,15.98,False
PROD_3636,Cultivate Viral Synergies,Esportes,Natação,10.0,28.26,True
PROD_3637,Engage Customized Vortals,Alimentos,Importados,229.82,17.22,False
PROD_3638,Embrace Revolutionary Channels,Informática,Periféricos,10.0,27.72,False
PROD_3639,Maximize Best-Of-Breed Experiences,Esportes,Corrida,287.89,11.85,True
PROD_3640,Leverage E-Business Schemas,Moda,Acessórios,16.42,19.04,True
PROD_3641,Morph Robust Infrastructures,Esportes,Ciclismo,477.63,26.83,True
PROD_3642,Embrace Seamless Relationships,Brinquedos,Educativos,144.83,17.68,False
PROD_3643,Incubate Frictionless E-Commerce,Automotivo,Óleos,302.1,18.49,False
PROD_3644,Repurpose Clicks-And-Mortar Action-Items,Casa e Decoração,Iluminação,33.94,21.52,True
PROD_3645,Monetize Revolutionary Deliverables,Alimentos,Importados,18.17,26.48,True
PROD_3646,Productize Distributed Web Services,Automotivo,Som,10.84,2.74,True
PROD_3647,Incubate Visionary Channels,Esportes,Fitness,333.43,10.17,True
PROD_3648,Maximize Holistic Vortals,Informática,Componentes,199.44,11.99,True
PROD_3649,Mesh Synergistic Metrics,Casa e Decoração,Utilidades,208.12,27.3,True
PROD_3650,Incubate Best-Of-Breed Platforms,Livros,Técnicos,127.71,28.68,True
PROD_3651,Repurpose Revolutionary Action-Items,Eletrônicos,Câmeras,172.89,3.7,True
PROD_3652,Integrate Dynamic Eyeballs,Casa e Decoração,Iluminação,63.43,3.66,False
PROD_3653,Monetize Killer Channels,Brinquedos,Educativos,140.38,28.05,True
PROD_3654,Expedite Killer Applications,Brinquedos,Jogos,32.19,8.94,True
PROD_3655,Seize Efficient Channels,Esportes,Futebol,59.66,7.33,True
PROD_3656,Drive Cutting-Edge Partnerships,Moda,Roupas Femininas,3470.3,1.17,False
PROD_3657,Engage Dot-Com Portals,Brinquedos,Jogos,94.32,8.34,True
PROD_3658,Synergize Granular Interfaces,Brinquedos,Educativos,10.0,20.84,True
PROD_3659,Target Strategic Portals,Informática,Software,55.13,12.84,True
PROD_3660,Innovate Cutting-Edge Eyeballs,Esportes,Corrida,25.3,15.55,True
PROD_3661,Incubate Best-Of-Breed Partnerships,Casa e Decoração,Quadros,108.97,27.53,True
PROD_3662,Whiteboard Real-Time Functionalities,Moda,Calçados,30.96,3.53,True
PROD_3663,Scale Dynamic Relationships,Automotivo,Óleos,69.81,2.23,True
PROD_3664,Maximize Granular E-Markets,Eletrônicos,Câmeras,37.05,25.57,True
PROD_3665,Transition B2C Vortals,Alimentos,Bebidas,114.05,23.27,True
PROD_3666,Generate User-Centric Architectures,Livros,Autoajuda,42.4,7.99,True
PROD_3667,Utilize Interactive Partnerships,Brinquedos,Educativos,138.14,9.79,True
PROD_3668,Empower 24/7 Users,Esportes,Corrida,932.9,9.38,True
PROD_3669,Embrace Transparent Partnerships,Alimentos,Bebidas,22.53,19.47,True
PROD_3670,Facilitate E-Business Relationships,Livros,Acadêmicos,214.57,1.93,True
PROD_3671,Redefine Open-Source Niches,Livros,Autoajuda,10.0,14.73,True
PROD_3672,Orchestrate Magnetic Niches,Automotivo,Som,68.08,4.1,True
PROD_3673,Implement Mission-Critical Architectures,Automotivo,Óleos,118.47,24.61,True
PROD_3674,Enhance Enterprise Platforms,Automotivo,Ferramentas,36.69,11.48,False
PROD_3675,Generate 24/7 Roi,Saúde e Beleza,Cuidados Pessoais,10.54,15.87,True
PROD_3676,Mesh Extensible Applications,Saúde e Beleza,Cabelos,86.0,0.98,True
PROD_3677,Transition Holistic Platforms,Livros,Infantil,565.97,1.84,True
PROD_3678,Mesh Cross-Media Networks,Automotivo,Ferramentas,75.51,20.28,True
PROD_3679,Cultivate Front-End Schemas,Informática,Redes,175.97,23.03,True
PROD_3680,Empower Mission-Critical Markets,Brinquedos,Bonecas,348.02,21.33,True
PROD_3681,Leverage Turn-Key Architectures,Alimentos,Doces,1747.2,22.14,True
PROD_3682,Reinvent Cross-Media Methodologies,Alimentos,Doces,25.46,3.23,True
PROD_3683,Generate Wireless Info-Mediaries,Saúde e Beleza,Cuidados Pessoais,28.82,20.83,False
PROD_3684,Benchmark End-To-End Portals,Livros,Acadêmicos,63.39,5.53,True
PROD_3685,Implement B2C Web Services,Esportes,Natação,188.39,3.03,False
PROD_3686,Enable B2B Architectures,Casa e Decoração,Quadros,10.0,22.74,True
PROD_3687,Maximize Real-Time Markets,Casa e Decoração,Quadros,197.26,26.69,True
PROD_3688,Redefine Out-Of-The-Box Action-Items,Saúde e Beleza,Vitaminas,107.55,21.53,True
PROD_3689,Innovate Next-Generation Bandwidth,Esportes,Corrida,47.43,24.19,False
PROD_3690,Reinvent Visionary Convergence,Saúde e Beleza,Cabelos,150.0,29.73,True
PROD_3691,Exploit Plug-And-Play Mindshare,Casa e Decoração,Utilidades,261.8,4.13,True
PROD_3692,Envisioneer Efficient E-Commerce,Esportes,Fitness,309.09,28.96,True
PROD_3693,Mesh Bleeding-Edge Content,Automotivo,Ferramentas,91.63,18.08,False
PROD_3694,Whiteboard E-Business Content,Livros,Autoajuda,133.12,24.42,True
PROD_3695,Deploy Turn-Key Infrastructures,Alimentos,Bebidas,127.23,19.54,True
PROD_3696,Whiteboard Strategic Partnerships,Informática,Software,394.43,17.14,False
PROD_3697,Drive Web-Enabled Infrastructures,Moda,Roupas Femininas,142.23,21.14,False
PROD_3698,Leverage Leading-Edge Infrastructures,Livros,Técnicos,195.25,9.68,True
PROD_3699,Extend Front-End Schemas,Automotivo,Som,262.75,27.74,False
PROD_3700,Re-Contextualize Rich Synergies,Casa e Decoração,Quadros,944.14,3.55,True
PROD_3701,Brand Global Info-Mediaries,Automotivo,Acessórios,44.57,9.61,True
PROD_3702,Synthesize 24/7 Interfaces,Saúde e Beleza,Cuidados Pessoais,633.24,1.03,True
PROD_3703,Implement Dynamic Synergies,Esportes,Corrida,1746.41,8.21,True
PROD_3704,Unleash Cutting-Edge Users,Alimentos,Bebidas,48.11,6.62,True
PROD_3705,Extend Cross-Media Action-Items,Brinquedos,Eletrônicos,69.4,1.58,True
PROD_3706,Extend Revolutionary Metrics,Saúde e Beleza,Cabelos,53.83,14.8,True
PROD_3707,Grow Frictionless Methodologies,Livros,Técnicos,198.0,14.11,True
PROD_3708,Re-Contextualize Magnetic Roi,Saúde e Beleza,Vitaminas,10.0,2.42,False
PROD_3709,Optimize Bricks-And-Clicks Channels,Livros,Acadêmicos,49.43,7.93,True
PROD_3710,Deliver Synergistic Markets,Brinquedos,Jogos,64.82,28.6,True
PROD_3711,Brand Rich Architectures,Eletrônicos,TVs,58.36,3.41,True
PROD_3712,Leverage Out-Of-The-Box Initiatives,Alimentos,Saudáveis,57.66,9.22,True
PROD_3713,Facilitate Interactive Users,Informática,Periféricos,50.04,1.17,True
PROD_3714,Iterate 24/7 Technologies,Informática,Notebooks,228.8,4.55,True
PROD_3715,Monetize Compelling Technologies,Moda,Roupas Masculinas,171.72,21.01,True
PROD_3716,Morph Killer Synergies,Automotivo,Som,695.12,11.06,False
PROD_3717,Extend Impactful E-Tailers,Eletrônicos,Câmeras,229.5,13.62,True
PROD_3718,Re-Contextualize Extensible Experiences,Informática,Notebooks,24.12,4.79,True
PROD_3719,Deliver Robust Bandwidth,Saúde e Beleza,Perfumes,73.4,20.5,True
PROD_3720,Productize Holistic Markets,Automotivo,Som,64.62,22.57,True
PROD_3721,Seize Clicks-And-Mortar E-Business,Eletrônicos,Áudio,122.28,5.52,True
PROD_3722,Target Open-Source Content,Esportes,Futebol,334.25,1.45,True
PROD_3723,Seize Sticky Synergies,Esportes,Fitness,112.51,2.52,True
PROD_3724,Seize Viral Interfaces,Automotivo,Óleos,112.86,19.75,True
PROD_3725,Seize Value-Added Platforms,Livros,Autoajuda,91.11,4.15,True
PROD_3726,Brand Holistic Solutions,Livros,Infantil,238.1,14.87,True
PROD_3727,Evolve B2C E-Markets,Saúde e Beleza,Cabelos,45.48,4.66,False
PROD_3728,Embrace Holistic Synergies,Eletrônicos,Câmeras,15.67,5.19,True
PROD_3729,Orchestrate Dot-Com E-Services,Eletrônicos,Câmeras,195.1,0.23,True
PROD_3730,Syndicate Impactful Relationships,Automotivo,Óleos,141.2,9.69,True
PROD_3731,Monetize Bricks-And-Clicks E-Commerce,Casa e Decoração,Utilidades,440.58,2.78,True
PROD_3732,Productize Viral Users,Esportes,Fitness,10.0,11.88,True
PROD_3733,Exploit Real-Time Platforms,Eletrônicos,Áudio,79.8,17.97,False
PROD_3734,Grow Visionary Communities,Automotivo,Peças,102.31,11.09,True
PROD_3735,Enable Synergistic E-Commerce,Brinquedos,Bonecas,14.69,21.18,True
PROD_3736,Implement Synergistic Solutions,Moda,Roupas Masculinas,81.13,22.27,True
PROD_3737,Embrace Dynamic Technologies,Brinquedos,Bonecas,374.02,20.93,True
PROD_3738,Integrate Global Interfaces,Alimentos,Doces,1100.3,28.11,True
PROD_3739,Deploy Open-Source Paradigms,Saúde e Beleza,Maquiagem,292.62,7.2,False
PROD_3740,Leverage 24/365 Info-Mediaries,Eletrônicos,Câmeras,60.99,5.76,True
PROD_3741,Repurpose Real-Time Initiatives,Alimentos,Bebidas,409.04,18.33,True
PROD_3742,Deploy Holistic Schemas,Informática,Software,268.72,17.89,True
PROD_3743,Synthesize End-To-End Vortals,Alimentos,Doces,50.34,15.35,True
PROD_3744,Engineer Wireless Mindshare,Automotivo,Acessórios,44.78,0.23,True
PROD_3745,Drive Integrated Channels,Eletrônicos,Smartphones,73.54,16.7,True
PROD_3746,Embrace Sticky Web-Readiness,Moda,Acessórios,25.51,27.99,False
PROD_3747,Enable B2C Convergence,Automotivo,Óleos,61.99,10.1,True
PROD_3748,Deliver Value-Added Methodologies,Automotivo,Som,161.44,29.03,False
PROD_3749,Incentivize Scalable Methodologies,Saúde e Beleza,Perfumes,313.0,10.77,True
PROD_3750,E-Enable Cross-Platform E-Commerce,Saúde e Beleza,Vitaminas,57.13,4.28,True
PROD_3751,Expedite Value-Added E-Commerce,Esportes,Fitness,476.33,12.01,True
PROD_3752,Syndicate Distributed Technologies,Esportes,Corrida,196.39,14.89,True
PROD_3753,Synthesize Strategic E-Commerce,Livros,Técnicos,207.43,18.92,True
PROD_3754,Incentivize B2C Mindshare,Casa e Decoração,Quadros,29.88,15.2,True
PROD_3755,Reinvent Interactive Niches,Eletrônicos,Smartphones,787.85,16.15,True
PROD_3756,Revolutionize One-To-One Portals,Eletrônicos,Smartphones,174.87,0.82,True
PROD_3757,Scale Interactive Web Services,Alimentos,Bebidas,60.39,7.68,False
PROD_3758,Transition Cutting-Edge Solutions,Eletrônicos,TVs,48.86,9.39,False
PROD_3759,Syndicate Sticky Mindshare,Eletrônicos,Smartphones,62.02,29.61,True
PROD_3760,Re-Intermediate Viral Solutions,Casa e Decoração,Utilidades,26.52,8.94,True
PROD_3761,Iterate B2C E-Services,Informática,Software,294.7,26.91,True
PROD_3762,Embrace End-To-End Interfaces,Esportes,Fitness,29.99,9.21,True
PROD_3763,Integrate Efficient Solutions,Esportes,Ciclismo,127.46,2.97,True
PROD_3764,Re-Contextualize B2B E-Commerce,Moda,Acessórios,52.46,7.5,True
PROD_3765,Utilize 24/365 Infrastructures,Eletrônicos,Acessórios,201.33,8.26,True
PROD_3766,Cultivate Scalable Architectures,Casa e Decoração,Móveis,237.0,29.35,True
PROD_3767,Deploy Extensible Functionalities,Esportes,Corrida,41.57,20.26,True
PROD_3768,Enhance Magnetic Supply-Chains,Casa e Decoração,Quadros,86.43,27.96,True
PROD_3769,Brand Compelling Markets,Brinquedos,Jogos,15.93,25.07,False
PROD_3770,Deliver Cutting-Edge Experiences,Informática,Notebooks,692.74,17.4,False
PROD_3771,Streamline Seamless Initiatives,Eletrônicos,TVs,324.28,20.29,True
PROD_3772,Empower Bricks-And-Clicks Niches,Moda,Calçados,16.87,18.78,True
PROD_3773,Seize Next-Generation Action-Items,Alimentos,Orgânicos,31.81,20.02,True
PROD_3774,Harness Scalable Roi,Esportes,Fitness,76.57,8.02,True
PROD_3775,Integrate Clicks-And-Mortar Markets,Brinquedos,Educativos,94.3,12.3,True
PROD_3776,Repurpose World-Class E-Tailers,Casa e Decoração,Tapetes,39.52,17.82,True
PROD_3777,Envisioneer Collaborative Niches,Saúde e Beleza,Perfumes,22.78,1.17,True
PROD_3778,Redefine Mission-Critical E-Commerce,Automotivo,Óleos,144.61,14.54,True
PROD_3779,Reinvent Dot-Com Models,Eletrônicos,Áudio,725.88,25.81,True
PROD_3780,Disintermediate Open-Source Content,Eletrônicos,Smartphones,96.12,14.82,True
PROD_3781,Embrace Mission-Critical Web Services,Brinquedos,Eletrônicos,63.43,16.61,True
PROD_3782,Implement End-To-End Supply-Chains,Casa e Decoração,Tapetes,55.91,6.14,True
PROD_3783,Disintermediate Bricks-And-Clicks Applications,Livros,Ficção,24.14,23.85,True
PROD_3784,Mesh Out-Of-The-Box Action-Items,Eletrônicos,Acessórios,40.19,10.83,True
PROD_3785,Visualize Efficient E-Tailers,Livros,Infantil,351.9,28.7,True
PROD_3786,Benchmark Integrated Infrastructures,Saúde e Beleza,Cabelos,10.0,29.81,True
PROD_3787,Matrix Sticky Channels,Brinquedos,Veículos,97.92,27.49,True
PROD_3788,Whiteboard 24/7 Paradigms,Casa e Decoração,Quadros,93.09,2.64,True
PROD_3789,Benchmark Dynamic Solutions,Casa e Decoração,Utilidades,103.76,10.06,True
PROD_3790,Unleash Customized Platforms,Informática,Componentes,215.49,28.36,False
PROD_3791,Optimize Cross-Platform Content,Automotivo,Peças,96.87,24.16,True
PROD_3792,Drive Collaborative Solutions,Esportes,Futebol,52.21,27.34,False
PROD_3793,Incubate B2C Paradigms,Esportes,Fitness,40.94,17.22,True
PROD_3794,Enable Dynamic E-Markets,Alimentos,Orgânicos,427.52,14.46,True
PROD_3795,Engage Dot-Com Schemas,Moda,Roupas Femininas,313.96,3.28,True
PROD_3796,Seize Bricks-And-Clicks Systems,Brinquedos,Bonecas,2844.56,25.2,True
PROD_3797,Whiteboard 24/7 E-Commerce,Saúde e Beleza,Cabelos,64.25,22.38,True
PROD_3798,Optimize Compelling E-Markets,Casa e Decoração,Móveis,41.85,1.86,True
PROD_3799,Mesh Vertical Communities,Automotivo,Som,155.06,6.36,False
PROD_3800,Expedite Efficient Channels,Livros,Autoajuda,150.63,16.76,False
PROD_3801,Envisioneer Revolutionary Networks,Brinquedos,Bonecas,193.18,20.56,True
PROD_3802,Streamline Dynamic Interfaces,Alimentos,Importados,248.78,4.22,True
PROD_3803,Synthesize Intuitive Communities,Brinquedos,Veículos,190.95,7.42,True
PROD_3804,Grow Integrated Schemas,Alimentos,Bebidas,327.03,5.87,True
PROD_3805,Revolutionize Integrated Interfaces,Casa e Decoração,Quadros,383.6,6.68,False
PROD_3806,Expedite Real-Time E-Tailers,Moda,Roupas Masculinas,391.9,27.63,True
PROD_3807,Reinvent Clicks-And-Mortar Communities,Alimentos,Orgânicos,10.0,21.5,True
PROD_3808,Maximize Killer Applications,Casa e Decoração,Tapetes,118.97,22.14,False
PROD_3809,Scale Value-Added Mindshare,Casa e Decoração,Móveis,29.73,23.84,True
PROD_3810,Target Back-End Content,Moda,Infantil,319.43,10.76,False
PROD_3811,Iterate Magnetic Technologies,Esportes,Ciclismo,10.0,23.04,True
PROD_3812,Unleash Real-Time Schemas,Brinquedos,Bonecas,524.83,29.35,False
PROD_3813,Embrace Frictionless E-Services,Eletrônicos,Câmeras,31.89,20.98,True
PROD_3814,Integrate Web-Enabled Technologies,Eletrônicos,Câmeras,24.22,12.56,True
PROD_3815,Integrate B2B Niches,Livros,Ficção,138.03,21.52,True
PROD_3816,Re-Contextualize Global Niches,Livros,Autoajuda,57.52,27.03,True
PROD_3817,Cultivate Scalable Experiences,Eletrônicos,Áudio,761.48,3.95,False
PROD_3818,Incentivize Best-Of-Breed Users,Saúde e Beleza,Perfumes,462.03,8.03,True
PROD_3819,Embrace Clicks-And-Mortar Experiences,Eletrônicos,TVs,48.76,27.59,False
PROD_3820,Seize Out-Of-The-Box Vortals,Livros,Autoajuda,314.5,28.39,True
PROD_3821,Evolve Back-End Channels,Automotivo,Ferramentas,46.79,14.58,True
PROD_3822,Deploy Distributed Vortals,Livros,Ficção,46.31,11.3,True
PROD_3823,Streamline Value-Added Convergence,Saúde e Beleza,Cabelos,212.09,8.56,True
PROD_3824,Enhance Efficient Roi,Brinquedos,Veículos,516.47,15.01,True
PROD_3825,Morph Vertical Users,Eletrônicos,Áudio,53.02,28.04,True
PROD_3826,Repurpose Sticky Architectures,Moda,Acessórios,58.1,4.58,True
PROD_3827,Visualize Dot-Com Functionalities,Automotivo,Acessórios,129.21,12.65,True
PROD_3828,Whiteboard Best-Of-Breed Systems,Casa e Decoração,Quadros,30.79,27.36,True
PROD_3829,Enhance World-Class Niches,Saúde e Beleza,Cabelos,589.04,10.54,True
PROD_3830,Architect Impactful Eyeballs,Livros,Autoajuda,30.44,23.07,False
PROD_3831,Grow Bleeding-Edge E-Commerce,Moda,Roupas Masculinas,42.11,11.74,True
PROD_3832,Disintermediate B2B Info-Mediaries,Alimentos,Doces,750.46,24.17,True
PROD_3833,Evolve Rich Roi,Esportes,Ciclismo,116.46,29.43,True
PROD_3834,Target Viral Roi,Eletrônicos,Smartphones,927.32,11.7,True
PROD_3835,Aggregate Holistic Roi,Esportes,Corrida,69.19,25.37,True
PROD_3836,Visualize Front-End Web-Readiness,Saúde e Beleza,Perfumes,1850.89,29.65,True
PROD_3837,Monetize Granular Roi,Alimentos,Orgânicos,188.44,29.52,True
PROD_3838,Transition Impactful Methodologies,Alimentos,Bebidas,36.49,13.07,True
PROD_3839,Expedite Dynamic Partnerships,Alimentos,Importados,35.82,14.62,True
PROD_3840,Orchestrate Intuitive E-Commerce,Casa e Decoração,Quadros,15.66,9.17,True
PROD_3841,Incentivize Ubiquitous Experiences,Saúde e Beleza,Perfumes,17.86,9.49,True
PROD_3842,Strategize Mission-Critical Deliverables,Brinquedos,Educativos,40.8,14.82,True
PROD_3843,Enable Value-Added Metrics,Esportes,Fitness,27.39,6.1,True
PROD_3844,Transform Enterprise Architectures,Brinquedos,Educativos,10.0,21.36,False
PROD_3845,Utilize One-To-One Synergies,Moda,Calçados,247.11,16.14,True
PROD_3846,Engineer Revolutionary Channels,Informática,Software,228.24,26.95,True
PROD_3847,Incentivize Strategic Niches,Automotivo,Som,130.33,24.34,True
PROD_3848,Orchestrate Value-Added Synergies,Automotivo,Peças,23.06,9.74,False
PROD_3849,Generate Sticky Users,Brinquedos,Bonecas,649.47,15.22,True
PROD_3850,Extend Cross-Platform Infrastructures,Informática,Componentes,72.69,22.54,True
PROD_3851,Aggregate Global Info-Mediaries,Informática,Notebooks,33.12,5.88,True
PROD_3852,Engineer Visionary Communities,Eletrônicos,TVs,119.0,1.04,True
PROD_3853,Monetize Open-Source Info-Mediaries,Moda,Roupas Masculinas,111.08,25.58,True
PROD_3854,Orchestrate Interactive Markets,Saúde e Beleza,Maquiagem,10.0,4.21,True
PROD_3855,Incubate Real-Time Functionalities,Informática,Notebooks,86.74,26.69,True
PROD_3856,Incubate 24/7 Web-Readiness,Livros,Técnicos,104.03,27.42,True
PROD_3857,Transition Revolutionary Platforms,Automotivo,Acessórios,57.14,13.87,True
PROD_3858,Incubate Distributed Platforms,Livros,Ficção,18.44,24.22,True
PROD_3859,Deliver Next-Generation Eyeballs,Moda,Roupas Femininas,19.1,10.96,True
PROD_3860,Implement Magnetic Web-Readiness,Informática,Redes,166.81,25.76,True
PROD_3861,Enhance Cutting-Edge Architectures,Esportes,Ciclismo,224.51,24.76,True
PROD_3862,Orchestrate Synergistic Experiences,Automotivo,Óleos,52.58,2.45,True
PROD_3863,Envisioneer Magnetic Methodologies,Eletrônicos,TVs,142.42,17.52,True
PROD_3864,Synergize One-To-One Models,Eletrônicos,TVs,51.96,19.24,True
PROD_3865,Leverage One-To-One E-Services,Alimentos,Importados,32.33,0.13,True
PROD_3866,Transform Front-End Convergence,Casa e Decoração,Iluminação,116.44,29.4,True
PROD_3867,Optimize Open-Source Initiatives,Informática,Componentes,22.67,12.26,True
PROD_3868,Disintermediate Strategic Paradigms,Moda,Roupas Masculinas,873.53,15.57,True
PROD_3869,Expedite B2C Roi,Automotivo,Ferramentas,16.04,5.92,True
PROD_3870,Brand Open-Source Metrics,Casa e Decoração,Quadros,126.54,18.37,False
PROD_3871,Reinvent Cutting-Edge Eyeballs,Moda,Infantil,107.8,24.34,True
PROD_3872,Productize Seamless E-Business,Brinquedos,Jogos,96.91,17.62,True
PROD_3873,Transition Front-End Convergence,Informática,Software,533.83,23.66,True
PROD_3874,Matrix Sticky Niches,Saúde e Beleza,Perfumes,10.0,21.96,True
PROD_3875,Redefine Rich Web Services,Saúde e Beleza,Vitaminas,147.54,7.21,True
PROD_3876,Disintermediate Back-End Partnerships,Informática,Notebooks,64.84,13.13,False
PROD_3877,Generate Clicks-And-Mortar Eyeballs,Alimentos,Bebidas,181.41,4.54,True
PROD_3878,Revolutionize B2B Vortals,Alimentos,Orgânicos,96.12,1.35,True
PROD_3879,Orchestrate Integrated Systems,Saúde e Beleza,Perfumes,82.27,1.99,True
PROD_3880,Drive Compelling Partnerships,Esportes,Natação,21.14,28.28,True
PROD_3881,Embrace Cutting-Edge Niches,Automotivo,Som,40.13,29.54,False
PROD_3882,Orchestrate E-Business Vortals,Saúde e Beleza,Vitaminas,3857.64,2.94,True
PROD_3883,Enable Viral Architectures,Esportes,Futebol,183.41,10.12,True
PROD_3884,Seize Turn-Key Models,Casa e Decoração,Quadros,318.34,3.52,True
PROD_3885,Brand Compelling E-Markets,Esportes,Corrida,59.01,25.04,True
PROD_3886,Expedite Open-Source Channels,Casa e Decoração,Utilidades,32.24,14.94,True
PROD_3887,Exploit Interactive Architectures,Moda,Calçados,228.54,18.68,True
PROD_3888,Deploy Rich Users,Livros,Infantil,10.0,16.24,True
PROD_3889,Incubate Rich Users,Moda,Roupas Femininas,41.23,21.34,True
PROD_3890,Incubate Bleeding-Edge Architectures,Saúde e Beleza,Perfumes,58.82,9.64,True
PROD_3891,Evolve Next-Generation Deliverables,Casa e Decoração,Tapetes,279.78,4.21,True
PROD_3892,Maximize Magnetic Infrastructures,Saúde e Beleza,Vitaminas,147.89,0.63,True
PROD_3893,Incentivize Bricks-And-Clicks Synergies,Informática,Notebooks,51.04,13.43,True
PROD_3894,Architect Vertical Relationships,Automotivo,Ferramentas,140.16,27.24,True
PROD_3895,Engage Collaborative Channels,Eletrônicos,Câmeras,62.57,9.23,True
PROD_3896,Redefine One-To-One Markets,Saúde e Beleza,Perfumes,325.07,5.96,True
PROD_3897,Redefine Cross-Media Relationships,Automotivo,Peças,119.51,27.79,True
PROD_3898,Iterate Global Technologies,Esportes,Natação,723.23,3.25,False
PROD_3899,Target B2B Schemas,Moda,Roupas Femininas,64.5,1.65,True
PROD_3900,Re-Contextualize Next-Generation Action-Items,Esportes,Ciclismo,391.69,26.39,True
PROD_3901,Architect Magnetic Markets,Eletrônicos,Acessórios,100.33,21.06,True
PROD_3902,Extend Global Initiatives,Casa e Decoração,Iluminação,38.99,12.72,False
PROD_3903,Scale B2B Architectures,Informática,Notebooks,2042.42,22.6,True
PROD_3904,Drive Proactive E-Commerce,Automotivo,Ferramentas,433.4,22.27,True
PROD_3905,Disintermediate Scalable Platforms,Informática,Software,119.25,1.3,True
PROD_3906,Repurpose Intuitive Info-Mediaries,Livros,Autoajuda,225.7,20.32,False
PROD_3907,E-Enable Granular Web-Readiness,Saúde e Beleza,Maquiagem,24.57,19.26,True
PROD_3908,Orchestrate Bricks-And-Clicks Eyeballs,Casa e Decoração,Quadros,25.63,28.92,True
PROD_3909,Evolve Interactive Partnerships,Livros,Técnicos,342.72,29.0,True
PROD_3910,Implement Next-Generation Eyeballs,Brinquedos,Educativos,90.54,11.4,False
PROD_3911,Engineer Viral Info-Mediaries,Saúde e Beleza,Maquiagem,74.67,17.74,True
PROD_3912,Extend Global Deliverables,Esportes,Futebol,63.72,4.33,True
PROD_3913,Scale Seamless Info-Mediaries,Moda,Infantil,108.04,2.09,True
PROD_3914,Deploy Cross-Platform Systems,Automotivo,Ferramentas,66.35,13.04,True
PROD_3915,Generate Value-Added Technologies,Eletrônicos,Acessórios,10.0,20.73,True
PROD_3916,Embrace B2C Markets,Eletrônicos,Áudio,492.28,17.08,True
PROD_3917,Matrix Robust Metrics,Esportes,Futebol,78.83,12.95,False
PROD_3918,Engineer Virtual Mindshare,Alimentos,Importados,810.65,24.56,True
PROD_3919,Leverage Value-Added Interfaces,Eletrônicos,Acessórios,10.86,23.85,False
PROD_3920,E-Enable Cutting-Edge Methodologies,Automotivo,Ferramentas,10.81,21.99,True
PROD_3921,Matrix Ubiquitous Schemas,Esportes,Ciclismo,64.68,2.4,True
PROD_3922,Unleash Back-End Networks,Casa e Decoração,Quadros,290.92,23.91,True
PROD_3923,Deliver Extensible E-Services,Eletrônicos,Câmeras,20.83,27.59,True
PROD_3924,Brand Granular Niches,Informática,Notebooks,19.88,1.88,True
PROD_3925,Evolve Enterprise Channels,Esportes,Futebol,140.66,12.11,True
PROD_3926,Extend Killer Interfaces,Automotivo,Som,61.84,29.65,False
PROD_3927,Re-Intermediate Leading-Edge E-Services,Informática,Redes,172.93,18.02,True
PROD_3928,Strategize Viral Schemas,Saúde e Beleza,Cabelos,63.18,15.46,True
PROD_3929,Expedite Intuitive Bandwidth,Saúde e Beleza,Cabelos,142.9,5.41,True
PROD_3930,Syndicate Turn-Key Experiences,Eletrônicos,Câmeras,463.76,17.01,True
PROD_3931,Visualize Wireless Architectures,Informática,Componentes,20.88,13.23,True
PROD_3932,Leverage Scalable Relationships,Moda,Roupas Femininas,373.06,3.91,True
PROD_3933,Visualize Cutting-Edge Solutions,Saúde e Beleza,Maquiagem,11.65,13.98,True
PROD_3934,Empower Sticky Platforms,Moda,Roupas Masculinas,187.02,5.02,True
PROD_3935,Optimize Bricks-And-Clicks Metrics,Casa e Decoração,Móveis,494.29,21.95,False
PROD_3936,Revolutionize Open-Source Web-Readiness,Esportes,Fitness,48.0,29.21,True
PROD_3937,Incentivize Front-End Communities,Livros,Técnicos,195.09,14.14,False
PROD_3938,Incubate Sticky Partnerships,Automotivo,Óleos,50.17,19.01,True
PROD_3939,Architect Value-Added Content,Esportes,Futebol,181.72,12.99,True
PROD_3940,Aggregate 24/365 Functionalities,Automotivo,Acessórios,10.0,4.24,True
PROD_3941,Re-Contextualize Robust Action-Items,Informática,Periféricos,109.35,29.12,True
PROD_3942,Empower Strategic Networks,Casa e Decoração,Iluminação,144.67,3.97,True
PROD_3943,Maximize Revolutionary Networks,Brinquedos,Bonecas,451.97,3.44,True
PROD_3944,Generate Compelling Paradigms,Eletrônicos,Smartphones,273.23,13.83,True
PROD_3945,Streamline Turn-Key Infrastructures,Automotivo,Som,74.18,19.8,True
PROD_3946,Monetize Value-Added Convergence,Automotivo,Peças,124.17,10.71,True
PROD_3947,Engineer Front-End Interfaces,Informática,Notebooks,15.87,5.86,True
PROD_3948,Deliver Dynamic Vortals,Moda,Infantil,647.35,24.59,True
PROD_3949,Engineer Impactful Convergence,Esportes,Futebol,206.31,10.96,True
PROD_3950,Enable Mission-Critical Supply-Chains,Brinquedos,Bonecas,10.0,5.91,True
PROD_3951,Deploy Mission-Critical Mindshare,Alimentos,Importados,120.93,11.02,True
PROD_3952,Exploit B2C Web-Readiness,Eletrônicos,Smartphones,132.53,6.52,True
PROD_3953,Benchmark Enterprise Info-Mediaries,Livros,Acadêmicos,35.56,15.63,True
PROD_3954,Benchmark Robust Technologies,Alimentos,Doces,101.11,20.08,True
PROD_3955,Leverage B2C Methodologies,Esportes,Futebol,31.52,24.01,True
PROD_3956,Target Strategic Functionalities,Eletrônicos,Smartphones,16.68,6.9,True
PROD_3957,Evolve Bleeding-Edge E-Tailers,Automotivo,Óleos,43.12,5.09,True
PROD_3958,Exploit B2B Communities,Livros,Acadêmicos,110.6,0.69,True
PROD_3959,Deliver Cross-Platform Systems,Moda,Infantil,274.24,6.92,True
PROD_3960,Generate End-To-End Supply-Chains,Brinquedos,Educativos,97.88,0.81,True
PROD_3961,Envisioneer Bricks-And-Clicks E-Business,Moda,Acessórios,277.47,10.43,True
PROD_3962,Iterate User-Centric Paradigms,Casa e Decoração,Tapetes,196.06,4.46,False
PROD_3963,Productize Integrated Action-Items,Informática,Notebooks,25.99,17.44,True
PROD_3964,Architect Intuitive Eyeballs,Eletrônicos,Câmeras,194.28,11.57,False
PROD_3965,Maximize Rich Platforms,Moda,Infantil,200.84,2.9,True
PROD_3966,Exploit Value-Added Eyeballs,Alimentos,Orgânicos,727.9,12.06,True
PROD_3967,Revolutionize Extensible Schemas,Informática,Componentes,147.35,6.36,True
PROD_3968,Cultivate E-Business Models,Moda,Calçados,20.46,20.44,True
PROD_3969,Transform Ubiquitous Vortals,Saúde e Beleza,Vitaminas,46.3,11.0,True
PROD_3970,Leverage Distributed Communities,Casa e Decoração,Móveis,10.0,4.5,True
PROD_3971,Optimize Efficient Networks,Esportes,Ciclismo,166.1,10.55,True
PROD_3972,Disintermediate Synergistic Infrastructures,Brinquedos,Veículos,655.08,6.81,True
PROD_3973,Optimize Virtual Bandwidth,Casa e Decoração,Iluminação,10.0,23.89,True
PROD_3974,Morph Collaborative Portals,Informática,Periféricos,689.16,29.5,True
PROD_3975,Engineer Visionary Experiences,Saúde e Beleza,Maquiagem,163.48,0.86,True
PROD_3976,Re-Contextualize Global Initiatives,Eletrônicos,Câmeras,24.73,20.73,True
PROD_3977,Maximize Holistic Paradigms,Alimentos,Saudáveis,122.49,7.99,False
PROD_3978,Disintermediate Front-End Interfaces,Brinquedos,Bonecas,25.71,2.09,False
PROD_3979,Deploy End-To-End Systems,Brinquedos,Educativos,152.7,0.53,False
PROD_3980,Disintermediate Turn-Key Relationships,Casa e Decoração,Tapetes,97.13,26.44,True
PROD_3981,Evolve Transparent Mindshare,Informática,Software,133.65,10.67,True
PROD_3982,Grow Back-End Methodologies,Eletrônicos,Áudio,29.88,29.84,True
PROD_3983,Integrate Leading-Edge Action-Items,Automotivo,Ferramentas,35.59,13.33,False
PROD_3984,Scale Value-Added Eyeballs,Saúde e Beleza,Maquiagem,164.38,5.71,False
PROD_3985,Iterate Sticky Technologies,Automotivo,Som,49.24,23.34,True
PROD_3986,Synergize Granular Networks,Alimentos,Saudáveis,107.64,27.8,True
PROD_3987,Strategize Intuitive E-Services,Eletrônicos,Áudio,155.02,24.49,False
PROD_3988,Synergize Plug-And-Play Web Services,Eletrônicos,Câmeras,68.94,22.38,True
PROD_3989,Evolve Cross-Media Bandwidth,Saúde e Beleza,Cuidados Pessoais,360.01,10.11,True
PROD_3990,Target Plug-And-Play Platforms,Livros,Infantil,72.05,2.03,False
PROD_3991,Evolve Viral Platforms,Automotivo,Som,69.5,6.12,True
PROD_3992,Redefine Impactful E-Commerce,Moda,Calçados,42.18,13.46,False
PROD_3993,Aggregate Wireless Supply-Chains,Brinquedos,Jogos,313.56,28.69,True
PROD_3994,Optimize Turn-Key Supply-Chains,Livros,Infantil,38.53,21.71,True
PROD_3995,Expedite Holistic E-Tailers,Moda,Roupas Femininas,405.61,24.87,True
PROD_3996,Scale Collaborative Initiatives,Informática,Software,109.48,8.39,True
PROD_3997,Empower Ubiquitous Paradigms,Saúde e Beleza,Vitaminas,2249.61,20.55,True
PROD_3998,Incubate B2C Info-Mediaries,Informática,Periféricos,40.75,25.89,False
PROD_3999,Orchestrate Killer Vortals,Brinquedos,Veículos,415.81,14.43,False
PROD_4000,Maximize Robust Metrics,Esportes,Natação,166.05,12.95,True
PROD_4001,Revolutionize Enterprise Markets,Moda,Roupas Femininas,48.59,21.61,True
PROD_4002,Re-Contextualize Bricks-And-Clicks E-Commerce,Livros,Acadêmicos,168.75,16.84,True
PROD_4003,Syndicate Killer Markets,Moda,Roupas Masculinas,159.17,29.8,True
PROD_4004,Architect Vertical Methodologies,Moda,Acessórios,60.44,12.81,True
PROD_4005,Brand Real-Time Portals,Saúde e Beleza,Vitaminas,150.5,5.36,True
PROD_4006,Whiteboard Virtual Infrastructures,Informática,Software,363.63,14.21,True
PROD_4007,Orchestrate Innovative Niches,Automotivo,Som,166.27,7.13,False
PROD_4008,Strategize Strategic Content,Esportes,Corrida,54.43,16.88,True
PROD_4009,Cultivate Customized E-Markets,Saúde e Beleza,Cabelos,50.88,3.86,True
PROD_4010,Mesh Killer Web Services,Alimentos,Doces,81.05,28.5,True
PROD_4011,Productize Back-End Roi,Saúde e Beleza,Maquiagem,342.05,25.81,True
PROD_4012,E-Enable Scalable Infrastructures,Brinquedos,Educativos,36.43,4.75,False
PROD_4013,Productize Cutting-Edge Supply-Chains,Esportes,Corrida,144.11,5.25,True
PROD_4014,Engineer Seamless Communities,Eletrônicos,TVs,13.81,15.42,False
PROD_4015,Aggregate Cross-Media E-Markets,Alimentos,Bebidas,183.74,23.21,True
PROD_4016,Syndicate Collaborative Users,Casa e Decoração,Móveis,221.88,6.65,True
PROD_4017,Scale Granular E-Commerce,Saúde e Beleza,Perfumes,1025.72,1.92,True
PROD_4018,Seize Integrated Synergies,Moda,Roupas Femininas,273.24,16.41,False
PROD_4019,Engage 24/365 Partnerships,Automotivo,Óleos,55.62,20.78,True
PROD_4020,Drive B2B Vortals,Eletrônicos,Áudio,14.27,7.41,True
PROD_4021,Repurpose Turn-Key Synergies,Saúde e Beleza,Perfumes,166.84,22.22,True
PROD_4022,Orchestrate Ubiquitous Eyeballs,Saúde e Beleza,Maquiagem,60.78,28.52,True
PROD_4023,Synthesize Turn-Key Initiatives,Livros,Ficção,134.41,4.2,True
PROD_4024,Generate Transparent Portals,Livros,Acadêmicos,37.93,15.38,False
PROD_4025,Mesh Clicks-And-Mortar Systems,Eletrônicos,Áudio,73.12,1.8,False
PROD_4026,E-Enable End-To-End Functionalities,Informática,Redes,11.71,6.28,True
PROD_4027,Grow Mission-Critical Paradigms,Livros,Ficção,25.65,2.79,True
PROD_4028,Architect Dynamic E-Markets,Moda,Infantil,21.66,12.18,True
PROD_4029,Scale Frictionless Metrics,Alimentos,Importados,256.56,24.64,True
PROD_4030,Synergize Killer Convergence,Casa e Decoração,Iluminação,33.36,17.36,True
PROD_4031,Architect Dynamic Methodologies,Esportes,Corrida,470.37,6.76,True
PROD_4032,Maximize Value-Added Relationships,Casa e Decoração,Iluminação,33.75,1.3,True
PROD_4033,Transition Bricks-And-Clicks Web-Readiness,Casa e Decoração,Iluminação,1113.35,16.65,True
PROD_4034,Monetize Extensible Mindshare,Esportes,Fitness,10.0,4.07,True
PROD_4035,Transition 24/7 Models,Livros,Ficção,149.78,10.35,True
PROD_4036,Visualize Ubiquitous E-Markets,Eletrônicos,Áudio,94.28,15.35,True
PROD_4037,Deploy Synergistic Convergence,Esportes,Ciclismo,21.04,27.12,True
PROD_4038,E-Enable Cutting-Edge Deliverables,Brinquedos,Bonecas,46.47,2.55,True
PROD_4039,Engineer Open-Source Initiatives,Informática,Redes,65.79,20.09,True
PROD_4040,Re-Contextualize Virtual Bandwidth,Alimentos,Orgânicos,121.48,0.52,True
PROD_4041,Brand Out-Of-The-Box Roi,Automotivo,Acessórios,29.26,18.93,True
PROD_4042,Engage Granular Users,Livros,Ficção,149.96,16.59,True
PROD_4043,Brand Enterprise Technologies,Informática,Software,103.92,24.37,True
PROD_4044,Iterate User-Centric Functionalities,Esportes,Fitness,229.3,16.0,True
PROD_4045,Envisioneer Mission-Critical Infrastructures,Brinquedos,Veículos,31.98,10.64,True
PROD_4046,Exploit Sticky Infrastructures,Automotivo,Óleos,55.08,7.36,True
PROD_4047,Visualize Vertical E-Business,Alimentos,Importados,508.03,2.65,True
PROD_4048,Re-Contextualize Transparent Platforms,Alimentos,Saudáveis,30.35,16.08,False
PROD_4049,Synthesize Mission-Critical Functionalities,Livros,Ficção,16.93,26.66,False
PROD_4050,Grow Robust Web Services,Esportes,Fitness,42.22,15.49,False
PROD_4051,Envisioneer Next-Generation E-Tailers,Informática,Redes,10.69,22.2,True
PROD_4052,Enhance Ubiquitous Schemas,Eletrônicos,Áudio,670.13,9.02,True
PROD_4053,Synergize One-To-One Solutions,Informática,Notebooks,64.12,13.5,True
PROD_4054,Iterate Collaborative Initiatives,Informática,Software,64.86,9.81,True
PROD_4055,Seize Plug-And-Play E-Markets,Alimentos,Importados,219.43,3.37,True
PROD_4056,Redefine Impactful Synergies,Eletrônicos,Câmeras,37.69,12.57,True
PROD_4057,Disintermediate Magnetic Mindshare,Eletrônicos,Acessórios,69.47,22.95,True
PROD_4058,Envisioneer Real-Time Web Services,Livros,Técnicos,36.51,11.91,True
PROD_4059,Morph Extensible E-Markets,Automotivo,Ferramentas,10.96,19.54,True
PROD_4060,Innovate Web-Enabled Synergies,Saúde e Beleza,Cabelos,95.67,22.78,True
PROD_4061,Productize Next-Generation Paradigms,Casa e Decoração,Móveis,308.24,9.75,True
PROD_4062,Implement Proactive Eyeballs,Casa e Decoração,Iluminação,99.0,23.95,False
PROD_4063,Generate Out-Of-The-Box Deliverables,Alimentos,Doces,271.44,10.23,True
PROD_4064,Transition Turn-Key Supply-Chains,Saúde e Beleza,Perfumes,24.17,7.76,True
PROD_4065,Leverage User-Centric Action-Items,Automotivo,Acessórios,36.42,6.75,True
PROD_4066,Engage Impactful Solutions,Saúde e Beleza,Cuidados Pessoais,19.05,6.08,True
PROD_4067,Re-Intermediate Impactful Markets,Livros,Ficção,139.75,22.14,True
PROD_4068,Exploit Cutting-Edge Channels,Informática,Software,61.49,26.64,True
PROD_4069,Whiteboard Integrated Roi,Alimentos,Doces,58.79,7.0,True
PROD_4070,Strategize Turn-Key Deliverables,Eletrônicos,TVs,200.9,2.65,False
PROD_4071,Leverage User-Centric E-Services,Alimentos,Bebidas,51.03,9.48,True
PROD_4072,Transform End-To-End Mindshare,Casa e Decoração,Tapetes,328.85,19.77,True
PROD_4073,Embrace Impactful Functionalities,Automotivo,Ferramentas,119.44,11.12,True
PROD_4074,Redefine Back-End Schemas,Saúde e Beleza,Vitaminas,58.01,16.52,True
PROD_4075,Leverage World-Class E-Tailers,Automotivo,Peças,13.99,22.35,True
PROD_4076,Evolve E-Business Web-Readiness,Livros,Infantil,199.52,12.31,True
PROD_4077,Brand Value-Added Functionalities,Alimentos,Orgânicos,126.41,29.99,True
PROD_4078,Revolutionize B2C Web-Readiness,Esportes,Fitness,133.93,9.01,True
PROD_4079,Re-Intermediate Strategic Networks,Alimentos,Orgânicos,139.15,29.35,True
PROD_4080,Synergize Proactive Channels,Eletrônicos,Câmeras,47.71,6.17,True
PROD_4081,Target Synergistic Roi,Alimentos,Orgânicos,75.06,3.42,True
PROD_4082,Incentivize Magnetic Content,Brinquedos,Bonecas,51.92,22.55,True
PROD_4083,Aggregate Interactive Architectures,Livros,Acadêmicos,403.46,21.1,True
PROD_4084,Revolutionize Back-End Web Services,Moda,Calçados,64.71,24.35,True
PROD_4085,Streamline Efficient Infrastructures,Livros,Técnicos,42.82,10.37,True
PROD_4086,Re-Contextualize B2B Functionalities,Saúde e Beleza,Perfumes,438.13,27.93,True
PROD_4087,Utilize Sticky Initiatives,Moda,Acessórios,384.51,3.67,True
PROD_4088,Target 24/7 Platforms,Saúde e Beleza,Cabelos,119.54,1.01,True
PROD_4089,Orchestrate Front-End Portals,Saúde e Beleza,Perfumes,77.03,9.09,True
PROD_4090,Productize Viral Infrastructures,Eletrônicos,Smartphones,57.08,23.94,True
PROD_4091,Optimize Rich Relationships,Eletrônicos,Áudio,85.39,20.22,True
PROD_4092,Redefine Best-Of-Breed Interfaces,Informática,Periféricos,31.51,13.14,False
PROD_4093,Transform Holistic Web-Readiness,Casa e Decoração,Tapetes,160.78,7.76,True
PROD_4094,Deploy Intuitive Models,Informática,Periféricos,653.93,1.87,True
PROD_4095,Whiteboard Intuitive E-Tailers,Informática,Componentes,176.82,10.19,True
PROD_4096,Innovate Next-Generation Architectures,Casa e Decoração,Móveis,23.95,13.85,True
PROD_4097,Matrix Turn-Key Functionalities,Esportes,Natação,155.42,20.64,True
PROD_4098,Redefine Customized Communities,Moda,Roupas Femininas,113.69,19.41,True
PROD_4099,Reinvent Seamless Synergies,Automotivo,Som,153.78,28.43,True
PROD_4100,Productize Virtual Web Services,Informática,Software,33.67,3.1,True
PROD_4101,Maximize Robust Initiatives,Alimentos,Bebidas,90.38,10.16,True
PROD_4102,Facilitate Cross-Media Info-Mediaries,Alimentos,Importados,259.75,14.5,True
PROD_4103,Re-Intermediate Clicks-And-Mortar Communities,Saúde e Beleza,Cuidados Pessoais,24.93,20.15,True
PROD_4104,Mesh Dot-Com Initiatives,Casa e Decoração,Móveis,52.51,14.91,True
PROD_4105,Aggregate Proactive Users,Saúde e Beleza,Cabelos,63.72,27.39,True
PROD_4106,Utilize B2C E-Tailers,Brinquedos,Eletrônicos,298.28,18.3,True
PROD_4107,Cultivate Bricks-And-Clicks Initiatives,Brinquedos,Bonecas,356.74,1.29,True
PROD_4108,Productize Killer Web-Readiness,Automotivo,Acessórios,10.0,3.5,True
PROD_4109,Harness Global E-Services,Eletrônicos,Câmeras,297.98,22.63,True
PROD_4110,Evolve End-To-End Niches,Eletrônicos,TVs,370.46,21.5,True
PROD_4111,Empower Compelling Solutions,Casa e Decoração,Utilidades,342.96,4.69,True
PROD_4112,Evolve Cross-Media Schemas,Casa e Decoração,Iluminação,47.68,1.86,True
PROD_4113,Visualize Distributed Bandwidth,Informática,Redes,68.32,17.4,True
PROD_4114,Extend Rich E-Commerce,Brinquedos,Jogos,13.72,19.11,True
PROD_4115,Deliver Wireless Solutions,Informática,Periféricos,10.0,4.15,True
PROD_4116,Morph Virtual Solutions,Eletrônicos,TVs,58.33,14.26,True
PROD_4117,Innovate Efficient Interfaces,Moda,Roupas Femininas,98.67,9.24,True
PROD_4118,Transform Extensible Communities,Moda,Roupas Masculinas,111.29,27.95,False
PROD_4119,Generate Best-Of-Breed Models,Casa e Decoração,Utilidades,241.14,6.65,False
PROD_4120,Brand Customized E-Commerce,Saúde e Beleza,Vitaminas,3545.25,22.02,True
PROD_4121,Expedite Real-Time Vortals,Eletrônicos,Acessórios,55.97,15.59,True
PROD_4122,Re-Intermediate Sticky Metrics,Moda,Roupas Masculinas,25.36,0.44,True
PROD_4123,Synergize Cutting-Edge Solutions,Eletrônicos,Smartphones,173.36,15.56,True
PROD_4124,Maximize Synergistic Relationships,Livros,Ficção,117.53,3.07,True
PROD_4125,Productize Innovative Systems,Alimentos,Bebidas,45.18,19.81,False
PROD_4126,Leverage Robust Mindshare,Brinquedos,Jogos,268.55,17.01,True
PROD_4127,Morph Transparent Technologies,Informática,Software,33.98,0.41,True
PROD_4128,Expedite Synergistic Interfaces,Eletrônicos,Áudio,77.15,6.22,True
PROD_4129,Utilize One-To-One Roi,Alimentos,Doces,82.67,23.31,False
PROD_4130,Exploit World-Class E-Commerce,Livros,Ficção,28.87,8.35,True
PROD_4131,Generate Viral Convergence,Informática,Software,11.57,15.03,True
PROD_4132,Incentivize Intuitive E-Tailers,Eletrônicos,Smartphones,117.07,9.43,False
PROD_4133,Repurpose Out-Of-The-Box Relationships,Casa e Decoração,Móveis,465.2,27.65,False
PROD_4134,Orchestrate Turn-Key Initiatives,Alimentos,Bebidas,285.17,16.14,False
PROD_4135,Implement Turn-Key Synergies,Informática,Notebooks,309.01,20.92,True
PROD_4136,Unleash Open-Source E-Tailers,Eletrônicos,Smartphones,34.51,2.6,True
PROD_4137,Target World-Class E-Services,Alimentos,Doces,116.38,1.31,True
PROD_4138,Engage Innovative Architectures,Livros,Acadêmicos,16.3,7.85,True
PROD_4139,Envisioneer Killer Deliverables,Eletrônicos,Smartphones,110.24,9.34,True
PROD_4140,Architect Sticky Schemas,Eletrônicos,Smartphones,476.54,20.66,True
PROD_4141,Empower Intuitive Networks,Eletrônicos,Smartphones,494.63,17.12,False
PROD_4142,Productize Next-Generation Methodologies,Automotivo,Peças,1029.2,11.3,False
PROD_4143,Engineer User-Centric Vortals,Casa e Decoração,Iluminação,295.01,19.66,True
PROD_4144,Transition Turn-Key Solutions,Livros,Técnicos,159.32,4.99,True
PROD_4145,Aggregate Scalable Models,Informática,Componentes,257.15,2.0,True
PROD_4146,Synthesize Revolutionary Niches,Automotivo,Peças,203.71,25.65,False
PROD_4147,Deploy 24/7 Initiatives,Saúde e Beleza,Cuidados Pessoais,34.17,16.96,True
PROD_4148,Grow Frictionless Metrics,Automotivo,Ferramentas,14.61,19.51,True
PROD_4149,Harness Integrated Action-Items,Brinquedos,Bonecas,259.64,9.29,True
PROD_4150,Maximize Vertical Technologies,Brinquedos,Eletrônicos,1109.89,11.22,False
PROD_4151,Utilize Clicks-And-Mortar Bandwidth,Eletrônicos,TVs,272.81,2.56,True
PROD_4152,Envisioneer End-To-End Interfaces,Automotivo,Acessórios,10.0,25.72,True
PROD_4153,Integrate Revolutionary Supply-Chains,Saúde e Beleza,Perfumes,48.27,17.81,False
PROD_4154,Visualize Vertical Partnerships,Automotivo,Peças,71.09,2.6,True
PROD_4155,Syndicate Mission-Critical E-Markets,Casa e Decoração,Quadros,10.0,24.16,True
PROD_4156,Drive Seamless Niches,Casa e Decoração,Quadros,17.25,13.38,True
PROD_4157,Harness Cross-Media Interfaces,Saúde e Beleza,Cabelos,86.1,22.98,True
PROD_4158,Evolve Turn-Key Models,Automotivo,Peças,123.22,0.48,True
PROD_4159,Re-Intermediate Scalable Interfaces,Alimentos,Bebidas,27.57,0.96,True
PROD_4160,Monetize Ubiquitous Models,Casa e Decoração,Quadros,16.32,5.21,True
PROD_4161,Iterate 24/7 Relationships,Casa e Decoração,Quadros,376.9,6.41,False
PROD_4162,Re-Intermediate Sticky Web-Readiness,Moda,Acessórios,56.88,22.94,True
PROD_4163,Enhance Scalable Synergies,Automotivo,Acessórios,67.54,21.23,True
PROD_4164,Enable Sticky Vortals,Casa e Decoração,Tapetes,46.71,18.52,True
PROD_4165,Cultivate User-Centric E-Services,Livros,Infantil,35.68,26.56,True
PROD_4166,Leverage E-Business Solutions,Automotivo,Peças,429.81,7.49,True
PROD_4167,Drive Out-Of-The-Box Users,Brinquedos,Jogos,31.32,27.14,True
PROD_4168,Implement Scalable Portals,Moda,Acessórios,111.68,27.29,True
PROD_4169,Matrix Revolutionary Initiatives,Casa e Decoração,Móveis,90.96,13.08,True
PROD_4170,Streamline Seamless Partnerships,Moda,Roupas Femininas,10.0,2.92,True
PROD_4171,Morph Open-Source E-Business,Brinquedos,Eletrônicos,120.2,21.82,True
PROD_4172,Generate Enterprise Niches,Saúde e Beleza,Maquiagem,14.11,10.17,True
PROD_4173,Scale Frictionless Channels,Saúde e Beleza,Perfumes,192.97,23.87,True
PROD_4174,Benchmark Ubiquitous Initiatives,Automotivo,Óleos,21.68,4.99,False
PROD_4175,Enable Turn-Key Eyeballs,Brinquedos,Veículos,168.41,16.23,False
PROD_4176,Engineer Transparent Functionalities,Esportes,Ciclismo,53.76,15.29,True
PROD_4177,Grow 24/7 Deliverables,Esportes,Futebol,40.08,3.1,True
PROD_4178,Mesh Web-Enabled Networks,Automotivo,Peças,115.89,10.96,True
PROD_4179,Syndicate Holistic Niches,Eletrônicos,Smartphones,15.39,2.63,True
PROD_4180,Harness Compelling E-Services,Moda,Acessórios,82.84,14.0,True
PROD_4181,Evolve Back-End Technologies,Moda,Roupas Masculinas,230.14,25.3,True
PROD_4182,Unleash Strategic Convergence,Saúde e Beleza,Perfumes,314.54,8.18,True
PROD_4183,Engage Interactive Web Services,Esportes,Natação,51.67,22.97,False
PROD_4184,Visualize Best-Of-Breed Partnerships,Informática,Software,61.56,5.58,True
PROD_4185,Optimize Rich Markets,Casa e Decoração,Tapetes,15.03,20.24,True
PROD_4186,Architect Value-Added Web Services,Casa e Decoração,Tapetes,36.57,27.47,True
PROD_4187,Architect Plug-And-Play Architectures,Casa e Decoração,Iluminação,13.84,9.79,True
PROD_4188,Aggregate Holistic Platforms,Saúde e Beleza,Cabelos,152.64,27.02,True
PROD_4189,Facilitate Best-Of-Breed Applications,Brinquedos,Jogos,247.3,15.21,True
PROD_4190,Engineer Turn-Key Content,Alimentos,Importados,52.19,9.57,True
PROD_4191,Unleash Ubiquitous Experiences,Esportes,Natação,25.28,26.91,True
PROD_4192,Orchestrate Sticky Channels,Esportes,Fitness,130.3,1.06,True
PROD_4193,Enhance Bricks-And-Clicks Architectures,Informática,Componentes,31.77,0.94,True
PROD_4194,Grow 24/365 Interfaces,Moda,Infantil,201.61,18.03,True
PROD_4195,Aggregate Innovative Niches,Eletrônicos,Áudio,918.29,23.92,True
PROD_4196,Brand Frictionless Methodologies,Automotivo,Som,31.15,22.57,True
PROD_4197,Monetize Sticky Eyeballs,Moda,Infantil,36.97,2.48,True
PROD_4198,Target Sticky Initiatives,Brinquedos,Eletrônicos,15.62,28.51,True
PROD_4199,Incentivize Vertical Bandwidth,Automotivo,Acessórios,107.27,21.12,False
PROD_4200,Reinvent Real-Time Web-Readiness,Esportes,Natação,98.86,28.48,True
PROD_4201,Syndicate Customized Convergence,Brinquedos,Bonecas,65.06,9.94,True
PROD_4202,Morph 24/7 Schemas,Automotivo,Ferramentas,91.78,20.85,True
PROD_4203,Evolve Synergistic E-Commerce,Informática,Notebooks,25.73,25.81,True
PROD_4204,Architect B2C Interfaces,Informática,Componentes,12.23,11.48,False
PROD_4205,Deliver User-Centric Mindshare,Livros,Autoajuda,36.2,28.95,True
PROD_4206,Facilitate Scalable Systems,Alimentos,Doces,10.0,8.02,True
PROD_4207,Empower Out-Of-The-Box Platforms,Informática,Notebooks,31.14,9.54,True
PROD_4208,Streamline Enterprise E-Commerce,Esportes,Ciclismo,130.54,27.62,True
PROD_4209,Aggregate Distributed Solutions,Eletrônicos,Áudio,96.7,29.09,True
PROD_4210,Strategize Virtual Metrics,Casa e Decoração,Tapetes,10.71,8.63,True
PROD_4211,Empower Rich Deliverables,Livros,Ficção,317.1,4.18,True
PROD_4212,Brand Sticky Methodologies,Casa e Decoração,Utilidades,71.27,22.8,False
PROD_4213,Streamline Interactive Initiatives,Alimentos,Importados,18.93,27.9,True
PROD_4214,Enhance One-To-One Markets,Automotivo,Óleos,58.14,18.06,True
PROD_4215,Productize Robust Networks,Saúde e Beleza,Cuidados Pessoais,44.72,19.07,False
PROD_4216,Empower Web-Enabled Partnerships,Informática,Software,31.78,22.91,True
PROD_4217,Incubate Mission-Critical Niches,Eletrônicos,Smartphones,238.68,4.68,False
PROD_4218,Enhance Wireless Interfaces,Alimentos,Importados,23.86,29.21,False
PROD_4219,Strategize Mission-Critical E-Services,Casa e Decoração,Quadros,112.35,10.99,True
PROD_4220,Drive Real-Time Models,Livros,Acadêmicos,18.0,18.88,True
PROD_4221,Architect Frictionless E-Tailers,Informática,Periféricos,86.12,14.11,True
PROD_4222,Seize Front-End Metrics,Esportes,Fitness,123.78,14.1,False
PROD_4223,Envisioneer Clicks-And-Mortar Platforms,Informática,Redes,124.07,21.11,True
PROD_4224,Reinvent Compelling Content,Livros,Infantil,99.18,29.84,True
PROD_4225,Iterate Web-Enabled Communities,Livros,Técnicos,67.57,19.81,False
PROD_4226,Harness Innovative Communities,Saúde e Beleza,Perfumes,25.11,23.84,True
PROD_4227,Reinvent Open-Source Bandwidth,Informática,Software,25.46,0.93,False
PROD_4228,Orchestrate Value-Added Web Services,Informática,Periféricos,128.84,24.33,True
PROD_4229,Syndicate Cutting-Edge Supply-Chains,Saúde e Beleza,Maquiagem,19.81,9.07,False
PROD_4230,Utilize Virtual Portals,Brinquedos,Veículos,15.05,3.89,True
PROD_4231,Matrix Intuitive Communities,Brinquedos,Educativos,500.56,3.49,True
PROD_4232,Innovate Value-Added Metrics,Automotivo,Ferramentas,65.91,20.43,True
PROD_4233,Seize Collaborative Applications,Brinquedos,Veículos,192.87,29.93,True
PROD_4234,Implement Holistic Action-Items,Moda,Calçados,256.77,20.02,True
PROD_4235,Syndicate One-To-One Paradigms,Informática,Software,95.71,7.94,True
PROD_4236,Transition Vertical Networks,Eletrônicos,TVs,57.28,6.18,True
PROD_4237,Innovate Distributed E-Services,Informática,Notebooks,58.46,15.83,True
PROD_4238,Mesh Frictionless Eyeballs,Moda,Infantil,619.95,2.04,True
PROD_4239,Revolutionize Mission-Critical Platforms,Moda,Infantil,46.04,12.04,False
PROD_4240,Monetize Open-Source Systems,Casa e Decoração,Móveis,111.24,20.02,True
PROD_4241,Synthesize Cross-Media Users,Informática,Software,202.91,29.03,True
PROD_4242,Morph Holistic Portals,Alimentos,Importados,121.61,12.83,True
PROD_4243,Disintermediate Ubiquitous Synergies,Moda,Infantil,330.72,6.09,True
PROD_4244,Transition Synergistic Content,Eletrônicos,Áudio,56.6,24.54,True
PROD_4245,Unleash Open-Source Deliverables,Saúde e Beleza,Maquiagem,201.95,22.35,True
PROD_4246,Revolutionize Compelling Initiatives,Automotivo,Acessórios,10.45,25.81,True
PROD_4247,Empower Vertical Eyeballs,Casa e Decoração,Quadros,453.18,6.52,True
PROD_4248,Deploy Magnetic Web Services,Saúde e Beleza,Cuidados Pessoais,346.46,12.2,True
PROD_4249,Orchestrate Synergistic Models,Casa e Decoração,Iluminação,62.47,29.45,True
PROD_4250,Utilize Interactive Networks,Eletrônicos,Acessórios,152.41,4.83,True
PROD_4251,Extend User-Centric Relationships,Livros,Ficção,262.24,20.18,True
PROD_4252,Architect E-Business Solutions,Informática,Notebooks,25.91,7.19,True
PROD_4253,Redefine Enterprise Functionalities,Esportes,Corrida,75.68,15.05,False
PROD_4254,Transform Efficient Functionalities,Alimentos,Doces,18.79,24.04,False
PROD_4255,Innovate Customized Deliverables,Saúde e Beleza,Cabelos,352.87,14.71,True
PROD_4256,Reinvent Back-End Methodologies,Informática,Componentes,241.61,24.18,False
PROD_4257,Seize Open-Source Interfaces,Alimentos,Bebidas,64.26,12.85,True
PROD_4258,Benchmark Next-Generation Niches,Livros,Infantil,55.91,29.98,True
PROD_4259,Monetize Dynamic Paradigms,Esportes,Ciclismo,75.28,13.13,True
PROD_4260,Benchmark Cross-Platform E-Business,Alimentos,Orgânicos,30.67,4.57,False
PROD_4261,Embrace User-Centric Bandwidth,Alimentos,Saudáveis,73.05,12.12,True
PROD_4262,Maximize Cross-Media Technologies,Saúde e Beleza,Maquiagem,25.91,22.3,True
PROD_4263,Embrace Value-Added Models,Brinquedos,Jogos,264.54,25.45,True
PROD_4264,Re-Contextualize B2B Bandwidth,Esportes,Futebol,352.24,13.86,True
PROD_4265,Innovate B2C Deliverables,Informática,Componentes,279.84,17.87,True
PROD_4266,Envisioneer Granular Content,Livros,Ficção,21.48,25.36,True
PROD_4267,Synthesize Front-End Partnerships,Esportes,Corrida,70.1,24.43,True
PROD_4268,Exploit Distributed Synergies,Eletrônicos,Smartphones,181.58,19.77,True
PROD_4269,Target Revolutionary E-Tailers,Brinquedos,Eletrônicos,226.45,24.47,False
PROD_4270,Envisioneer 24/7 Markets,Eletrônicos,Câmeras,10.0,17.32,False
PROD_4271,Synthesize Extensible Synergies,Livros,Acadêmicos,218.89,0.24,True
PROD_4272,Brand Synergistic Web Services,Saúde e Beleza,Cuidados Pessoais,20.25,1.33,False
PROD_4273,E-Enable Clicks-And-Mortar Markets,Saúde e Beleza,Cuidados Pessoais,74.83,29.4,False
PROD_4274,Morph Global Convergence,Livros,Ficção,407.07,4.44,True
PROD_4275,Matrix Front-End Mindshare,Casa e Decoração,Tapetes,346.02,12.2,False
PROD_4276,Repurpose B2C Infrastructures,Livros,Técnicos,442.02,28.02,True
PROD_4277,Unleash Real-Time Eyeballs,Brinquedos,Bonecas,25.04,5.93,True
PROD_4278,Drive 24/365 E-Commerce,Moda,Roupas Masculinas,33.68,25.33,True
PROD_4279,Benchmark Strategic Technologies,Saúde e Beleza,Perfumes,45.82,24.57,True
PROD_4280,Enhance Robust Info-Mediaries,Automotivo,Acessórios,75.51,29.59,True
PROD_4281,Re-Contextualize Synergistic Action-Items,Brinquedos,Educativos,116.75,8.52,True
PROD_4282,Exploit Integrated E-Commerce,Brinquedos,Veículos,416.84,9.53,True
PROD_4283,Strategize Mission-Critical Portals,Brinquedos,Eletrônicos,29.54,27.1,False
PROD_4284,Redefine Seamless Metrics,Alimentos,Importados,42.32,7.1,True
PROD_4285,Monetize Virtual Networks,Brinquedos,Veículos,496.89,16.48,False
PROD_4286,Brand World-Class Applications,Saúde e Beleza,Cuidados Pessoais,22.4,21.25,True
PROD_4287,Enable 24/365 Portals,Moda,Acessórios,215.34,8.23,True
PROD_4288,Enable Next-Generation Schemas,Moda,Calçados,80.93,28.16,True
PROD_4289,Aggregate Seamless Content,Brinquedos,Jogos,143.41,20.0,True
PROD_4290,Evolve Seamless Networks,Eletrônicos,Smartphones,34.0,1.51,True
PROD_4291,Re-Contextualize Plug-And-Play Users,Saúde e Beleza,Perfumes,210.32,4.16,True
PROD_4292,Reinvent Enterprise E-Commerce,Saúde e Beleza,Maquiagem,41.06,5.8,True
PROD_4293,Transform Global Deliverables,Esportes,Natação,16.39,7.42,True
PROD_4294,Grow Turn-Key Mindshare,Informática,Software,160.14,21.95,False
PROD_4295,Re-Contextualize Synergistic Bandwidth,Casa e Decoração,Quadros,10.0,2.76,True
PROD_4296,Seize Cutting-Edge Bandwidth,Casa e Decoração,Móveis,45.53,10.58,True
PROD_4297,Deploy Transparent Bandwidth,Eletrônicos,Acessórios,127.66,27.35,True
PROD_4298,Utilize Proactive E-Markets,Casa e Decoração,Tapetes,223.48,16.74,True
PROD_4299,Evolve Global E-Business,Esportes,Ciclismo,392.22,8.04,True
PROD_4300,Redefine Seamless Action-Items,Livros,Autoajuda,759.8,28.72,True
PROD_4301,Benchmark Out-Of-The-Box Channels,Casa e Decoração,Iluminação,526.42,7.41,True
PROD_4302,Re-Intermediate Distributed Markets,Saúde e Beleza,Cuidados Pessoais,113.28,27.16,True
PROD_4303,Engineer Impactful Channels,Livros,Autoajuda,347.49,21.8,True
PROD_4304,Strategize Clicks-And-Mortar Bandwidth,Casa e Decoração,Tapetes,111.2,22.24,True
PROD_4305,Exploit Ubiquitous Markets,Saúde e Beleza,Cabelos,205.02,22.97,True
PROD_4306,Evolve Leading-Edge Niches,Saúde e Beleza,Perfumes,43.85,15.25,True
PROD_4307,E-Enable Sticky Supply-Chains,Brinquedos,Veículos,156.72,24.46,True
PROD_4308,Expedite Mission-Critical Technologies,Moda,Roupas Femininas,51.01,25.1,True
PROD_4309,Maximize Compelling Supply-Chains,Eletrônicos,Acessórios,73.09,10.88,True
PROD_4310,Cultivate Leading-Edge Initiatives,Esportes,Natação,157.32,12.07,True
PROD_4311,Extend Scalable E-Tailers,Alimentos,Orgânicos,1107.27,26.67,True
PROD_4312,Mesh B2B Schemas,Informática,Redes,144.56,15.79,True
PROD_4313,Extend Rich Channels,Casa e Decoração,Utilidades,88.76,26.02,False
PROD_4314,Enhance B2C Content,Casa e Decoração,Quadros,33.18,18.84,True
PROD_4315,Whiteboard Extensible Synergies,Livros,Infantil,263.87,17.85,True
PROD_4316,Exploit Holistic E-Business,Livros,Acadêmicos,60.19,1.03,True
PROD_4317,Scale 24/365 Initiatives,Informática,Redes,141.03,8.41,True
PROD_4318,Optimize Clicks-And-Mortar Eyeballs,Casa e Decoração,Móveis,209.0,15.11,True
PROD_4319,Expedite 24/7 Deliverables,Automotivo,Ferramentas,410.32,17.66,True
PROD_4320,Transform Interactive E-Tailers,Esportes,Corrida,247.36,18.95,False
PROD_4321,Transform Collaborative Web-Readiness,Casa e Decoração,Iluminação,20.74,21.52,True
PROD_4322,E-Enable Visionary Interfaces,Moda,Roupas Femininas,11.47,19.72,True
PROD_4323,Streamline 24/7 Content,Informática,Periféricos,208.88,25.47,False
PROD_4324,Strategize Compelling Roi,Automotivo,Peças,99.8,8.93,False
PROD_4325,Transition Web-Enabled Users,Esportes,Corrida,143.99,19.28,True
PROD_4326,Morph Visionary Web Services,Casa e Decoração,Utilidades,708.9,1.63,True
PROD_4327,Re-Intermediate 24/7 E-Commerce,Alimentos,Orgânicos,42.95,14.46,True
PROD_4328,Orchestrate Vertical Roi,Brinquedos,Bonecas,423.98,8.11,True
PROD_4329,Orchestrate Web-Enabled Communities,Moda,Acessórios,43.47,11.49,True
PROD_4330,Deliver 24/365 Info-Mediaries,Alimentos,Bebidas,588.94,10.7,False
PROD_4331,Syndicate Distributed Technologies,Livros,Infantil,221.54,1.91,True
PROD_4332,Repurpose Mission-Critical Applications,Livros,Infantil,14.75,14.05,True
PROD_4333,Synthesize Out-Of-The-Box Web Services,Casa e Decoração,Utilidades,54.56,29.84,True
PROD_4334,Empower Impactful Architectures,Livros,Infantil,896.77,9.04,True
PROD_4335,Scale Sticky Bandwidth,Moda,Infantil,771.42,22.11,True
PROD_4336,Deploy Cutting-Edge Eyeballs,Esportes,Fitness,185.87,16.48,True
PROD_4337,Utilize Front-End Bandwidth,Saúde e Beleza,Perfumes,137.7,9.82,True
PROD_4338,Embrace Integrated Synergies,Eletrônicos,Câmeras,120.02,2.78,True
PROD_4339,Benchmark Seamless Paradigms,Informática,Software,152.08,6.55,True
PROD_4340,Visualize Visionary Paradigms,Esportes,Ciclismo,76.02,23.48,True
PROD_4341,Redefine Synergistic Channels,Saúde e Beleza,Maquiagem,384.99,8.44,True
PROD_4342,Target Ubiquitous Niches,Automotivo,Acessórios,180.08,4.41,True
PROD_4343,Implement Granular Convergence,Moda,Acessórios,28.26,10.01,False
PROD_4344,Deliver Best-Of-Breed Convergence,Alimentos,Bebidas,197.55,17.56,False
PROD_4345,Productize Integrated Mindshare,Saúde e Beleza,Maquiagem,109.73,21.13,True
PROD_4346,Optimize Virtual Experiences,Moda,Calçados,61.87,11.68,True
PROD_4347,Orchestrate Synergistic Experiences,Brinquedos,Educativos,878.51,14.99,True
PROD_4348,Drive Cross-Platform Bandwidth,Alimentos,Importados,101.95,13.7,True
PROD_4349,Unleash Global Niches,Livros,Acadêmicos,10.0,0.37,True
PROD_4350,Generate Seamless Interfaces,Livros,Ficção,67.38,11.93,True
PROD_4351,Optimize Compelling Architectures,Alimentos,Doces,296.54,17.66,True
PROD_4352,Syndicate Viral Networks,Automotivo,Som,29.61,17.14,True
PROD_4353,Unleash Back-End Channels,Automotivo,Som,284.69,22.52,True
PROD_4354,Scale World-Class Applications,Automotivo,Óleos,27.19,20.14,True
PROD_4355,Benchmark Cross-Media Applications,Saúde e Beleza,Cabelos,447.65,8.38,True
PROD_4356,Re-Intermediate Wireless Partnerships,Informática,Periféricos,45.28,7.74,True
PROD_4357,Integrate Proactive Communities,Saúde e Beleza,Perfumes,59.02,13.98,True
PROD_4358,Enhance Mission-Critical Web Services,Casa e Decoração,Iluminação,53.99,22.02,True
PROD_4359,Transform Rich Methodologies,Eletrônicos,Áudio,184.37,2.91,True
PROD_4360,Syndicate World-Class E-Services,Alimentos,Importados,822.99,28.45,True
PROD_4361,Revolutionize Web-Enabled Platforms,Esportes,Fitness,91.63,16.34,False
PROD_4362,Productize Virtual Architectures,Eletrônicos,Acessórios,88.85,9.26,True
PROD_4363,Engineer Next-Generation Partnerships,Brinquedos,Veículos,45.24,20.83,False
PROD_4364,Streamline Dot-Com Initiatives,Saúde e Beleza,Cuidados Pessoais,12.77,1.44,True
PROD_4365,Integrate Intuitive Systems,Saúde e Beleza,Perfumes,51.0,14.58,False
PROD_4366,Engineer Out-Of-The-Box Metrics,Moda,Acessórios,19.87,14.63,True
PROD_4367,Whiteboard Proactive Roi,Eletrônicos,Acessórios,10.0,4.94,True
PROD_4368,Harness Sticky Systems,Moda,Calçados,82.07,25.14,True
PROD_4369,Synergize Global Functionalities,Esportes,Fitness,46.94,23.92,True
PROD_4370,Maximize 24/365 Solutions,Moda,Roupas Masculinas,469.6,4.67,True
PROD_4371,Morph Holistic Systems,Eletrônicos,Smartphones,32.24,10.98,True
PROD_4372,Innovate Front-End E-Services,Alimentos,Importados,201.23,3.1,True
PROD_4373,Aggregate Granular E-Commerce,Brinquedos,Veículos,196.56,25.47,True
PROD_4374,Transition Dynamic Infrastructures,Saúde e Beleza,Perfumes,447.9,9.77,False
PROD_4375,Benchmark Proactive Functionalities,Esportes,Ciclismo,72.16,13.24,False
PROD_4376,Repurpose Mission-Critical E-Tailers,Saúde e Beleza,Perfumes,438.28,9.78,True
PROD_4377,Integrate Global Synergies,Casa e Decoração,Quadros,176.47,9.37,True
PROD_4378,Disintermediate Transparent Networks,Brinquedos,Bonecas,353.24,22.44,True
PROD_4379,Incubate Intuitive Supply-Chains,Informática,Notebooks,1592.38,22.45,True
PROD_4380,Reinvent Rich Solutions,Moda,Roupas Masculinas,77.64,15.58,True
PROD_4381,E-Enable Best-Of-Breed Networks,Livros,Acadêmicos,110.5,19.76,False
PROD_4382,Transition Collaborative Mindshare,Eletrônicos,Acessórios,58.31,15.4,True
PROD_4383,Seize Synergistic E-Business,Saúde e Beleza,Perfumes,572.93,0.95,False
PROD_4384,Productize Global Partnerships,Moda,Roupas Masculinas,2049.98,2.07,True
PROD_4385,Grow Cutting-Edge Functionalities,Esportes,Ciclismo,217.24,11.57,True
PROD_4386,Synergize Intuitive Networks,Saúde e Beleza,Vitaminas,13.04,22.52,True
PROD_4387,Evolve End-To-End Deliverables,Informática,Periféricos,31.2,27.41,True
PROD_4388,Monetize Mission-Critical Initiatives,Brinquedos,Jogos,361.95,0.99,True
PROD_4389,Synthesize Bleeding-Edge Markets,Brinquedos,Educativos,22.8,11.1,False
PROD_4390,Expedite Open-Source Web-Readiness,Saúde e Beleza,Cabelos,43.79,6.79,True
PROD_4391,Enhance Distributed Portals,Esportes,Corrida,41.98,24.47,True
PROD_4392,Synergize Synergistic Partnerships,Brinquedos,Bonecas,82.06,25.39,True
PROD_4393,Cultivate Granular Technologies,Brinquedos,Jogos,122.49,6.27,True
PROD_4394,Optimize Web-Enabled Deliverables,Informática,Redes,10.0,21.35,True
PROD_4395,Re-Contextualize Extensible Interfaces,Eletrônicos,TVs,14.4,21.98,False
PROD_4396,Re-Intermediate Leading-Edge Users,Esportes,Fitness,14.82,5.39,True
PROD_4397,Scale One-To-One Applications,Esportes,Natação,17.1,13.07,True
PROD_4398,Syndicate Back-End Experiences,Alimentos,Importados,91.76,18.65,True
PROD_4399,Utilize Robust Supply-Chains,Alimentos,Saudáveis,113.69,0.88,True
PROD_4400,Deploy Back-End Solutions,Brinquedos,Eletrônicos,303.63,12.2,True
PROD_4401,Facilitate Leading-Edge Channels,Livros,Ficção,175.2,4.73,True
PROD_4402,Architect Open-Source Web Services,Alimentos,Orgânicos,44.76,16.3,True
PROD_4403,Redefine Leading-Edge Action-Items,Brinquedos,Educativos,118.62,25.3,False
PROD_4404,Synthesize Intuitive Networks,Automotivo,Som,318.96,15.79,True
PROD_4405,Productize Robust Convergence,Casa e Decoração,Tapetes,68.52,1.18,False
PROD_4406,Optimize Next-Generation Metrics,Casa e Decoração,Utilidades,62.02,0.99,True
PROD_4407,Extend Strategic Schemas,Esportes,Natação,28.96,18.2,True
PROD_4408,Syndicate End-To-End Niches,Livros,Acadêmicos,34.27,9.91,True
PROD_4409,Drive Revolutionary Platforms,Informática,Software,204.93,17.22,False
PROD_4410,Integrate Rich Mindshare,Eletrônicos,Câmeras,89.6,4.99,True
PROD_4411,Enhance Cross-Media E-Commerce,Alimentos,Orgânicos,943.95,23.33,True
PROD_4412,Syndicate Seamless E-Services,Automotivo,Som,39.96,25.84,False
PROD_4413,Utilize Leading-Edge Web-Readiness,Brinquedos,Educativos,224.45,26.69,True
PROD_4414,Revolutionize 24/365 Users,Livros,Acadêmicos,143.12,9.19,True
PROD_4415,Expedite Enterprise Methodologies,Esportes,Fitness,80.86,19.86,True
PROD_4416,Innovate Vertical Schemas,Alimentos,Doces,53.38,8.44,True
PROD_4417,Syndicate Scalable Architectures,Livros,Acadêmicos,184.96,22.91,True
PROD_4418,Revolutionize Enterprise Channels,Alimentos,Doces,172.64,3.7,True
PROD_4419,Brand Cutting-Edge Schemas,Eletrônicos,Câmeras,114.71,22.91,True
PROD_4420,Enable One-To-One Systems,Eletrônicos,TVs,150.02,13.25,True
PROD_4421,Embrace Out-Of-The-Box Convergence,Informática,Software,94.05,25.68,True
PROD_4422,Aggregate Cross-Platform E-Commerce,Casa e Decoração,Móveis,12.56,22.19,True
PROD_4423,Redefine Leading-Edge Action-Items,Moda,Roupas Masculinas,99.61,11.36,True
PROD_4424,Enhance E-Business Applications,Moda,Infantil,65.22,27.12,True
PROD_4425,Implement Bleeding-Edge E-Markets,Alimentos,Orgânicos,930.29,8.57,True
PROD_4426,Extend Revolutionary Synergies,Informática,Periféricos,192.49,29.01,True
PROD_4427,Cultivate Interactive Markets,Moda,Roupas Femininas,114.64,23.04,True
PROD_4428,Optimize Leading-Edge Channels,Esportes,Fitness,156.87,29.72,True
PROD_4429,Grow Viral Technologies,Moda,Acessórios,26.37,1.71,True
PROD_4430,Integrate Turn-Key Convergence,Saúde e Beleza,Maquiagem,43.31,8.29,True
PROD_4431,Expedite Interactive Technologies,Brinquedos,Educativos,60.23,22.26,True
PROD_4432,Enable Impactful Info-Mediaries,Informática,Notebooks,143.47,27.68,True
PROD_4433,Repurpose 24/7 Web Services,Esportes,Natação,53.43,0.96,True
PROD_4434,Optimize Intuitive Portals,Livros,Acadêmicos,49.32,0.1,True
PROD_4435,Incubate Best-Of-Breed Models,Esportes,Ciclismo,24.99,7.76,True
PROD_4436,Unleash Synergistic E-Services,Casa e Decoração,Iluminação,92.77,25.6,True
PROD_4437,Grow Seamless Relationships,Livros,Técnicos,109.8,23.04,True
PROD_4438,Revolutionize Distributed Experiences,Automotivo,Ferramentas,150.54,10.27,False
PROD_4439,Incentivize Real-Time Vortals,Brinquedos,Jogos,39.05,0.16,True
PROD_4440,Scale Sticky Markets,Brinquedos,Veículos,140.46,16.69,True
PROD_4441,Seize Transparent E-Business,Brinquedos,Educativos,25.83,7.21,True
PROD_4442,Synthesize Efficient Infrastructures,Brinquedos,Jogos,69.21,22.39,True
PROD_4443,Architect Global Deliverables,Alimentos,Bebidas,129.27,13.45,False
PROD_4444,Enhance Extensible Schemas,Brinquedos,Bonecas,65.99,20.39,True
PROD_4445,Architect 24/7 Relationships,Brinquedos,Veículos,13.82,25.58,True
PROD_4446,Drive B2B Paradigms,Brinquedos,Bonecas,15.94,16.12,True
PROD_4447,Incentivize Visionary Experiences,Informática,Periféricos,117.34,10.15,True
PROD_4448,Engineer Ubiquitous Initiatives,Alimentos,Bebidas,180.47,23.11,False
PROD_4449,Utilize Rich Paradigms,Eletrônicos,TVs,135.26,8.03,True
PROD_4450,Empower Efficient Applications,Esportes,Corrida,185.77,26.76,True
PROD_4451,Synergize Seamless Infrastructures,Esportes,Futebol,64.29,2.24,True
PROD_4452,Streamline Efficient E-Business,Livros,Acadêmicos,218.36,25.08,True
PROD_4453,Synergize Rich Web-Readiness,Informática,Componentes,134.73,2.84,True
PROD_4454,Cultivate Enterprise Architectures,Saúde e Beleza,Maquiagem,41.79,1.78,False
PROD_4455,Grow Revolutionary E-Services,Esportes,Fitness,166.89,10.96,True
PROD_4456,Architect Enterprise Roi,Moda,Roupas Femininas,128.41,28.7,False
PROD_4457,Repurpose User-Centric Users,Saúde e Beleza,Perfumes,669.81,29.51,False
PROD_4458,Streamline Extensible Paradigms,Brinquedos,Eletrônicos,471.15,6.14,True
PROD_4459,Incubate Cross-Media Web-Readiness,Brinquedos,Jogos,80.58,4.54,True
PROD_4460,Redefine Cross-Platform Portals,Alimentos,Saudáveis,54.53,10.65,True
PROD_4461,Exploit Killer Web-Readiness,Saúde e Beleza,Cuidados Pessoais,584.6,10.18,True
PROD_4462,Facilitate User-Centric E-Commerce,Moda,Roupas Masculinas,174.49,22.81,True
PROD_4463,Generate Leading-Edge Platforms,Alimentos,Importados,73.04,13.38,True
PROD_4464,Engage Integrated Methodologies,Livros,Ficção,10.0,23.42,True
PROD_4465,Envisioneer Plug-And-Play E-Commerce,Saúde e Beleza,Cabelos,36.36,22.49,True
PROD_4466,Maximize Back-End Communities,Informática,Redes,33.45,17.39,True
PROD_4467,Synergize Plug-And-Play Action-Items,Brinquedos,Jogos,75.52,25.02,True
PROD_4468,Enable Value-Added Niches,Brinquedos,Eletrônicos,189.09,5.95,True
PROD_4469,Exploit Efficient Infrastructures,Casa e Decoração,Móveis,227.13,4.94,True
PROD_4470,Incentivize Distributed Supply-Chains,Alimentos,Bebidas,544.6,22.54,True
PROD_4471,Maximize Impactful Paradigms,Eletrônicos,Smartphones,275.25,7.42,True
PROD_4472,Re-Intermediate Efficient Relationships,Eletrônicos,Smartphones,18.91,0.18,True
PROD_4473,Empower Dot-Com Experiences,Alimentos,Orgânicos,309.83,27.37,False
PROD_4474,Exploit Value-Added Initiatives,Informática,Componentes,720.53,18.73,True
PROD_4475,Monetize World-Class Portals,Automotivo,Ferramentas,678.97,13.4,True
PROD_4476,Iterate Virtual Systems,Alimentos,Orgânicos,21.0,21.8,True
PROD_4477,Target Vertical Systems,Informática,Notebooks,71.57,10.07,True
PROD_4478,Implement Plug-And-Play Paradigms,Livros,Técnicos,285.19,28.61,True
PROD_4479,Seize Compelling Functionalities,Brinquedos,Eletrônicos,22.42,2.15,True
PROD_4480,Iterate Killer E-Markets,Moda,Roupas Masculinas,11.36,19.26,False
PROD_4481,Streamline Strategic Niches,Automotivo,Ferramentas,131.2,23.34,False
PROD_4482,Productize Turn-Key Partnerships,Saúde e Beleza,Perfumes,40.02,14.13,True
PROD_4483,Grow Viral Portals,Automotivo,Ferramentas,12.71,22.67,True
PROD_4484,Revolutionize Efficient Portals,Moda,Acessórios,393.64,27.81,True
PROD_4485,Cultivate Rich Channels,Casa e Decoração,Tapetes,109.64,22.35,True
PROD_4486,Enhance Virtual Eyeballs,Brinquedos,Bonecas,48.19,9.35,True
PROD_4487,Cultivate Scalable E-Services,Eletrônicos,TVs,28.32,16.9,True
PROD_4488,Embrace Robust Roi,Informática,Periféricos,110.99,27.36,False
PROD_4489,Innovate Visionary Applications,Alimentos,Doces,167.08,13.53,True
PROD_4490,Harness Revolutionary Schemas,Alimentos,Bebidas,133.1,20.48,True
PROD_4491,Unleash Bleeding-Edge Markets,Eletrônicos,Acessórios,14.55,14.02,False
PROD_4492,Unleash Back-End Portals,Automotivo,Som,159.53,3.73,False
PROD_4493,Utilize Synergistic Users,Brinquedos,Educativos,207.13,1.85,True
PROD_4494,Unleash Revolutionary Metrics,Esportes,Fitness,59.62,28.57,True
PROD_4495,Incentivize Cross-Media Platforms,Informática,Componentes,313.42,18.41,True
PROD_4496,Optimize Visionary Initiatives,Livros,Acadêmicos,32.39,3.2,True
PROD_4497,Deliver Intuitive Action-Items,Moda,Acessórios,423.56,25.74,True
PROD_4498,Architect World-Class Networks,Automotivo,Acessórios,105.51,15.73,True
PROD_4499,Disintermediate Next-Generation Partnerships,Saúde e Beleza,Cuidados Pessoais,49.63,23.18,True
PROD_4500,Visualize Cutting-Edge Technologies,Casa e Decoração,Utilidades,61.43,3.89,True
PROD_4501,Orchestrate Proactive Vortals,Alimentos,Bebidas,298.61,27.22,True
PROD_4502,Expedite Bricks-And-Clicks Supply-Chains,Automotivo,Som,119.66,17.76,True
PROD_4503,Deploy Out-Of-The-Box Info-Mediaries,Casa e Decoração,Quadros,195.21,22.17,False
PROD_4504,Envisioneer Proactive Communities,Moda,Calçados,326.88,1.04,True
PROD_4505,Disintermediate Revolutionary Technologies,Alimentos,Bebidas,47.89,9.53,True
PROD_4506,Re-Contextualize B2C Applications,Alimentos,Doces,104.87,8.1,True
PROD_4507,Utilize Sticky Metrics,Esportes,Futebol,68.76,28.49,True
PROD_4508,Architect Turn-Key Mindshare,Automotivo,Óleos,305.05,5.64,False
PROD_4509,Unleash Cross-Media E-Tailers,Brinquedos,Veículos,56.89,21.24,True
PROD_4510,Synergize Robust Web Services,Eletrônicos,Câmeras,95.34,1.38,True
PROD_4511,Drive B2C Architectures,Eletrônicos,Smartphones,1414.98,6.01,True
PROD_4512,Engineer Strategic Partnerships,Livros,Técnicos,420.79,10.22,True
PROD_4513,Re-Contextualize Magnetic Networks,Saúde e Beleza,Vitaminas,25.99,23.86,True
PROD_4514,Deliver Next-Generation Users,Casa e Decoração,Tapetes,265.7,23.72,True
PROD_4515,Drive 24/7 Deliverables,Automotivo,Ferramentas,205.72,28.58,True
PROD_4516,Exploit Scalable Metrics,Informática,Software,24.03,27.51,True
PROD_4517,Syndicate Visionary Vortals,Saúde e Beleza,Cuidados Pessoais,78.88,2.54,True
PROD_4518,Empower Dynamic Networks,Esportes,Corrida,28.87,24.91,True
PROD_4519,Envisioneer Interactive Supply-Chains,Alimentos,Doces,10.0,13.59,True
PROD_4520,Incentivize Bricks-And-Clicks E-Services,Brinquedos,Educativos,75.55,25.99,True
PROD_4521,Target Turn-Key Initiatives,Automotivo,Óleos,49.04,2.77,True
PROD_4522,Scale Web-Enabled Systems,Saúde e Beleza,Cabelos,24.02,24.7,True
PROD_4523,Drive Transparent Relationships,Saúde e Beleza,Perfumes,88.99,4.87,True
PROD_4524,Evolve Synergistic Schemas,Brinquedos,Educativos,10.0,10.08,True
PROD_4525,Deliver Intuitive Relationships,Livros,Ficção,94.59,0.96,True
PROD_4526,Visualize Compelling Metrics,Casa e Decoração,Tapetes,91.7,3.8,True
PROD_4527,Enhance Customized E-Markets,Casa e Decoração,Móveis,203.26,13.43,True
PROD_4528,Enhance End-To-End Users,Saúde e Beleza,Vitaminas,13.15,24.57,True
PROD_4529,Incentivize Transparent Methodologies,Moda,Roupas Masculinas,1172.99,23.23,True
PROD_4530,Benchmark Global Metrics,Saúde e Beleza,Cabelos,740.23,7.14,True
PROD_4531,Morph Front-End Supply-Chains,Saúde e Beleza,Maquiagem,35.59,4.64,True
PROD_4532,Harness 24/7 Infrastructures,Brinquedos,Eletrônicos,518.89,11.74,True
PROD_4533,Deploy Next-Generation Mindshare,Alimentos,Importados,251.76,26.51,True
PROD_4534,Orchestrate Rich Functionalities,Brinquedos,Educativos,53.13,2.83,True
PROD_4535,Matrix 24/365 Roi,Automotivo,Peças,43.46,16.33,True
PROD_4536,Matrix Ubiquitous Synergies,Saúde e Beleza,Vitaminas,47.59,2.76,True
PROD_4537,Leverage 24/7 E-Markets,Casa e Decoração,Móveis,2674.83,14.16,True
PROD_4538,Morph Collaborative Platforms,Informática,Software,460.42,3.89,False
PROD_4539,Enable Robust E-Commerce,Casa e Decoração,Tapetes,70.57,2.5,False
PROD_4540,Utilize Frictionless Partnerships,Eletrônicos,TVs,78.28,5.81,True
PROD_4541,Enable Integrated E-Commerce,Livros,Ficção,248.87,7.73,False
PROD_4542,Seize End-To-End Interfaces,Esportes,Futebol,236.13,8.36,False
PROD_4543,Scale Web-Enabled Technologies,Automotivo,Peças,28.55,19.39,False
PROD_4544,Embrace Cross-Platform Supply-Chains,Automotivo,Óleos,128.64,1.74,True
PROD_4545,Benchmark Sticky Paradigms,Livros,Acadêmicos,46.38,2.52,True
PROD_4546,Optimize Synergistic Systems,Informática,Componentes,108.05,5.74,True
PROD_4547,Redefine Transparent Functionalities,Esportes,Futebol,84.98,26.17,True
PROD_4548,Grow User-Centric Technologies,Alimentos,Bebidas,305.26,18.9,True
PROD_4549,Engineer Compelling Channels,Saúde e Beleza,Maquiagem,65.24,21.94,True
PROD_4550,Drive Viral Applications,Esportes,Ciclismo,103.75,11.17,True
PROD_4551,Redefine Strategic Eyeballs,Informática,Componentes,10.0,6.48,True
PROD_4552,Productize Clicks-And-Mortar Applications,Moda,Roupas Femininas,132.74,1.24,True
PROD_4553,Benchmark Out-Of-The-Box Methodologies,Eletrônicos,TVs,35.37,14.71,True
PROD_4554,Visualize Ubiquitous Architectures,Esportes,Ciclismo,14.58,17.27,True
PROD_4555,Harness Visionary Roi,Esportes,Fitness,348.95,26.92,True
PROD_4556,Deliver Efficient Platforms,Eletrônicos,TVs,85.62,26.47,True
PROD_4557,Enhance Seamless Models,Saúde e Beleza,Cabelos,10.0,12.8,True
PROD_4558,Facilitate Scalable Networks,Esportes,Fitness,35.15,12.76,True
PROD_4559,Mesh Cutting-Edge Technologies,Eletrônicos,Smartphones,90.56,4.92,True
PROD_4560,Harness Integrated Vortals,Eletrônicos,Áudio,93.85,7.8,True
PROD_4561,Engineer Virtual Eyeballs,Eletrônicos,Acessórios,49.44,27.78,True
PROD_4562,Integrate Best-Of-Breed E-Commerce,Brinquedos,Educativos,10.0,4.32,True
PROD_4563,Mesh Efficient Networks,Informática,Componentes,46.42,29.06,True
PROD_4564,Matrix Turn-Key Platforms,Brinquedos,Veículos,325.46,15.19,True
PROD_4565,Seize Front-End Communities,Moda,Infantil,484.38,13.75,True
PROD_4566,Embrace Front-End Niches,Alimentos,Doces,43.42,5.32,True
PROD_4567,Synthesize Visionary E-Services,Brinquedos,Educativos,862.64,19.88,True
PROD_4568,Matrix Frictionless Technologies,Brinquedos,Eletrônicos,12.93,13.85,True
PROD_4569,Redefine Back-End Metrics,Informática,Componentes,34.05,11.18,True
PROD_4570,Engineer Sticky E-Services,Alimentos,Bebidas,262.38,8.01,True
PROD_4571,Repurpose Efficient Eyeballs,Livros,Acadêmicos,217.21,2.09,True
PROD_4572,Transform Best-Of-Breed Schemas,Eletrônicos,Acessórios,88.98,15.63,True
PROD_4573,E-Enable Frictionless Web-Readiness,Automotivo,Ferramentas,23.5,9.46,True
PROD_4574,Expedite Revolutionary Users,Alimentos,Bebidas,23.43,21.27,False
PROD_4575,Incubate Dynamic Synergies,Moda,Calçados,37.68,21.73,True
PROD_4576,Synthesize Proactive Relationships,Saúde e Beleza,Cuidados Pessoais,24.68,10.03,True
PROD_4577,Architect Front-End Networks,Moda,Roupas Masculinas,105.3,20.11,True
PROD_4578,Brand Visionary Deliverables,Eletrônicos,Smartphones,80.58,7.83,True
PROD_4579,Enable Ubiquitous Technologies,Alimentos,Orgânicos,22.34,21.84,True
PROD_4580,Redefine One-To-One Initiatives,Moda,Acessórios,58.8,0.58,True
PROD_4581,Grow User-Centric Models,Moda,Roupas Masculinas,10.0,4.63,True
PROD_4582,Morph E-Business Channels,Livros,Ficção,135.24,7.43,True
PROD_4583,Empower One-To-One Convergence,Livros,Técnicos,212.74,23.21,True
PROD_4584,Exploit Strategic E-Services,Alimentos,Orgânicos,30.14,2.08,False
PROD_4585,Drive Intuitive Vortals,Eletrônicos,Acessórios,35.04,5.72,True
PROD_4586,Leverage Open-Source Niches,Brinquedos,Bonecas,122.67,10.82,True
PROD_4587,Target Intuitive Vortals,Casa e Decoração,Quadros,102.26,0.37,True
PROD_4588,Productize Robust E-Commerce,Esportes,Ciclismo,227.63,22.89,True
PROD_4589,Transform Turn-Key Solutions,Automotivo,Peças,35.45,16.85,True
PROD_4590,E-Enable Robust Functionalities,Esportes,Futebol,40.74,27.03,True
PROD_4591,Whiteboard Value-Added Action-Items,Informática,Componentes,69.07,1.03,True
PROD_4592,Enable Enterprise E-Services,Livros,Acadêmicos,25.04,8.21,True
PROD_4593,Innovate 24/365 Portals,Alimentos,Importados,67.29,21.96,True
PROD_4594,Syndicate B2C Models,Esportes,Futebol,25.54,20.29,True
PROD_4595,Transition Viral Models,Eletrônicos,Acessórios,148.57,7.37,True
PROD_4596,Envisioneer End-To-End Solutions,Automotivo,Som,29.3,17.91,True
PROD_4597,Whiteboard E-Business Deliverables,Esportes,Corrida,121.93,23.83,True
PROD_4598,Iterate Killer Synergies,Automotivo,Acessórios,516.95,1.1,True
PROD_4599,Brand Innovative Models,Saúde e Beleza,Perfumes,150.49,21.56,True
PROD_4600,Engage Best-Of-Breed Roi,Eletrônicos,Acessórios,111.17,7.64,True
PROD_4601,Integrate Next-Generation Portals,Casa e Decoração,Móveis,17.53,28.44,True
PROD_4602,Re-Intermediate Enterprise Functionalities,Moda,Roupas Femininas,476.68,16.19,True
PROD_4603,Benchmark Web-Enabled Functionalities,Automotivo,Som,343.39,1.1,True
PROD_4604,Seize Compelling Deliverables,Eletrônicos,Acessórios,74.62,12.16,True
PROD_4605,Repurpose Viral Content,Automotivo,Peças,56.77,28.99,True
PROD_4606,E-Enable Bleeding-Edge Technologies,Automotivo,Ferramentas,33.89,21.94,True
PROD_4607,Repurpose Holistic Models,Brinquedos,Educativos,770.66,9.08,True
PROD_4608,Generate Impactful Metrics,Brinquedos,Educativos,230.62,17.3,True
PROD_4609,Seize Compelling Technologies,Eletrônicos,Câmeras,36.23,18.01,True
PROD_4610,Transform Magnetic Initiatives,Brinquedos,Jogos,336.68,0.8,True
PROD_4611,Matrix Front-End E-Markets,Informática,Periféricos,448.98,5.45,True
PROD_4612,Grow World-Class Action-Items,Casa e Decoração,Utilidades,87.75,16.6,True
PROD_4613,Repurpose Cutting-Edge Initiatives,Alimentos,Importados,59.55,12.14,True
PROD_4614,Reinvent Plug-And-Play Vortals,Eletrônicos,Áudio,27.34,5.78,True
PROD_4615,Repurpose One-To-One Convergence,Eletrônicos,Acessórios,210.38,23.2,True
PROD_4616,Scale Impactful Channels,Informática,Componentes,53.92,14.72,True
PROD_4617,Revolutionize Compelling Models,Livros,Ficção,51.31,9.37,True
PROD_4618,Expedite Transparent Methodologies,Livros,Ficção,88.78,4.93,True
PROD_4619,Incentivize Proactive Technologies,Brinquedos,Veículos,33.73,18.37,True
PROD_4620,Empower Killer E-Markets,Alimentos,Doces,563.47,20.02,True
PROD_4621,Streamline World-Class Portals,Brinquedos,Eletrônicos,287.58,20.12,True
PROD_4622,Innovate Turn-Key E-Markets,Saúde e Beleza,Cabelos,98.68,6.69,True
PROD_4623,Strategize Visionary E-Commerce,Saúde e Beleza,Cabelos,32.41,17.9,True
PROD_4624,Strategize Back-End Markets,Moda,Roupas Masculinas,34.58,27.17,True
PROD_4625,Empower Holistic E-Services,Saúde e Beleza,Cuidados Pessoais,32.8,10.66,True
PROD_4626,Facilitate Revolutionary Content,Livros,Acadêmicos,20.56,6.4,True
PROD_4627,Grow Transparent E-Services,Casa e Decoração,Utilidades,132.58,23.19,True
PROD_4628,Maximize Frictionless Users,Saúde e Beleza,Perfumes,41.64,5.39,True
PROD_4629,Architect One-To-One E-Business,Brinquedos,Educativos,38.88,7.69,True
PROD_4630,Re-Intermediate Open-Source Channels,Automotivo,Peças,33.9,3.11,True
PROD_4631,Expedite Vertical Web-Readiness,Eletrônicos,Áudio,300.15,8.11,True
PROD_4632,Exploit Enterprise Infrastructures,Casa e Decoração,Utilidades,36.22,12.37,True
PROD_4633,Revolutionize Open-Source Convergence,Casa e Decoração,Iluminação,412.75,2.02,True
PROD_4634,Revolutionize Innovative Experiences,Brinquedos,Jogos,63.74,26.16,True
PROD_4635,Streamline Best-Of-Breed Relationships,Eletrônicos,Acessórios,20.2,15.46,True
PROD_4636,Incubate 24/365 Communities,Livros,Acadêmicos,158.08,17.68,False
PROD_4637,E-Enable Impactful E-Services,Casa e Decoração,Utilidades,261.06,11.2,False
PROD_4638,Envisioneer Granular Relationships,Moda,Infantil,32.15,20.13,True
PROD_4639,Facilitate Transparent E-Tailers,Brinquedos,Bonecas,97.11,13.01,False
PROD_4640,Engage Interactive Synergies,Casa e Decoração,Iluminação,131.91,22.86,True
PROD_4641,Integrate Vertical Deliverables,Alimentos,Doces,100.96,24.66,False
PROD_4642,Transform Impactful Models,Eletrônicos,TVs,51.95,20.19,True
PROD_4643,Integrate Granular Technologies,Saúde e Beleza,Maquiagem,259.29,14.79,True
PROD_4644,Monetize Proactive E-Services,Casa e Decoração,Móveis,66.6,23.49,True
PROD_4645,Whiteboard Interactive Paradigms,Brinquedos,Eletrônicos,43.52,14.88,True
PROD_4646,Empower 24/7 Architectures,Saúde e Beleza,Cabelos,10.83,3.43,True
PROD_4647,Visualize Wireless Channels,Moda,Infantil,10.95,3.58,True
PROD_4648,Transition Real-Time Infrastructures,Saúde e Beleza,Perfumes,116.64,28.46,False
PROD_4649,Optimize Intuitive Mindshare,Alimentos,Importados,82.07,6.49,True
PROD_4650,Drive Next-Generation Web-Readiness,Livros,Infantil,261.11,24.5,True
PROD_4651,Implement B2C Platforms,Casa e Decoração,Quadros,349.44,7.48,True
PROD_4652,Extend Impactful Solutions,Esportes,Corrida,67.08,12.98,True
PROD_4653,E-Enable Extensible Vortals,Esportes,Corrida,281.01,19.68,True
PROD_4654,Brand Vertical Content,Saúde e Beleza,Cabelos,45.87,4.85,True
PROD_4655,Empower Ubiquitous Solutions,Informática,Periféricos,75.2,22.14,False
PROD_4656,Transform Back-End Experiences,Eletrônicos,Áudio,72.66,20.73,True
PROD_4657,Maximize Collaborative Architectures,Esportes,Corrida,598.77,16.34,True
PROD_4658,Envisioneer Cutting-Edge Infrastructures,Informática,Notebooks,19.41,17.02,True
PROD_4659,Enhance Transparent Schemas,Esportes,Natação,96.64,3.26,True
PROD_4660,Empower Compelling Technologies,Informática,Notebooks,39.05,13.13,True
PROD_4661,Redefine Interactive Architectures,Eletrônicos,Acessórios,62.88,2.69,True
PROD_4662,Utilize Rich Interfaces,Automotivo,Acessórios,59.73,9.31,True
PROD_4663,Disintermediate Sticky Systems,Esportes,Natação,98.15,27.02,True
PROD_4664,Enhance Proactive Interfaces,Alimentos,Bebidas,453.19,17.28,True
PROD_4665,Revolutionize Bleeding-Edge Systems,Casa e Decoração,Tapetes,882.18,22.31,True
PROD_4666,Disintermediate Compelling Networks,Informática,Componentes,197.92,17.26,True
PROD_4667,Transform Extensible Supply-Chains,Casa e Decoração,Quadros,27.8,5.91,True
PROD_4668,Orchestrate Strategic Platforms,Brinquedos,Bonecas,73.0,17.88,True
PROD_4669,Engage Frictionless E-Tailers,Brinquedos,Educativos,123.07,22.69,True
PROD_4670,Cultivate Holistic Applications,Eletrônicos,Smartphones,55.24,4.24,True
PROD_4671,Incentivize Strategic Eyeballs,Informática,Componentes,64.55,24.53,True
PROD_4672,Strategize Collaborative Deliverables,Moda,Calçados,82.65,16.71,True
PROD_4673,Drive Bleeding-Edge Markets,Brinquedos,Eletrônicos,227.39,0.23,True
PROD_4674,Revolutionize Rich Portals,Eletrônicos,TVs,170.07,15.64,True
PROD_4675,Deploy Extensible Supply-Chains,Brinquedos,Veículos,43.28,11.93,False
PROD_4676,E-Enable B2C Paradigms,Brinquedos,Educativos,183.35,8.96,True
PROD_4677,Harness Transparent Synergies,Moda,Acessórios,712.82,23.16,True
PROD_4678,Empower Best-Of-Breed Schemas,Esportes,Ciclismo,14.65,27.0,True
PROD_4679,Generate Holistic Users,Saúde e Beleza,Perfumes,53.26,22.9,True
PROD_4680,Synthesize Turn-Key Experiences,Automotivo,Som,48.62,25.42,True
PROD_4681,Incentivize World-Class Bandwidth,Brinquedos,Eletrônicos,99.08,27.27,True
PROD_4682,Unleash Compelling Mindshare,Brinquedos,Bonecas,10.09,27.39,True
PROD_4683,Engage Strategic Platforms,Alimentos,Doces,460.96,3.53,True
PROD_4684,Brand Intuitive Architectures,Automotivo,Ferramentas,95.22,13.75,True
PROD_4685,Enable Value-Added Communities,Moda,Calçados,128.74,0.11,True
PROD_4686,Mesh 24/7 Communities,Casa e Decoração,Quadros,112.03,15.24,False
PROD_4687,Aggregate Visionary Initiatives,Informática,Componentes,48.43,27.73,True
PROD_4688,Integrate Cutting-Edge Models,Brinquedos,Educativos,208.18,6.05,True
PROD_4689,Leverage Holistic Channels,Saúde e Beleza,Cabelos,90.58,19.23,True
PROD_4690,Extend Next-Generation Interfaces,Informática,Software,10.0,19.37,True
PROD_4691,Implement Distributed Initiatives,Automotivo,Ferramentas,79.06,4.89,True
PROD_4692,Brand Distributed Methodologies,Informática,Periféricos,64.52,7.23,True
PROD_4693,Empower World-Class E-Business,Esportes,Ciclismo,207.7,13.91,True
PROD_4694,Matrix Out-Of-The-Box Networks,Brinquedos,Bonecas,2302.37,5.73,False
PROD_4695,Visualize Frictionless Eyeballs,Informática,Periféricos,141.63,17.59,True
PROD_4696,Envisioneer Best-Of-Breed E-Business,Casa e Decoração,Iluminação,1145.69,14.59,True
PROD_4697,Unleash Out-Of-The-Box Deliverables,Casa e Decoração,Utilidades,39.51,15.62,True
PROD_4698,Expedite Dot-Com Info-Mediaries,Brinquedos,Eletrônicos,42.67,4.12,True
PROD_4699,Target Best-Of-Breed Supply-Chains,Livros,Acadêmicos,66.97,15.57,True
PROD_4700,Re-Contextualize Global Communities,Casa e Decoração,Tapetes,149.94,1.58,True
PROD_4701,Mesh Collaborative Synergies,Informática,Periféricos,41.73,26.46,True
PROD_4702,Harness Next-Generation Roi,Eletrônicos,Câmeras,13.01,10.36,True
PROD_4703,Orchestrate Collaborative Partnerships,Casa e Decoração,Tapetes,92.54,25.7,True
PROD_4704,Implement Extensible Solutions,Automotivo,Peças,22.84,21.08,False
PROD_4705,Aggregate Mission-Critical Users,Livros,Acadêmicos,343.43,23.01,True
PROD_4706,Target Open-Source Platforms,Informática,Periféricos,194.93,9.5,True
PROD_4707,Streamline Plug-And-Play Metrics,Moda,Calçados,36.18,6.91,True
PROD_4708,Leverage Innovative Convergence,Alimentos,Bebidas,155.55,12.26,True
PROD_4709,Whiteboard Magnetic Convergence,Moda,Calçados,46.63,0.82,True
PROD_4710,Whiteboard Value-Added Solutions,Esportes,Corrida,84.55,27.57,True
PROD_4711,Empower Front-End E-Commerce,Alimentos,Doces,85.63,11.67,True
PROD_4712,Benchmark Extensible Relationships,Esportes,Natação,60.17,29.66,True
PROD_4713,Re-Intermediate Wireless Portals,Alimentos,Importados,243.91,22.87,True
PROD_4714,Engage 24/365 Partnerships,Alimentos,Bebidas,23.5,2.51,True
PROD_4715,Benchmark B2C Platforms,Eletrônicos,TVs,171.46,19.84,False
PROD_4716,Drive Killer Niches,Saúde e Beleza,Maquiagem,129.73,8.2,False
PROD_4717,Reinvent Back-End Networks,Automotivo,Som,16.69,7.39,True
PROD_4718,Transform End-To-End Deliverables,Moda,Infantil,34.7,7.77,True
PROD_4719,Benchmark Integrated Supply-Chains,Casa e Decoração,Iluminação,24.22,27.49,True
PROD_4720,Maximize Efficient E-Business,Informática,Componentes,57.99,15.05,True
PROD_4721,Repurpose Collaborative E-Tailers,Livros,Infantil,95.4,20.12,True
PROD_4722,Leverage Clicks-And-Mortar E-Services,Automotivo,Ferramentas,29.55,8.5,False
PROD_4723,Architect E-Business E-Business,Esportes,Natação,288.0,15.74,False
PROD_4724,Orchestrate B2B Communities,Eletrônicos,Acessórios,320.33,10.57,True
PROD_4725,Syndicate Clicks-And-Mortar Vortals,Esportes,Futebol,395.96,9.7,True
PROD_4726,Optimize Scalable Channels,Saúde e Beleza,Cuidados Pessoais,10.0,7.48,True
PROD_4727,Deliver Visionary E-Commerce,Livros,Técnicos,932.44,12.33,True
PROD_4728,Repurpose Collaborative Vortals,Eletrônicos,Smartphones,109.87,19.83,True
PROD_4729,Monetize 24/7 Action-Items,Esportes,Futebol,95.27,6.74,True
PROD_4730,Engage Impactful Architectures,Saúde e Beleza,Perfumes,79.66,28.97,True
PROD_4731,Revolutionize Integrated Info-Mediaries,Informática,Redes,18.44,3.83,False
PROD_4732,Seize Extensible Deliverables,Informática,Redes,138.62,14.46,True
PROD_4733,Harness Strategic Metrics,Esportes,Ciclismo,622.87,2.64,True
PROD_4734,E-Enable Killer Communities,Automotivo,Acessórios,108.29,0.78,False
PROD_4735,Whiteboard Efficient Eyeballs,Livros,Técnicos,23.62,27.69,True
PROD_4736,E-Enable User-Centric Schemas,Brinquedos,Educativos,14.43,24.33,True
PROD_4737,Grow Holistic Portals,Automotivo,Ferramentas,63.25,20.86,True
PROD_4738,Innovate 24/7 Schemas,Informática,Notebooks,36.86,25.97,True
PROD_4739,Productize User-Centric Experiences,Livros,Autoajuda,209.16,24.11,True
PROD_4740,Seize Virtual Web-Readiness,Saúde e Beleza,Perfumes,466.15,19.45,False
PROD_4741,Cultivate Bricks-And-Clicks Bandwidth,Eletrônicos,Câmeras,158.16,25.44,True
PROD_4742,Revolutionize Cross-Media E-Commerce,Alimentos,Bebidas,81.28,11.78,True
PROD_4743,Architect Dynamic Architectures,Esportes,Natação,76.78,16.63,True
PROD_4744,Disintermediate Virtual Synergies,Moda,Roupas Masculinas,98.03,23.31,True
PROD_4745,Aggregate Visionary Relationships,Livros,Técnicos,22.38,2.64,False
PROD_4746,Mesh Dynamic Synergies,Casa e Decoração,Utilidades,185.44,25.77,True
PROD_4747,Benchmark Extensible Supply-Chains,Saúde e Beleza,Perfumes,24.61,4.79,False
PROD_4748,Transform Out-Of-The-Box Portals,Brinquedos,Eletrônicos,343.57,25.95,False
PROD_4749,Deliver Value-Added Metrics,Alimentos,Orgânicos,58.21,9.41,True
PROD_4750,Empower Robust Experiences,Casa e Decoração,Iluminação,243.95,9.87,True
PROD_4751,Empower Compelling Interfaces,Brinquedos,Veículos,15.36,2.31,True
PROD_4752,Integrate Dot-Com Niches,Moda,Infantil,241.9,26.59,True
PROD_4753,Whiteboard Leading-Edge Networks,Informática,Componentes,461.75,5.32,True
PROD_4754,Transition Proactive Info-Mediaries,Automotivo,Ferramentas,19.34,18.94,True
PROD_4755,Expedite Ubiquitous Models,Esportes,Ciclismo,78.55,19.35,True
PROD_4756,Reinvent Collaborative Experiences,Eletrônicos,Smartphones,134.54,8.51,True
PROD_4757,Engineer Sticky Paradigms,Brinquedos,Educativos,142.69,29.57,True
PROD_4758,Disintermediate Proactive E-Business,Alimentos,Orgânicos,59.89,2.02,True
PROD_4759,Productize B2C Roi,Livros,Infantil,48.47,18.28,True
PROD_4760,Cultivate End-To-End Infrastructures,Informática,Notebooks,121.99,14.44,True
PROD_4761,Deploy 24/7 Markets,Livros,Acadêmicos,137.42,7.44,True
PROD_4762,Grow Leading-Edge Vortals,Alimentos,Saudáveis,42.4,4.99,True
PROD_4763,Transform Efficient Solutions,Livros,Ficção,33.45,22.14,True
PROD_4764,Visualize Vertical Supply-Chains,Brinquedos,Eletrônicos,385.16,27.5,True
PROD_4765,E-Enable Turn-Key Communities,Saúde e Beleza,Cabelos,102.43,3.32,True
PROD_4766,Productize Bricks-And-Clicks Deliverables,Livros,Técnicos,10.0,5.9,True
PROD_4767,Implement Wireless E-Markets,Automotivo,Óleos,388.0,29.59,True
PROD_4768,E-Enable Leading-Edge Partnerships,Moda,Roupas Femininas,43.97,0.55,True
PROD_4769,Aggregate B2B Niches,Eletrônicos,Áudio,97.52,15.3,True
PROD_4770,Evolve Virtual Systems,Brinquedos,Eletrônicos,141.15,15.53,True
PROD_4771,Integrate Efficient Metrics,Casa e Decoração,Tapetes,15.17,7.97,True
PROD_4772,Aggregate Transparent Roi,Alimentos,Saudáveis,63.65,19.92,True
PROD_4773,Whiteboard Clicks-And-Mortar Content,Informática,Software,437.51,28.35,True
PROD_4774,Empower Cross-Media Initiatives,Brinquedos,Jogos,332.7,13.56,True
PROD_4775,Facilitate Plug-And-Play Networks,Saúde e Beleza,Maquiagem,63.53,22.51,True
PROD_4776,E-Enable E-Business Networks,Informática,Redes,212.51,19.42,True
PROD_4777,Re-Contextualize Plug-And-Play Infrastructures,Automotivo,Peças,248.89,14.24,True
PROD_4778,Embrace E-Business Roi,Alimentos,Doces,234.11,1.59,True
PROD_4779,Drive E-Business Roi,Informática,Redes,22.75,22.28,False
PROD_4780,Harness Vertical Communities,Livros,Infantil,645.08,10.96,True
PROD_4781,Generate Value-Added E-Tailers,Brinquedos,Eletrônicos,51.59,6.81,True
PROD_4782,Whiteboard Out-Of-The-Box Bandwidth,Moda,Infantil,102.64,28.45,True
PROD_4783,Evolve Interactive Content,Alimentos,Saudáveis,59.05,23.23,False
PROD_4784,E-Enable Dynamic Channels,Esportes,Fitness,118.59,28.87,True
PROD_4785,Monetize Scalable Architectures,Automotivo,Óleos,31.91,7.76,False
PROD_4786,Unleash Front-End Roi,Eletrônicos,Áudio,68.71,25.09,True
PROD_4787,Empower Global Networks,Alimentos,Saudáveis,112.09,18.27,True
PROD_4788,Harness Transparent E-Services,Saúde e Beleza,Vitaminas,391.34,29.45,True
PROD_4789,E-Enable Dynamic Niches,Brinquedos,Educativos,338.56,28.39,True
PROD_4790,Matrix 24/365 Roi,Livros,Autoajuda,359.77,29.19,False
PROD_4791,Envisioneer Back-End Systems,Eletrônicos,TVs,255.29,28.56,True
PROD_4792,Morph E-Business Models,Eletrônicos,Áudio,825.52,0.33,True
PROD_4793,Seize Bricks-And-Clicks Convergence,Automotivo,Óleos,63.55,22.26,True
PROD_4794,Revolutionize Customized Functionalities,Informática,Redes,74.49,8.23,True
PROD_4795,Innovate Frictionless Paradigms,Saúde e Beleza,Perfumes,70.9,21.18,True
PROD_4796,E-Enable Integrated Eyeballs,Informática,Componentes,83.65,29.42,True
PROD_4797,Incubate Best-Of-Breed E-Commerce,Livros,Autoajuda,16.06,1.28,True
PROD_4798,Seize Front-End E-Tailers,Eletrônicos,Smartphones,123.68,17.05,True
PROD_4799,Facilitate Real-Time Infrastructures,Saúde e Beleza,Vitaminas,163.25,22.08,True
PROD_4800,Deliver Best-Of-Breed Portals,Saúde e Beleza,Perfumes,66.1,7.68,True
PROD_4801,Architect Plug-And-Play Portals,Casa e Decoração,Utilidades,10.93,6.83,True
PROD_4802,Integrate One-To-One Deliverables,Brinquedos,Educativos,92.36,1.9,True
PROD_4803,Repurpose Viral Info-Mediaries,Eletrônicos,TVs,19.04,2.91,True
PROD_4804,Enable Plug-And-Play Applications,Eletrônicos,Acessórios,150.32,19.74,True
PROD_4805,Harness Out-Of-The-Box Networks,Saúde e Beleza,Vitaminas,103.87,15.21,False
PROD_4806,Synergize Robust Vortals,Informática,Software,116.84,1.0,True
PROD_4807,Scale Sticky Functionalities,Eletrônicos,Acessórios,25.2,29.09,True
PROD_4808,Seize Value-Added Communities,Saúde e Beleza,Vitaminas,409.08,19.72,True
PROD_4809,Deploy Collaborative Supply-Chains,Eletrônicos,Câmeras,110.42,15.51,True
PROD_4810,Facilitate Mission-Critical Roi,Saúde e Beleza,Maquiagem,30.05,8.25,True
PROD_4811,Redefine Synergistic Content,Casa e Decoração,Quadros,180.47,19.78,True
PROD_4812,Leverage Plug-And-Play Users,Brinquedos,Bonecas,101.22,10.99,True
PROD_4813,Reinvent Vertical Systems,Saúde e Beleza,Cuidados Pessoais,815.91,21.1,True
PROD_4814,Exploit Ubiquitous Applications,Eletrônicos,TVs,46.37,20.51,True
PROD_4815,Maximize User-Centric Interfaces,Livros,Ficção,20.15,2.87,True
PROD_4816,Syndicate Interactive Portals,Brinquedos,Educativos,127.39,27.29,True
PROD_4817,Drive Out-Of-The-Box Metrics,Casa e Decoração,Tapetes,303.28,14.66,True
PROD_4818,Facilitate Compelling Methodologies,Saúde e Beleza,Vitaminas,1462.0,11.85,False
PROD_4819,Strategize Seamless Paradigms,Livros,Técnicos,5000.0,28.67,True
PROD_4820,Re-Contextualize Bleeding-Edge Mindshare,Saúde e Beleza,Perfumes,13.98,13.2,True
PROD_4821,Transform Next-Generation E-Commerce,Informática,Notebooks,76.53,21.66,True
PROD_4822,Revolutionize Real-Time Networks,Eletrônicos,Acessórios,20.23,19.69,True
PROD_4823,Strategize Proactive Communities,Alimentos,Importados,66.9,5.04,True
PROD_4824,Deliver Frictionless Content,Automotivo,Ferramentas,1759.34,29.74,False
PROD_4825,Matrix 24/365 Networks,Moda,Roupas Femininas,33.66,13.96,False
PROD_4826,Engineer Global Channels,Informática,Notebooks,87.68,11.9,True
PROD_4827,Repurpose Open-Source Markets,Livros,Acadêmicos,44.83,27.6,False
PROD_4828,Evolve Extensible Eyeballs,Informática,Componentes,27.01,15.92,True
PROD_4829,Exploit Cross-Media Bandwidth,Esportes,Corrida,773.83,21.18,True
PROD_4830,Strategize Frictionless Bandwidth,Saúde e Beleza,Maquiagem,14.2,25.4,True
PROD_4831,Implement B2B Solutions,Saúde e Beleza,Perfumes,81.53,7.14,True
PROD_4832,Matrix Virtual Content,Moda,Roupas Femininas,100.04,5.17,True
PROD_4833,Monetize Strategic Roi,Moda,Roupas Femininas,86.52,2.15,False
PROD_4834,Incentivize Best-Of-Breed E-Commerce,Esportes,Ciclismo,61.63,26.92,True
PROD_4835,Evolve Interactive Eyeballs,Eletrônicos,Áudio,624.66,6.09,True
PROD_4836,Innovate Out-Of-The-Box Synergies,Automotivo,Ferramentas,10.0,9.3,True
PROD_4837,Syndicate Granular Convergence,Alimentos,Importados,151.98,8.65,True
PROD_4838,Transform Collaborative Schemas,Alimentos,Importados,160.32,9.21,False
PROD_4839,Innovate Impactful E-Tailers,Casa e Decoração,Utilidades,127.03,20.08,True
PROD_4840,Redefine Collaborative Web Services,Casa e Decoração,Quadros,33.21,28.63,True
PROD_4841,Synergize Plug-And-Play Action-Items,Eletrônicos,Smartphones,382.24,9.95,False
PROD_4842,Engineer Mission-Critical Architectures,Casa e Decoração,Quadros,359.95,12.29,True
PROD_4843,Enable Turn-Key Channels,Casa e Decoração,Móveis,31.84,23.16,True
PROD_4844,Strategize World-Class Technologies,Esportes,Natação,21.38,13.03,True
PROD_4845,Transition Cutting-Edge Metrics,Esportes,Futebol,16.96,27.79,True
PROD_4846,Strategize Intuitive Convergence,Casa e Decoração,Quadros,117.98,15.15,True
PROD_4847,Synthesize Proactive E-Services,Informática,Software,95.22,10.5,True
PROD_4848,Matrix Virtual Action-Items,Brinquedos,Educativos,58.36,29.15,True
PROD_4849,Disintermediate Bricks-And-Clicks Supply-Chains,Brinquedos,Bonecas,1093.98,12.83,True
PROD_4850,Deliver Clicks-And-Mortar E-Business,Eletrônicos,Acessórios,51.76,7.01,True
PROD_4851,Expedite Impactful Partnerships,Alimentos,Bebidas,112.73,5.41,True
PROD_4852,Visualize Bleeding-Edge Channels,Moda,Roupas Masculinas,71.3,29.86,True
PROD_4853,Synthesize Dynamic Paradigms,Eletrônicos,Áudio,949.32,22.61,False
PROD_4854,Architect Seamless E-Commerce,Casa e Decoração,Iluminação,10.0,12.32,True
PROD_4855,Evolve Cross-Platform Architectures,Esportes,Ciclismo,62.06,24.81,True
PROD_4856,Visualize Viral E-Commerce,Saúde e Beleza,Cuidados Pessoais,188.12,16.45,True
PROD_4857,Orchestrate Front-End Content,Informática,Componentes,68.93,9.59,True
PROD_4858,Synergize Compelling Paradigms,Livros,Técnicos,18.82,22.33,True
PROD_4859,Morph Next-Generation Roi,Esportes,Ciclismo,111.27,22.4,False
PROD_4860,Leverage Impactful Methodologies,Brinquedos,Bonecas,12.86,15.06,True
PROD_4861,Mesh Sticky Bandwidth,Esportes,Futebol,201.2,1.45,True
PROD_4862,Exploit Strategic Convergence,Informática,Software,54.82,2.4,True
PROD_4863,Innovate Mission-Critical Experiences,Moda,Acessórios,44.8,23.68,True
PROD_4864,Cultivate Wireless Synergies,Casa e Decoração,Móveis,315.89,24.72,True
PROD_4865,Leverage Turn-Key Channels,Saúde e Beleza,Maquiagem,27.01,20.38,True
PROD_4866,Maximize Integrated Methodologies,Brinquedos,Educativos,14.14,25.19,True
PROD_4867,Target Value-Added Models,Brinquedos,Veículos,30.19,21.61,True
PROD_4868,Visualize Wireless E-Commerce,Automotivo,Óleos,1049.85,26.92,True
PROD_4869,Revolutionize Scalable Content,Alimentos,Importados,26.99,4.6,True
PROD_4870,Brand Back-End Functionalities,Moda,Infantil,139.58,11.69,False
PROD_4871,Embrace Customized Mindshare,Brinquedos,Jogos,247.65,13.98,True
PROD_4872,Disintermediate Collaborative Supply-Chains,Alimentos,Orgânicos,29.15,9.0,False
PROD_4873,Iterate Bricks-And-Clicks Initiatives,Brinquedos,Eletrônicos,29.19,21.79,True
PROD_4874,Generate Virtual E-Commerce,Casa e Decoração,Móveis,111.74,27.38,True
PROD_4875,Incubate Integrated Methodologies,Alimentos,Importados,117.96,12.43,True
PROD_4876,Evolve B2C Synergies,Informática,Componentes,453.57,28.25,True
PROD_4877,Facilitate Back-End Solutions,Automotivo,Acessórios,35.76,15.55,True
PROD_4878,Deliver Ubiquitous E-Commerce,Casa e Decoração,Iluminação,57.24,15.72,True
PROD_4879,Streamline Plug-And-Play Technologies,Informática,Software,2713.72,18.05,False
PROD_4880,Integrate 24/7 Models,Saúde e Beleza,Vitaminas,10.47,8.12,True
PROD_4881,Target Bricks-And-Clicks Markets,Moda,Roupas Masculinas,10.0,11.56,True
PROD_4882,Matrix Out-Of-The-Box Portals,Moda,Acessórios,17.12,16.64,True
PROD_4883,Brand Cross-Platform Methodologies,Livros,Autoajuda,337.62,28.27,False
PROD_4884,Envisioneer Proactive Users,Livros,Técnicos,53.2,19.32,True
PROD_4885,Empower Virtual Technologies,Alimentos,Orgânicos,53.18,10.06,False
PROD_4886,Seize Next-Generation Web-Readiness,Moda,Roupas Femininas,28.27,0.41,True
PROD_4887,Grow World-Class Content,Alimentos,Doces,271.0,29.45,True
PROD_4888,Whiteboard Robust Metrics,Livros,Ficção,17.44,14.84,False
PROD_4889,Embrace Synergistic Paradigms,Saúde e Beleza,Maquiagem,44.8,28.16,True
PROD_4890,Incubate Impactful Action-Items,Brinquedos,Bonecas,29.64,16.53,False
PROD_4891,Reinvent Strategic Users,Informática,Notebooks,10.0,18.2,True
PROD_4892,Transform End-To-End Eyeballs,Esportes,Corrida,50.71,21.39,True
PROD_4893,Whiteboard Rich E-Commerce,Alimentos,Bebidas,83.85,9.7,False
PROD_4894,Productize Efficient Convergence,Saúde e Beleza,Maquiagem,35.49,21.0,True
PROD_4895,Target Interactive Deliverables,Informática,Software,65.24,15.85,True
PROD_4896,Maximize Ubiquitous Paradigms,Moda,Roupas Femininas,67.28,20.21,True
PROD_4897,Optimize World-Class Relationships,Brinquedos,Veículos,76.74,25.09,True
PROD_4898,Integrate B2B Metrics,Informática,Redes,25.41,5.61,True
PROD_4899,Drive Mission-Critical Architectures,Automotivo,Peças,23.72,18.45,True
PROD_4900,Deliver Strategic Supply-Chains,Livros,Autoajuda,95.23,1.66,True
PROD_4901,Re-Contextualize Seamless E-Commerce,Informática,Periféricos,15.31,3.15,True
PROD_4902,Strategize Vertical Roi,Esportes,Corrida,69.62,20.27,True
PROD_4903,Extend Dot-Com Experiences,Saúde e Beleza,Maquiagem,640.72,2.22,True
PROD_4904,Extend Strategic E-Commerce,Brinquedos,Educativos,85.92,17.9,True
PROD_4905,Embrace Dynamic Networks,Casa e Decoração,Quadros,10.06,6.68,False
PROD_4906,Morph Seamless E-Business,Informática,Componentes,111.7,9.19,False
PROD_4907,Deliver Interactive Markets,Eletrônicos,Acessórios,240.37,3.98,True
PROD_4908,Disintermediate Collaborative E-Tailers,Esportes,Corrida,34.66,7.54,True
PROD_4909,Engineer User-Centric Niches,Esportes,Corrida,62.88,24.66,True
PROD_4910,Extend Viral Niches,Eletrônicos,TVs,31.4,19.2,True
PROD_4911,Deliver Revolutionary Metrics,Automotivo,Som,51.7,28.5,True
PROD_4912,Strategize Viral Methodologies,Casa e Decoração,Móveis,40.5,1.56,True
PROD_4913,Envisioneer Real-Time Synergies,Livros,Ficção,151.84,23.79,True
PROD_4914,Deploy Best-Of-Breed Web-Readiness,Saúde e Beleza,Cuidados Pessoais,658.47,21.0,True
PROD_4915,Generate Next-Generation Web Services,Brinquedos,Bonecas,96.41,7.9,True
PROD_4916,Enable Efficient Niches,Saúde e Beleza,Vitaminas,14.15,21.9,False
PROD_4917,Target Turn-Key Platforms,Casa e Decoração,Utilidades,1873.04,21.52,True
PROD_4918,Enhance Magnetic Web-Readiness,Saúde e Beleza,Cuidados Pessoais,181.18,13.83,True
PROD_4919,Unleash World-Class E-Services,Eletrônicos,Câmeras,231.31,20.69,True
PROD_4920,Optimize Front-End Metrics,Esportes,Ciclismo,83.39,13.39,True
PROD_4921,Transition Ubiquitous Applications,Saúde e Beleza,Perfumes,119.02,10.13,True
PROD_4922,Deploy Open-Source Users,Alimentos,Doces,59.73,14.05,False
PROD_4923,Synergize Collaborative Schemas,Informática,Software,266.25,26.86,True
PROD_4924,Implement Cross-Platform Supply-Chains,Casa e Decoração,Quadros,50.76,11.6,True
PROD_4925,Harness Cross-Media Systems,Automotivo,Óleos,161.94,12.17,True
PROD_4926,Orchestrate Plug-And-Play Models,Alimentos,Orgânicos,288.09,18.29,True
PROD_4927,Architect Frictionless Methodologies,Eletrônicos,Smartphones,401.47,22.61,True
PROD_4928,Synergize Dot-Com Interfaces,Moda,Calçados,310.55,22.07,True
PROD_4929,Integrate Strategic Functionalities,Eletrônicos,Áudio,26.36,0.69,False
PROD_4930,Synthesize Cross-Media Infrastructures,Automotivo,Som,594.25,20.65,True
PROD_4931,Architect Out-Of-The-Box Content,Automotivo,Ferramentas,199.76,13.57,True
PROD_4932,Envisioneer Turn-Key Systems,Alimentos,Bebidas,129.89,15.77,False
PROD_4933,Innovate Plug-And-Play Web-Readiness,Informática,Componentes,149.16,16.89,True
PROD_4934,Orchestrate Frictionless E-Business,Casa e Decoração,Utilidades,74.44,21.98,True
PROD_4935,Seize User-Centric E-Markets,Livros,Ficção,51.42,24.96,True
PROD_4936,Engineer Vertical Technologies,Esportes,Natação,57.85,19.42,True
PROD_4937,Engage Holistic Action-Items,Alimentos,Importados,422.32,16.96,True
PROD_4938,Synergize End-To-End Architectures,Automotivo,Óleos,99.21,11.28,True
PROD_4939,Expedite 24/7 Platforms,Moda,Calçados,126.22,4.22,True
PROD_4940,Strategize Killer E-Tailers,Brinquedos,Educativos,96.75,28.76,True
PROD_4941,Embrace Distributed Roi,Automotivo,Peças,40.39,13.91,True
PROD_4942,Cultivate Granular Interfaces,Informática,Notebooks,10.0,17.03,True
PROD_4943,Engage Transparent Convergence,Informática,Notebooks,226.44,22.56,True
PROD_4944,Engineer Killer E-Markets,Automotivo,Som,199.4,2.15,True
PROD_4945,Productize Efficient Vortals,Informática,Periféricos,88.79,25.66,False
PROD_4946,Revolutionize Bricks-And-Clicks Functionalities,Alimentos,Saudáveis,24.33,23.93,False
PROD_4947,Transform Turn-Key Mindshare,Automotivo,Óleos,800.3,23.26,True
PROD_4948,Incubate Impactful E-Services,Automotivo,Som,59.78,0.76,False
PROD_4949,Iterate Wireless Models,Casa e Decoração,Quadros,121.26,15.84,False
PROD_4950,Engineer Plug-And-Play Technologies,Esportes,Fitness,38.71,1.72,True
PROD_4951,Transition Customized Communities,Moda,Acessórios,17.82,16.57,True
PROD_4952,Re-Contextualize Virtual Interfaces,Informática,Redes,182.65,21.58,True
PROD_4953,Envisioneer Clicks-And-Mortar Users,Casa e Decoração,Tapetes,14.87,3.74,True
PROD_4954,E-Enable Open-Source Bandwidth,Livros,Ficção,118.49,20.88,True
PROD_4955,Visualize Virtual Methodologies,Livros,Autoajuda,118.91,13.54,True
PROD_4956,Redefine Mission-Critical Architectures,Saúde e Beleza,Cuidados Pessoais,23.48,24.37,True
PROD_4957,Benchmark Next-Generation E-Markets,Alimentos,Bebidas,19.0,16.05,True
PROD_4958,Deploy Dynamic Functionalities,Alimentos,Orgânicos,35.71,10.15,True
PROD_4959,Utilize Magnetic Channels,Eletrônicos,Áudio,42.39,10.03,False
PROD_4960,Re-Intermediate Strategic Metrics,Moda,Infantil,14.36,26.93,True
PROD_4961,Maximize Transparent Web-Readiness,Automotivo,Peças,23.33,13.64,True
PROD_4962,Harness Interactive Communities,Informática,Redes,98.6,12.23,True
PROD_4963,Maximize Collaborative Methodologies,Moda,Acessórios,980.0,1.29,True
PROD_4964,Evolve Out-Of-The-Box Web-Readiness,Saúde e Beleza,Cabelos,301.62,10.99,True
PROD_4965,Extend Integrated Schemas,Eletrônicos,Acessórios,109.14,25.5,True
PROD_4966,Deliver Dynamic Communities,Casa e Decoração,Quadros,348.63,22.85,True
PROD_4967,Target Out-Of-The-Box Action-Items,Moda,Roupas Masculinas,360.16,6.71,False
PROD_4968,Reinvent Collaborative Solutions,Casa e Decoração,Tapetes,62.43,12.45,True
PROD_4969,Harness End-To-End Technologies,Livros,Acadêmicos,122.67,5.98,False
PROD_4970,Optimize Proactive E-Tailers,Informática,Software,291.04,28.63,True
PROD_4971,Maximize Plug-And-Play Bandwidth,Saúde e Beleza,Cabelos,342.88,17.98,True
PROD_4972,Incentivize Visionary Action-Items,Automotivo,Acessórios,346.85,22.66,True
PROD_4973,Generate Virtual Bandwidth,Informática,Notebooks,26.25,21.44,True
PROD_4974,Deliver One-To-One Metrics,Esportes,Fitness,368.73,26.22,True
PROD_4975,E-Enable Open-Source Communities,Alimentos,Bebidas,836.89,28.48,True
PROD_4976,Incentivize Plug-And-Play Partnerships,Saúde e Beleza,Perfumes,540.29,1.07,True
PROD_4977,Implement Robust Methodologies,Moda,Roupas Masculinas,24.47,29.26,True
PROD_4978,Innovate Transparent Deliverables,Informática,Redes,18.09,26.13,True
PROD_4979,Syndicate Integrated Partnerships,Brinquedos,Eletrônicos,157.32,11.55,True
PROD_4980,Generate Next-Generation Portals,Alimentos,Doces,528.37,25.13,False
PROD_4981,Matrix 24/7 Metrics,Alimentos,Orgânicos,118.08,22.12,True
PROD_4982,Visualize Proactive Systems,Brinquedos,Bonecas,67.9,23.81,True
PROD_4983,Syndicate Leading-Edge Technologies,Eletrônicos,Acessórios,80.78,6.7,True
PROD_4984,Exploit Impactful Paradigms,Eletrônicos,TVs,306.31,19.49,True
PROD_4985,Disintermediate Wireless Mindshare,Brinquedos,Veículos,61.2,0.88,True
PROD_4986,Whiteboard Visionary E-Commerce,Esportes,Corrida,160.32,25.46,False
PROD_4987,Generate 24/7 Platforms,Livros,Técnicos,76.98,28.54,True
PROD_4988,Orchestrate Back-End Applications,Brinquedos,Bonecas,31.0,19.9,True
PROD_4989,Engineer One-To-One Communities,Livros,Técnicos,28.22,15.43,True
PROD_4990,Disintermediate Transparent Web Services,Informática,Redes,169.08,21.8,True
PROD_4991,Facilitate B2B Action-Items,Esportes,Corrida,10.0,9.86,True
PROD_4992,Generate Compelling E-Tailers,Saúde e Beleza,Maquiagem,159.99,18.83,False
PROD_4993,Morph Mission-Critical Supply-Chains,Livros,Autoajuda,73.35,21.6,True
PROD_4994,Visualize Intuitive Bandwidth,Alimentos,Saudáveis,280.14,4.37,False
PROD_4995,Productize Holistic Action-Items,Informática,Redes,185.26,4.29,True
PROD_4996,Engineer Back-End Supply-Chains,Alimentos,Doces,94.97,21.51,True
PROD_4997,Envisioneer Visionary Supply-Chains,Esportes,Ciclismo,25.01,13.01,True
PROD_4998,Generate Customized Portals,Livros,Autoajuda,26.69,26.69,True
PROD_4999,Maximize Efficient Metrics,Casa e Decoração,Utilidades,41.51,9.43,True
PROD_5000,Integrate Global Eyeballs,Esportes,Ciclismo,255.27,1.37,False
