order_id,customer_id,product_id,quantity,unit_price,total_amount,order_date,payment_method,shipping_city,shipping_state,status,partner_source
b6f61e72-f37c-6c76-aaee-2077d490f462,CUST_25148,PROD_3244,5,2596.88,12984.4,2023-11-19,credit_card,Rios,RJ,delivered,parceiro_b
8335e23b-8f9d-bec0-e350-8032e5732f42,CUST_45863,PROD_4689,10,1411.75,14117.5,2023-11-19,debit_card,Fogaça de Cassiano,RJ,cancelled,parceiro_c
09be7bf9-0487-c620-0cec-d1edbf5a68b9,CUST_28262,PROD_1991,9,4793.81,43144.29,2023-11-19,credit_card,Andrade,PR,delivered,parceiro_b
6d227d32-b71d-6f3e-4358-ead1d79a008a,CUST_17258,PROD_0205,14,881.09,12335.26,2023-11-19,pix,Rocha de Campos,ES,delivered,parceiro_a
471663b5-3307-9e59-3289-a1f51ed88e02,CUST_09994,PROD_3477,16,2521.3,40340.8,2023-11-19,credit_card,Andrade,CE,shipped,parceiro_c
e829315b-9b0e-4ee8-d8d6-1ce2cdd68cd1,CUST_12754,PROD_4250,13,2628.3,34167.9,2023-11-19,credit_card,Jesus da Mata,SP,delivered,parceiro_a
a8664826-b1ea-af8c-ea3f-9d6803ec0b5e,CUST_06278,PROD_1687,12,4631.48,55577.76,2023-11-19,boleto,Castro de Rodrigues,RJ,delivered,parceiro_a
601363f9-7b78-1c4e-7d24-4492cb73b257,CUST_02190,PROD_1856,11,1571.92,17291.12,2023-11-19,debit_card,Sá Alegre,SC,delivered,parceiro_c
dd9ab875-80e8-3f09-1ed1-ed1a5faa03a5,CUST_17053,PROD_1543,11,3329.2,36621.2,2023-11-19,debit_card,Farias,SP,delivered,parceiro_b
23e2ba41-ebf7-2336-b854-5cb96b2c5b8e,CUST_08608,PROD_0502,10,1074.55,10745.5,2023-11-19,debit_card,Rocha das Flores,SP,shipped,parceiro_a
d5cf9aff-6ed4-44d6-fe98-54e635bc1f27,CUST_30559,PROD_2389,7,1188.75,8321.25,2023-11-19,debit_card,Santos de Novaes,SP,shipped,parceiro_c
3f2e0e37-428f-fd3f-e064-9eea1a19566d,CUST_39781,PROD_2262,18,504.86,9087.48,2023-11-19,boleto,Porto da Mata,ES,delivered,parceiro_a
d24d9d94-eb8d-a0c3-fef6-762f0b726047,CUST_34064,PROD_1506,17,3397.51,57757.67,2023-11-19,pix,Cirino de Goiás,PE,delivered,parceiro_b
48cfb361-60db-547b-2cd1-3256ed59e6de,CUST_25444,PROD_0269,16,139.64,2234.24,2023-11-19,pix,Montenegro das Pedras,SP,pending,parceiro_a
ee1e5e93-1f22-1af9-c27d-dd915d836824,CUST_31102,PROD_1320,14,2788.92,39044.88,2023-11-19,debit_card,Machado das Flores,RO,delivered,parceiro_b
7c6a4e2f-4ef6-049b-c22e-87a346bc16dd,CUST_36246,PROD_3767,15,3152.13,47281.95,2023-11-19,pix,Marques,MG,delivered,parceiro_c
e62d2336-8e17-73a5-9df7-1884e9de9c60,CUST_10294,PROD_2110,7,203.83,1426.81,2023-11-19,credit_card,Correia,RJ,delivered,parceiro_a
5ce465ed-8def-ef99-1a53-416e82149939,CUST_23201,PROD_1883,6,2518.44,15110.64,2023-11-19,pix,da Cruz,PR,shipped,parceiro_c
96cda78f-d3c2-87c2-f74e-e73b943fe812,CUST_15022,PROD_1222,17,2395.75,40727.75,2023-11-19,pix,Fernandes,GO,delivered,parceiro_c
0b53a9b4-1103-cf62-3996-174d4f0bb7ac,CUST_47215,PROD_0134,5,2362.11,11810.55,2023-11-19,pix,Lopes,SC,shipped,parceiro_a
1cdb5f72-1f39-70da-a030-e7d5a5ca0dd6,CUST_42342,PROD_4802,20,3106.41,62128.2,2023-11-19,pix,Câmara de Correia,BA,cancelled,parceiro_a
037e4e54-3e20-e2ea-ec7f-d6628d32bdfa,CUST_45517,PROD_0479,8,4151.99,33215.92,2023-11-19,pix,Porto,SP,pending,parceiro_b
03d52273-e9cb-2906-d463-33e0828542c8,CUST_45475,PROD_2848,19,3327.93,63230.67,2023-11-19,boleto,Jesus,GO,cancelled,parceiro_b
01d88a0c-920e-24fb-19c1-0c7d8250d9ed,CUST_40660,PROD_0301,4,1499.66,5998.64,2023-11-19,credit_card,Barros de Gonçalves,MS,shipped,parceiro_a
58a90074-9072-052d-726c-e2d3826cb18d,CUST_10669,PROD_1335,7,3795.87,26571.09,2023-11-19,credit_card,Carvalho dos Dourados,MG,shipped,parceiro_b
fcda5954-c6ec-a904-b8f8-e005f8038977,CUST_05545,PROD_0167,19,1245.46,23663.74,2023-11-19,credit_card,Farias de Fonseca,RS,shipped,parceiro_c
5e0dd045-4ac3-6fac-071e-5f2128bb1808,CUST_10908,PROD_3527,15,1316.33,19744.95,2023-11-19,credit_card,Camargo do Amparo,MG,delivered,parceiro_b
136048cd-854a-7129-1d3c-247799e38aa1,CUST_19136,PROD_1216,18,2995.77,53923.86,2023-11-19,debit_card,Freitas,MA,delivered,parceiro_a
d2e574e7-0210-c670-8414-5901e5750742,CUST_47736,PROD_2284,9,2486.95,22382.55,2023-11-19,credit_card,Vieira,GO,shipped,parceiro_a
e5523ad4-a41f-7923-df58-c7a4e3a95848,CUST_02439,PROD_4423,5,3921.91,19609.55,2023-11-19,credit_card,Pimenta,PE,pending,parceiro_c
674a52a1-df6f-2311-2e81-1b7ffcca1c52,CUST_33262,PROD_1033,11,4043.43,44477.73,2023-11-19,pix,Cunha do Norte,RN,delivered,parceiro_a
55aabcdc-473c-751a-5a7c-68d83c9eb6a7,CUST_47999,PROD_3982,19,2190.47,41618.93,2023-11-19,debit_card,Vieira do Sul,RJ,pending,parceiro_b
89a0f3af-10a7-0049-59da-9b43950f223b,CUST_30354,PROD_2221,1,2147.6,2147.6,2023-11-19,boleto,da Cruz,AL,pending,parceiro_a
32d249f5-b0f4-29a3-cbe3-438e74ab426c,CUST_13048,PROD_1504,18,3291.21,59241.78,2023-11-19,pix,Freitas,RJ,pending,parceiro_a
eed24e03-9423-c248-42b5-ceb840401a9f,CUST_03940,PROD_3163,2,921.29,1842.58,2023-11-19,credit_card,da Rocha de Minas,PE,delivered,parceiro_a
2273c472-70c2-741e-93f2-8e6d0e0c5dd0,CUST_29133,PROD_3103,17,336.97,5728.49,2023-11-19,pix,Farias,CE,delivered,parceiro_c
0d257a0f-481d-e4b9-4390-6265531a846f,CUST_24006,PROD_0698,12,1678.68,20144.16,2023-11-19,credit_card,Fonseca,MA,delivered,parceiro_b
6d7ae0d1-346a-d818-f49b-7402e6a37ce6,CUST_23472,PROD_2341,10,597.23,5972.3,2023-11-19,credit_card,Oliveira,PA,delivered,parceiro_c
74bf43ce-2218-bc76-7841-d8e9ed2aca05,CUST_05665,PROD_1849,20,480.35,9607.0,2023-11-19,credit_card,Sousa das Pedras,SP,delivered,parceiro_b
818a5e23-0704-4ed8-ad6d-c1f43ee29bcd,CUST_48567,PROD_2789,19,2033.16,38630.04,2023-11-19,pix,Montenegro do Sul,SP,shipped,parceiro_b
a235b46a-5b51-4d5c-18bc-0a63c6aa6b75,CUST_37738,PROD_0851,11,2357.81,25935.91,2023-11-19,debit_card,Rios Paulista,PR,shipped,parceiro_a
9218e88c-f8ed-9ead-a7f1-efdf5d5047b0,CUST_21107,PROD_2922,1,3066.82,3066.82,2023-11-19,credit_card,Vieira,PA,shipped,parceiro_b
7bbf8d85-22c5-14b0-6cee-e7840508fa92,CUST_16377,PROD_4498,18,2192.06,39457.08,2023-11-19,debit_card,Campos do Campo,MG,delivered,parceiro_b
ddda39d5-b6ca-0039-406d-297403fc69d2,CUST_14423,PROD_3643,11,1257.84,13836.24,2023-11-19,debit_card,Barbosa,DF,pending,parceiro_b
daa7f47d-7792-5ee8-9e9d-44f2b7a62250,CUST_16952,PROD_4601,14,4258.49,59618.86,2023-11-19,boleto,Guerra,SP,delivered,parceiro_b
3555a086-ac1d-f2e5-1860-ff8d8d500c68,CUST_46018,PROD_2729,16,4117.99,65887.84,2023-11-19,credit_card,Melo Verde,SP,delivered,parceiro_a
8b0bb797-9bba-a4cf-97d5-d0f03d4d2e3f,CUST_37350,PROD_1392,10,790.58,7905.8,2023-11-19,credit_card,Farias da Mata,MG,delivered,parceiro_c
52d72b0a-c83d-1b0c-f5b0-51fee7f77ae2,CUST_36724,PROD_0947,3,3328.8,9986.4,2023-11-19,credit_card,Cirino da Praia,ES,delivered,parceiro_a
7eeddf76-0255-a0a2-ce08-9498b11bb4c6,CUST_05346,PROD_3643,5,2417.12,12085.6,2023-11-19,debit_card,Rezende Paulista,RS,shipped,parceiro_b
8c40569e-0e6e-7df3-430b-0a0f52b80865,CUST_05436,PROD_1068,14,1464.89,20508.46,2023-11-19,pix,Pimenta,PB,shipped,parceiro_a
b4a7fefd-0b20-a9d6-d86b-de1dae377437,CUST_22342,PROD_1521,9,3517.39,31656.51,2023-11-19,debit_card,Mendes,PR,delivered,parceiro_c
06ffca94-bd84-6bd2-758d-a3a5ec67a870,CUST_21344,PROD_3138,3,1637.06,4911.18,2023-11-19,pix,Moura de Cardoso,ES,pending,parceiro_a
73307a37-d18f-c57c-eb8f-ff8c242ef9a5,CUST_27498,PROD_2924,11,1877.38,20651.18,2023-11-19,debit_card,Novaes,PR,delivered,parceiro_b
49fdf8dc-4b83-a254-1403-37369e1cd4e3,CUST_43225,PROD_3201,14,3261.71,45663.94,2023-11-19,boleto,Lima,SC,delivered,parceiro_a
1e33aafe-340e-946e-d88b-08cfc7e7bb46,CUST_28412,PROD_2820,12,2093.51,25122.12,2023-11-19,pix,Gonçalves,SP,shipped,parceiro_c
6be9d222-53ab-9ceb-2d29-238c1af038c5,CUST_36617,PROD_4562,12,4552.22,54626.64,2023-11-19,credit_card,Gonçalves,RJ,delivered,parceiro_a
5f62e577-9b76-5040-3119-127c07581ae4,CUST_43755,PROD_2402,19,2352.82,44703.58,2023-11-19,credit_card,Costela,SC,cancelled,parceiro_c
34f94847-89fd-0258-c5c3-eb01fbc8c50e,CUST_15330,PROD_0831,4,4144.77,16579.08,2023-11-19,debit_card,Montenegro de Goiás,CE,cancelled,parceiro_c
7c74b334-d9d9-9157-20c6-ef33013f4197,CUST_09495,PROD_2949,5,2184.09,10920.45,2023-11-19,credit_card,Souza Alegre,AL,cancelled,parceiro_c
69e514bc-8bd0-62fd-f0ea-4327e132464e,CUST_27198,PROD_3114,13,2369.94,30809.22,2023-11-19,debit_card,Vasconcelos de Mendes,MG,delivered,parceiro_a
65827386-c87b-b2de-bf2c-7d7bb326e48a,CUST_40758,PROD_0619,19,3078.27,58487.13,2023-11-19,credit_card,da Cunha do Norte,RS,delivered,parceiro_b
f61da60c-90b5-94d8-f199-f53a9950ae50,CUST_31218,PROD_3796,8,919.51,7356.08,2023-11-19,debit_card,da Luz do Galho,SP,cancelled,parceiro_b
407d86f7-3b91-871a-574b-50d2998b154b,CUST_10498,PROD_1218,2,785.24,1570.48,2023-11-19,debit_card,Montenegro de Goiás,MT,shipped,parceiro_c
5b930a49-b2d0-0a7a-ed3e-80e968e86175,CUST_39767,PROD_0199,3,2250.46,6751.38,2023-11-19,debit_card,Melo,SP,pending,parceiro_a
a784db82-317c-17bd-70d7-e0d47fed1852,CUST_14281,PROD_0944,14,1540.52,21567.28,2023-11-19,boleto,Nogueira Alegre,SP,pending,parceiro_b
4576d170-4fe8-0bd6-bc94-de43d244e520,CUST_04031,PROD_4345,10,231.89,2318.9,2023-11-19,credit_card,Pacheco,MG,cancelled,parceiro_b
3dbfc056-f5a2-6e44-ea76-ab04ceca78cd,CUST_15716,PROD_0360,3,4642.37,13927.11,2023-11-19,pix,Sampaio,SP,delivered,parceiro_c
a3a98774-dedd-69e1-cd3f-024293ca0bf0,CUST_24857,PROD_3946,7,4826.36,33784.52,2023-11-19,pix,da Conceição,SP,delivered,parceiro_a
46127957-8096-6283-b1dd-7babe9e08cfd,CUST_16171,PROD_1221,5,189.51,947.55,2023-11-19,credit_card,da Cunha,AL,delivered,parceiro_a
9470b41d-1469-ebdd-e51a-e21fe3b4897a,CUST_26545,PROD_1601,4,4690.94,18763.76,2023-11-19,debit_card,Mendes,BA,shipped,parceiro_a
8ce21a0c-6ff3-4758-bf38-e32df476cb16,CUST_09036,PROD_0702,19,3546.02,67374.38,2023-11-19,debit_card,Almeida,MG,delivered,parceiro_a
78ce4579-14e2-c412-8a55-3f6ff52ef135,CUST_26145,PROD_3576,13,2799.87,36398.31,2023-11-19,credit_card,Martins,SP,delivered,parceiro_c
c9fe017c-7ebe-8988-f70c-8ad6817cfc10,CUST_31841,PROD_4724,12,3106.13,37273.56,2023-11-19,credit_card,da Mata,RJ,delivered,parceiro_a
4a934169-baa8-5496-c6e1-2d841322e271,CUST_39121,PROD_1674,4,3094.78,12379.12,2023-11-19,credit_card,Guerra,PE,cancelled,parceiro_b
be4247cd-cae0-5c35-a151-cdef94be5d8a,CUST_11937,PROD_3561,1,2691.13,2691.13,2023-11-19,pix,Nunes,SP,delivered,parceiro_c
2038e5a0-a144-73ba-05bf-ee1c8f8c422f,CUST_33242,PROD_4092,2,4242.39,8484.78,2023-11-19,pix,Farias de da Cruz,PE,delivered,parceiro_b
b02fcb6b-0720-56e5-b0aa-c4e90f31f80c,CUST_17477,PROD_1401,5,887.73,4438.65,2023-11-19,pix,Sampaio,RR,shipped,parceiro_a
b4b74f98-9f65-58a8-036a-7cef1afdcf3a,CUST_01824,PROD_2724,20,587.84,11756.8,2023-11-19,debit_card,Castro,SP,delivered,parceiro_c
e17a2871-2114-e544-e86b-a906f16c62a5,CUST_01167,PROD_3981,15,480.54,7208.1,2023-11-19,credit_card,Andrade do Amparo,SP,delivered,parceiro_a
2fdb38fe-c87a-a371-af8b-eebd2fc27bcf,CUST_22889,PROD_2760,3,3812.27,11436.81,2023-11-19,credit_card,Pires,PR,pending,parceiro_b
fafa3838-1cb7-4ad8-d4ff-ad2d98c3570e,CUST_21867,PROD_3086,5,2432.29,12161.45,2023-11-19,pix,Souza,SP,pending,parceiro_c
2161c587-d0d5-a1fa-3373-bc0e23b63343,CUST_07190,PROD_4389,20,3458.62,69172.4,2023-11-19,credit_card,Barbosa Paulista,PE,cancelled,parceiro_a
f5b2fef7-11c8-0034-14f9-85ad68adc8c6,CUST_02397,PROD_3051,1,4026.53,4026.53,2023-11-19,pix,Borges,RN,delivered,parceiro_a
044c6010-683a-c8a9-fad5-a684cae0de10,CUST_42052,PROD_3583,13,1484.48,19298.24,2023-11-19,debit_card,Rezende de Caldeira,MG,delivered,parceiro_a
4000bea3-3d14-d285-6c34-f6a17a9809c8,CUST_37728,PROD_1707,10,2363.67,23636.7,2023-11-19,pix,Montenegro,SP,pending,parceiro_b
6f9f7d81-8b95-bd44-982e-0d37d680162d,CUST_18091,PROD_3426,4,4110.84,16443.36,2023-11-19,credit_card,Nogueira,PE,delivered,parceiro_a
348ab5f0-7216-f6c8-523e-454138a8c84f,CUST_48970,PROD_0236,9,4565.13,41086.17,2023-11-19,pix,Viana,MG,delivered,parceiro_b
99871025-b1c7-aa64-55e8-6f19e4627ca3,CUST_07078,PROD_3421,16,1699.85,27197.6,2023-11-19,boleto,Gonçalves dos Dourados,SP,delivered,parceiro_b
bab71d25-08cf-50c6-4084-20b961bb404d,CUST_03727,PROD_4154,15,2782.54,41738.1,2023-11-19,credit_card,da Rocha de Araújo,AP,cancelled,parceiro_c
09e8539c-73ae-c7b5-2603-c711e423a283,CUST_38281,PROD_3311,19,1841.27,34984.13,2023-11-19,credit_card,Andrade,BA,delivered,parceiro_b
153f70c1-ade0-2d7e-e4b2-8a7c9959b1d2,CUST_11880,PROD_4326,2,4368.2,8736.4,2023-11-19,boleto,Freitas dos Dourados,RJ,delivered,parceiro_a
4ba8e6d5-bbac-9ba0-64a0-9359a4d7033e,CUST_35166,PROD_4692,10,1197.4,11974.0,2023-11-19,credit_card,Albuquerque Paulista,BA,delivered,parceiro_a
420edd06-0a08-7d09-5a5e-1adac5e1b21c,CUST_35400,PROD_1208,5,3532.95,17664.75,2023-11-19,credit_card,Monteiro,PE,pending,parceiro_a
23500300-1cfc-6eea-dbaa-162f2f03dc1b,CUST_02127,PROD_0945,12,99.33,1191.96,2023-11-19,debit_card,Costela,SP,pending,parceiro_a
d8a08dcc-e192-ae7f-38e5-d281d3347770,CUST_49021,PROD_3622,17,761.67,12948.39,2023-11-19,pix,das Neves do Oeste,BA,shipped,parceiro_a
8817df56-cbc9-88ac-7395-f7e3088504db,CUST_00797,PROD_4582,11,4279.3,47072.3,2023-11-19,debit_card,Porto,CE,delivered,parceiro_b
a96c9a4d-a001-4202-151a-839b77108819,CUST_43994,PROD_4509,2,4180.83,8361.66,2023-11-19,boleto,da Cunha,RJ,delivered,parceiro_b
fc047c07-0e6a-0fd1-cfbf-53cdda52217a,CUST_27493,PROD_2395,16,267.0,4272.0,2023-11-19,credit_card,Sampaio,RO,pending,parceiro_b
6954a0cc-4cea-ce68-2310-aeeeaffc7bcb,CUST_18050,PROD_4259,14,4710.22,65943.08,2023-11-19,debit_card,Costela de Cunha,SP,delivered,parceiro_c
d20a4811-c4fe-2ba5-3134-815c8fed9c76,CUST_18875,PROD_4900,9,946.25,8516.25,2023-11-19,credit_card,Teixeira,SC,shipped,parceiro_a
058d96d5-39c2-8b6d-7516-8f2822d55317,CUST_45765,PROD_1101,20,1432.98,28659.6,2023-11-19,pix,Fonseca do Galho,ES,delivered,parceiro_a
7a9dd4ef-dc86-b33f-deb3-5b58aa9f635d,CUST_07681,PROD_0255,4,1465.88,5863.52,2023-11-19,pix,da Conceição do Sul,SP,delivered,parceiro_a
b23659b5-80d0-308a-7883-312e49d62cc8,CUST_29852,PROD_2338,1,3467.82,3467.82,2023-11-19,pix,Vasconcelos,RJ,shipped,parceiro_c
458e76ff-b66e-01ef-a7b7-c407b96d5898,CUST_32627,PROD_3702,2,1277.33,2554.66,2023-11-19,boleto,Caldeira da Serra,RJ,delivered,parceiro_c
047b613d-cd44-72f2-ff67-2657816f8412,CUST_31541,PROD_4829,4,3753.7,15014.8,2023-11-19,pix,Carvalho da Prata,CE,delivered,parceiro_c
643dd692-364a-ab38-7b64-c3c7e0962b6b,CUST_44318,PROD_3816,17,2698.95,45882.15,2023-11-19,pix,Camargo,SP,shipped,parceiro_a
935a78f5-c735-07a7-01f1-218eb4b7860f,CUST_08497,PROD_2340,12,1005.1,12061.2,2023-11-19,debit_card,Fernandes Verde,SP,shipped,parceiro_c
e68dd70f-6516-9476-687c-d98e0650f40e,CUST_44035,PROD_3355,20,3223.81,64476.2,2023-11-19,pix,Moraes,PR,delivered,parceiro_a
8ba95c52-e5dc-cf58-ca26-a1a149eccb94,CUST_35632,PROD_1195,18,3381.91,60874.38,2023-11-19,credit_card,Andrade de Minas,PE,shipped,parceiro_b
55918752-aa60-6d0f-ba2e-bb486405093b,CUST_43414,PROD_1270,16,1903.91,30462.56,2023-11-19,pix,da Luz do Norte,TO,delivered,parceiro_b
a98c21af-5efd-da37-83d9-43fdb4079a52,CUST_03564,PROD_4330,18,2084.49,37520.82,2023-11-19,debit_card,Leão,MS,delivered,parceiro_b
537f39c3-6f21-d2b5-3159-78c91286d45b,CUST_16999,PROD_2296,8,4203.28,33626.24,2023-11-19,credit_card,Santos,ES,pending,parceiro_b
27734e70-dfbe-5aa9-5664-1429390b53fb,CUST_17267,PROD_3167,8,4111.36,32890.88,2023-11-19,boleto,Santos de Novais,SP,shipped,parceiro_c
a967902a-6ef4-3066-0954-cd6f16187add,CUST_35992,PROD_0535,5,4451.58,22257.9,2023-11-19,credit_card,Farias,MG,delivered,parceiro_a
a50a0872-488b-45e9-b76b-341e7c4f48fd,CUST_04484,PROD_0629,19,781.73,14852.87,2023-11-19,credit_card,Ribeiro da Prata,SP,delivered,parceiro_c
d8097b81-58fc-a25e-2de3-f2980bb9e702,CUST_03143,PROD_0403,11,830.82,9139.02,2023-11-19,credit_card,Peixoto,PA,delivered,parceiro_b
daf55caa-6100-4d41-8ebe-df6400591d77,CUST_06425,PROD_4046,13,2217.3,28824.9,2023-11-19,credit_card,Borges de Nunes,BA,delivered,parceiro_a
090d8e28-0b68-d92b-6785-96bf390bf57d,CUST_16960,PROD_3823,2,2931.51,5863.02,2023-11-19,credit_card,Rodrigues,SP,delivered,parceiro_a
d5faa848-0019-ca5c-1373-23d13263c64a,CUST_17894,PROD_0721,5,4160.83,20804.15,2023-11-19,credit_card,Silveira do Galho,MG,delivered,parceiro_b
2b0841aa-c82c-a734-c8e4-3721ef6d6d2a,CUST_46180,PROD_2424,19,1022.53,19428.07,2023-11-19,pix,Cassiano de Minas,BA,delivered,parceiro_b
c45e97b8-47d7-a733-4a2e-ff2a6a3fc47a,CUST_37757,PROD_3264,13,4481.24,58256.12,2023-11-19,pix,Costa da Praia,SP,delivered,parceiro_c
facee4d5-552d-9bc4-8992-ec729202e303,CUST_18110,PROD_2728,4,4024.55,16098.2,2023-11-19,credit_card,Oliveira,PR,pending,parceiro_a
d673fd6e-64b5-976f-c499-2ac0af4929ea,CUST_37757,PROD_4605,18,1224.92,22048.56,2023-11-19,credit_card,Fonseca Alegre,MG,cancelled,parceiro_b
3af54505-2e62-cf24-4366-266cbfe0e8af,CUST_28523,PROD_0198,9,468.53,4216.77,2023-11-19,credit_card,Cunha de Cunha,GO,delivered,parceiro_a
c9bf8b9f-98b4-783c-0851-6c5caf1a63d6,CUST_00779,PROD_0930,12,3044.97,36539.64,2023-11-19,pix,da Mata de Goiás,SP,cancelled,parceiro_a
75ae39e1-de59-5164-a7ef-7b79abd3af6b,CUST_29167,PROD_0291,6,770.73,4624.38,2023-11-19,debit_card,Guerra,MS,cancelled,parceiro_a
5b03fe5f-2a98-6418-a7e4-140434468b78,CUST_05755,PROD_4937,7,15.74,110.18,2023-11-19,pix,Lopes,RJ,delivered,parceiro_a
af462580-5b82-56bb-bd2b-159024e1c48e,CUST_26972,PROD_4395,4,1303.07,5212.28,2023-11-19,pix,Gonçalves,SP,delivered,parceiro_b
d2a56d83-1b9b-77f3-1336-b641889368e6,CUST_25001,PROD_0701,12,4895.16,58741.92,2023-11-19,credit_card,Farias do Oeste,RJ,delivered,parceiro_b
57fd8454-5a67-2252-0fd9-be3f65b9de8a,CUST_39461,PROD_4588,11,2061.81,22679.91,2023-11-19,boleto,Pereira do Campo,GO,shipped,parceiro_a
cad5cd20-cacb-f114-f29f-2ff67b4aabf6,CUST_05580,PROD_4741,8,1954.83,15638.64,2023-11-19,pix,da Rosa,PR,delivered,parceiro_c
782e895c-d7ee-df85-e00d-dd7cae79b580,CUST_39694,PROD_2140,14,1147.39,16063.46,2023-11-19,credit_card,Castro do Sul,SP,delivered,parceiro_a
f366cc4c-8832-fc2d-5f32-7a3ce6ee2916,CUST_34963,PROD_1047,9,4831.25,43481.25,2023-11-19,debit_card,Fogaça Paulista,BA,delivered,parceiro_b
9807f807-2c53-8377-6c53-05a92b1b93ef,CUST_03047,PROD_3864,7,1772.38,12406.66,2023-11-19,credit_card,Montenegro,PI,delivered,parceiro_a
c8c8a7e6-22bc-70d4-2846-623101a953b2,CUST_12184,PROD_0695,20,2848.62,56972.4,2023-11-19,pix,Pacheco,MG,delivered,parceiro_b
d11787ac-2ede-b9fe-25c5-f8365c9469b3,CUST_31088,PROD_3990,20,4078.34,81566.8,2023-11-19,debit_card,Barbosa do Norte,SC,delivered,parceiro_a
fd210aa3-541e-6444-bd1d-8b61844d36ab,CUST_10368,PROD_2153,1,836.52,836.52,2023-11-19,credit_card,Gomes,MG,delivered,parceiro_a
4aca7b5f-1324-a61c-fa9a-da99b328c8d3,CUST_10132,PROD_4955,17,2137.98,36345.66,2023-11-19,pix,Vieira,ES,delivered,parceiro_a
445954ba-c76a-07e2-63e7-96dd99dc24d6,CUST_00059,PROD_2334,6,1309.07,7854.42,2023-11-19,credit_card,Abreu Grande,RJ,delivered,parceiro_b
be3076aa-b603-169e-e555-5b02725930c3,CUST_47764,PROD_3883,20,4304.81,86096.2,2023-11-19,credit_card,da Mata da Prata,BA,cancelled,parceiro_a
8e66d061-3333-c262-825a-b2a66e728326,CUST_32432,PROD_2920,11,3812.95,41942.45,2023-11-19,credit_card,Pereira das Pedras,RS,delivered,parceiro_a
61676a5f-c38d-4d0a-07aa-81a9221f8714,CUST_11627,PROD_4718,11,4815.83,52974.13,2023-11-19,pix,da Mata de da Conceição,RS,delivered,parceiro_c
6bd7cffc-a55a-2084-aaa2-2d5f5233c6bf,CUST_29671,PROD_2507,13,4450.59,57857.67,2023-11-19,pix,Pastor de Vargas,CE,shipped,parceiro_a
e1697ac5-9914-c2d4-8cf3-9237b94ff69f,CUST_34277,PROD_0452,7,1908.94,13362.58,2023-11-19,boleto,Porto do Galho,SP,delivered,parceiro_b
87bc1cda-d89a-9ea7-1d8a-363fb54629e2,CUST_22623,PROD_2056,13,1707.75,22200.75,2023-11-19,debit_card,Rodrigues do Amparo,SP,delivered,parceiro_a
5a6e0db3-632f-bbbf-458f-a79defe49fdc,CUST_29563,PROD_3439,11,661.14,7272.54,2023-11-19,debit_card,Ramos da Praia,SP,delivered,parceiro_c
ae6602ea-5b6c-b549-55ae-be2454032185,CUST_22622,PROD_4612,20,1664.67,33293.4,2023-11-19,debit_card,Cunha de da Conceição,RJ,delivered,parceiro_b
d3b9aa1c-813d-fd19-ef2b-eccc798f5068,CUST_26341,PROD_0714,13,524.13,6813.69,2023-11-19,credit_card,Mendes das Pedras,ES,delivered,parceiro_c
afd85cf3-51ba-0928-eb0c-3b1c3be439c3,CUST_31354,PROD_1564,9,947.85,8530.65,2023-11-19,pix,Rocha,MT,delivered,parceiro_a
03f3ec2e-7f6d-41e7-4a61-ec1135b23fec,CUST_31644,PROD_3647,2,279.75,559.5,2023-11-19,credit_card,Andrade Grande,AL,cancelled,parceiro_b
f145b924-eb1b-c741-7839-6200ac040516,CUST_42110,PROD_0712,7,4995.35,34967.45,2023-11-19,pix,Oliveira da Serra,MG,delivered,parceiro_b
deb740f9-d38a-2130-e0d3-f2d5520b9897,CUST_13297,PROD_4926,9,3592.5,32332.5,2023-11-19,pix,Dias,PE,delivered,parceiro_c
b823e425-df0d-b31b-d102-c5e7b6901c5e,CUST_41376,PROD_4354,8,3805.08,30440.64,2023-11-19,credit_card,Fernandes,PR,delivered,parceiro_b
62b995c6-7743-dd09-ce4a-093cceb7e0f1,CUST_21680,PROD_4716,5,315.46,1577.3,2023-11-19,credit_card,da Paz,SP,cancelled,parceiro_a
af061b75-bb95-71ce-c9a0-6337e7f64337,CUST_01900,PROD_4079,14,4363.6,61090.4,2023-11-19,debit_card,da Paz de Farias,RJ,delivered,parceiro_b
e9933b27-83a0-1002-9026-e36c0cd44f36,CUST_37729,PROD_1910,12,3245.44,38945.28,2023-11-19,pix,da Cruz de Peixoto,MG,delivered,parceiro_a
e34b6494-551d-1cff-c926-f23fdc9ce814,CUST_07233,PROD_1213,13,3956.17,51430.21,2023-11-19,pix,Macedo de Câmara,PA,shipped,parceiro_a
ccb7f745-6a4f-3e72-a45c-cfb0f2032b34,CUST_23566,PROD_4003,13,3146.34,40902.42,2023-11-19,credit_card,Mendonça Alegre,SP,cancelled,parceiro_a
199911b2-3233-6410-fff7-2d6299337ab0,CUST_18770,PROD_0905,8,2878.86,23030.88,2023-11-19,credit_card,Moraes Alegre,MG,delivered,parceiro_b
5fb613a4-5e16-3084-1fd1-11dc9a4c55a6,CUST_39668,PROD_4517,5,1791.79,8958.95,2023-11-19,pix,Gonçalves,MG,pending,parceiro_a
77a75fd1-46e6-3b2f-6442-07cb2bc4aef5,CUST_06017,PROD_4618,15,2321.96,34829.4,2023-11-19,credit_card,Sales,BA,delivered,parceiro_b
16bee5e7-74ef-a97a-234c-7a49a3355f30,CUST_13257,PROD_1552,17,2229.33,37898.61,2023-11-19,credit_card,Casa Grande,PB,shipped,parceiro_b
d3c7530e-0324-b961-eae2-ddb9dac91f07,CUST_21860,PROD_3756,11,1374.5,15119.5,2023-11-19,pix,Costela,SP,delivered,parceiro_c
c3610b62-ac73-0e6a-d7e3-949ee3b20816,CUST_49311,PROD_4528,9,570.97,5138.73,2023-11-19,credit_card,Silva de Câmara,BA,delivered,parceiro_b
ebd8c93f-7216-c2b4-8e08-e3f6435e0d4a,CUST_08751,PROD_0940,16,2191.95,35071.2,2023-11-19,debit_card,da Costa do Sul,ES,shipped,parceiro_a
97bd98c0-ac60-4bb0-1e86-95b63d3c0658,CUST_37564,PROD_4575,18,1276.71,22980.78,2023-11-19,pix,da Luz,SE,delivered,parceiro_b
54af6632-9779-9cf6-257e-a01d4f34f75d,CUST_30633,PROD_1591,8,581.63,4653.04,2023-11-19,credit_card,Rios do Norte,RJ,delivered,parceiro_a
28de9171-c048-4e6c-be29-cebc0f34721f,CUST_22837,PROD_2494,2,4469.91,8939.82,2023-11-19,debit_card,Aparecida de Machado,PE,shipped,parceiro_c
98fbd30c-a529-4d18-4888-b737cdcd1a9e,CUST_20628,PROD_3419,8,3946.52,31572.16,2023-11-19,pix,Barbosa de Ramos,DF,delivered,parceiro_a
357bc472-1e55-3e96-0403-dc687f93d9bf,CUST_28107,PROD_0737,11,2612.08,28732.88,2023-11-19,debit_card,Pereira Paulista,AL,delivered,parceiro_a
dfdd17b1-dad0-601c-0ba4-5362c87aa53d,CUST_40917,PROD_3734,20,652.95,13059.0,2023-11-19,credit_card,da Luz,DF,cancelled,parceiro_a
2f47bfd0-e0be-cb31-cb91-288151322028,CUST_16949,PROD_4156,4,3533.14,14132.56,2023-11-19,credit_card,Caldeira,GO,delivered,parceiro_a
43f00e15-9b6a-0ba6-53df-e44c500dd010,CUST_34200,PROD_4279,8,4823.13,38585.04,2023-11-19,credit_card,Moura de Goiás,SP,cancelled,parceiro_c
78eb6d41-7962-8d64-5eb9-b3d72832f0d6,CUST_39896,PROD_4549,16,3216.94,51471.04,2023-11-19,credit_card,da Cunha,SP,cancelled,parceiro_b
b2d795f9-43be-067f-e1a1-b27adb43c338,CUST_31948,PROD_2618,17,3300.47,56107.99,2023-11-19,pix,da Rosa da Serra,SC,delivered,parceiro_a
5e0fb945-ad15-459f-af19-3121441cde04,CUST_22208,PROD_3791,16,1519.22,24307.52,2023-11-19,pix,Siqueira,RJ,delivered,parceiro_a
b3293a9b-d6ce-6370-d55d-74cf95030162,CUST_31146,PROD_2175,18,2903.79,52268.22,2023-11-19,debit_card,Cardoso,RJ,shipped,parceiro_a
a550af71-234e-6b61-2210-b14df4c65614,CUST_22735,PROD_4587,12,4412.94,52955.28,2023-11-19,boleto,Novaes Verde,BA,delivered,parceiro_c
74cf12cd-a763-a6a0-6998-09a0efb55377,CUST_49065,PROD_2170,6,915.91,5495.46,2023-11-19,debit_card,da Mota Alegre,MG,delivered,parceiro_a
b23e86b8-76c5-10e9-39ca-2fd2f1263c38,CUST_16686,PROD_1642,20,2064.4,41288.0,2023-11-19,pix,Aragão,RJ,delivered,parceiro_a
9ff9fbd0-28a2-4ea0-d960-ba1e0f3d8257,CUST_16801,PROD_1490,4,3846.8,15387.2,2023-11-19,credit_card,Moreira Paulista,PE,pending,parceiro_a
b5de69a3-3611-4211-fcaa-8cbb6fa0d235,CUST_24063,PROD_4125,5,402.14,2010.7,2023-11-19,pix,Caldeira,SP,delivered,parceiro_b
6eaf8d5f-a41a-3c9a-9c75-9d489b4e2106,CUST_39249,PROD_3483,10,1324.28,13242.8,2023-11-19,debit_card,Campos,CE,delivered,parceiro_a
bb8eec08-ac98-8486-3396-93dd2524dd75,CUST_36603,PROD_0678,1,2634.83,2634.83,2023-11-19,credit_card,Garcia da Mata,SP,pending,parceiro_c
58000978-d55e-4dcb-39bb-c4a3ec821dca,CUST_23388,PROD_0390,13,4339.36,56411.68,2023-11-19,credit_card,Castro,SP,delivered,parceiro_a
ca6e24ea-b41d-f0df-19e2-2cd29d9c59f3,CUST_03360,PROD_0310,18,1011.67,18210.06,2023-11-19,credit_card,Moreira de Moraes,SP,delivered,parceiro_a
3dff1771-9854-8b7c-9328-124fad898a15,CUST_20572,PROD_2772,3,544.47,1633.41,2023-11-19,pix,Carvalho do Oeste,SP,delivered,parceiro_b
cddeed5d-139c-01fc-bcc6-21d7257b0e80,CUST_10264,PROD_0654,17,3137.74,53341.58,2023-11-19,debit_card,Vieira dos Dourados,MG,delivered,parceiro_b
f5fba2fb-9a3a-7353-a6e8-ad5251f76d9a,CUST_15761,PROD_2202,5,1920.77,9603.85,2023-11-19,debit_card,Aragão da Praia,DF,delivered,parceiro_a
8376d565-ea1f-790f-0d11-a0ca174a1ed8,CUST_28863,PROD_1399,14,475.09,6651.26,2023-11-19,pix,Sampaio,MG,delivered,parceiro_a
9be8bae2-5b32-4287-14c0-4e505689744d,CUST_00670,PROD_3238,8,2527.44,20219.52,2023-11-19,pix,Montenegro,RN,delivered,parceiro_b
2e38eabb-38f6-1a06-ea10-eefdae665f10,CUST_25926,PROD_1669,14,110.38,1545.32,2023-11-19,debit_card,Mendonça do Amparo,SP,delivered,parceiro_b
ba1e60ca-e636-aaa3-1e98-0c68e34c737a,CUST_15963,PROD_1286,4,4943.11,19772.44,2023-11-19,credit_card,Nogueira,RS,delivered,parceiro_b
d54dd219-f83a-792f-f966-5fb5d4bba046,CUST_20642,PROD_0420,11,4771.57,52487.27,2023-11-19,credit_card,Carvalho,MG,pending,parceiro_b
211f6edf-901b-f487-116e-828d719136a1,CUST_15232,PROD_2479,19,485.81,9230.39,2023-11-19,boleto,Cardoso da Prata,SP,cancelled,parceiro_c
73e6b24b-9df1-67c8-5390-6d844c1eb9ba,CUST_04001,PROD_1912,10,2016.56,20165.6,2023-11-19,pix,Caldeira,DF,shipped,parceiro_b
4cdcd5d6-7318-94ef-4974-879c7e4ef43d,CUST_26250,PROD_2504,5,3190.26,15951.3,2023-11-19,debit_card,Viana de Almeida,MA,delivered,parceiro_b
d080d8fa-bc11-3ca0-396b-902df13b0c6e,CUST_34136,PROD_4996,19,773.64,14699.16,2023-11-19,credit_card,Nunes,SC,delivered,parceiro_a
57c71faf-db43-9ade-0ae6-bc2f40c71524,CUST_06221,PROD_0131,14,621.89,8706.46,2023-11-19,credit_card,Castro de Minas,BA,delivered,parceiro_c
d7d9fea8-471c-97e2-6f76-b5d9f5524fe9,CUST_47516,PROD_1828,2,4292.27,8584.54,2023-11-19,credit_card,Silva de da Paz,RN,delivered,parceiro_a
474359b2-ffa6-82c7-3db8-75ccd0fd3655,CUST_33359,PROD_0023,9,1860.99,16748.91,2023-11-19,pix,Moreira Paulista,DF,shipped,parceiro_c
0e9aa6de-b08d-87ea-edbe-3e198adb3336,CUST_14465,PROD_3071,14,1851.56,25921.84,2023-11-19,credit_card,Ramos,SP,delivered,parceiro_b
afe78fa8-4a74-bd2c-88f8-ce154026c226,CUST_37957,PROD_0655,12,1157.74,13892.88,2023-11-19,credit_card,Jesus da Mata,TO,delivered,parceiro_c
495f9919-fcc4-91ce-d60b-f4cf86439d3d,CUST_29331,PROD_3421,11,4237.22,46609.42,2023-11-19,credit_card,Ramos,SP,shipped,parceiro_a
bb69eed3-f39b-eda7-26f4-c0af0c433ec4,CUST_15866,PROD_1707,19,876.05,16644.95,2023-11-19,debit_card,Correia dos Dourados,SP,cancelled,parceiro_a
5f36cb7a-d060-9b0b-6aa3-35309c7a5f71,CUST_02234,PROD_4974,2,2721.09,5442.18,2023-11-19,credit_card,Porto do Norte,BA,delivered,parceiro_a
7cfb51b5-9cc6-d5a0-1991-38d9e4176c44,CUST_27484,PROD_4782,6,1661.59,9969.54,2023-11-19,pix,Sousa Paulista,RS,cancelled,parceiro_a
cdf09875-7b89-f8ef-fd1b-9b54d5bafdf8,CUST_15671,PROD_2719,13,1528.48,19870.24,2023-11-19,pix,Nascimento,MG,cancelled,parceiro_a
8aed4140-e5ce-90ce-fe5e-fad22b0bc591,CUST_48070,PROD_2494,7,550.03,3850.21,2023-11-19,credit_card,Araújo das Pedras,MG,cancelled,parceiro_a
fa7b4973-7c56-856f-37c9-e56cf996bf36,CUST_21049,PROD_1650,9,2308.25,20774.25,2023-11-19,pix,Cirino,SP,delivered,parceiro_c
0809de8d-6f8a-4e31-2212-9325a9d57740,CUST_11327,PROD_1166,4,2239.01,8956.04,2023-11-19,debit_card,da Mota de Vasconcelos,AL,delivered,parceiro_a
318c66a5-d0bb-be17-cd35-52c647242648,CUST_29819,PROD_0616,7,1148.83,8041.81,2023-11-19,credit_card,Pinto,SC,delivered,parceiro_c
c0dad769-25be-2b5a-9518-e4b5dc427948,CUST_18344,PROD_1319,7,2073.35,14513.45,2023-11-19,debit_card,Martins do Galho,BA,shipped,parceiro_a
492e20a9-6422-7a52-de88-277119e17f68,CUST_10821,PROD_2807,15,1798.74,26981.1,2023-11-19,boleto,Rocha do Campo,RS,delivered,parceiro_b
441ea0b2-7b6a-b8c3-11bc-ca602dae040f,CUST_27288,PROD_3050,2,725.46,1450.92,2023-11-19,pix,Costa,MS,delivered,parceiro_a
6eeb75c1-b3bd-389a-5759-0a58c2aa6550,CUST_15569,PROD_0388,11,654.97,7204.67,2023-11-19,boleto,Oliveira de Castro,MG,delivered,parceiro_c
0a6d1574-ab31-1d40-e16b-c557eca9b6e5,CUST_30802,PROD_4221,7,327.69,2293.83,2023-11-19,pix,Sales do Campo,SP,cancelled,parceiro_a
b9fceb8a-39e8-33d4-f32e-37071da3883d,CUST_02486,PROD_3123,12,4217.13,50605.56,2023-11-19,debit_card,Rocha,MG,delivered,parceiro_a
21988e99-10d4-61aa-d472-f9b94547d1df,CUST_26568,PROD_0078,18,495.84,8925.12,2023-11-19,credit_card,Santos,GO,delivered,parceiro_b
7e606697-9f89-555d-f20a-92968ac6c86f,CUST_45012,PROD_3478,4,2550.54,10202.16,2023-11-19,pix,Barros,SP,pending,parceiro_a
09385b78-dd7b-c44f-e024-473e7266c8ed,CUST_07379,PROD_4840,11,3656.61,40222.71,2023-11-19,credit_card,Ramos dos Dourados,RJ,delivered,parceiro_b
ed3d632b-d9bb-de0e-9a47-3287f70779b7,CUST_07503,PROD_2075,18,3861.18,69501.24,2023-11-19,debit_card,Pereira,BA,delivered,parceiro_b
877e643e-e96a-c3c4-82d8-9823b696f67b,CUST_32221,PROD_3822,16,3968.13,63490.08,2023-11-19,credit_card,Ribeiro de Machado,RJ,delivered,parceiro_c
31ca611a-aed4-0c3d-12e0-08d29ae1c146,CUST_11302,PROD_2516,13,1208.82,15714.66,2023-11-19,credit_card,Novais do Amparo,SP,delivered,parceiro_a
2f6a402f-f63b-4156-3e9b-12845f43bc0c,CUST_38584,PROD_4425,2,4133.4,8266.8,2023-11-19,pix,Campos de Goiás,RJ,shipped,parceiro_a
822e2a3f-d37e-1198-6b3f-f324ffcbe740,CUST_18525,PROD_4319,5,108.95,544.75,2023-11-19,boleto,Camargo,RS,delivered,parceiro_a
4781d434-407b-c616-66fe-03397eb48341,CUST_42997,PROD_2167,4,447.66,1790.64,2023-11-19,pix,Aparecida,BA,pending,parceiro_a
35124af7-adb3-e790-8acd-0568992616f1,CUST_40571,PROD_3684,19,1900.17,36103.23,2023-11-19,debit_card,Montenegro do Norte,SP,cancelled,parceiro_a
624f2b46-fb1e-dec6-aad0-10c6f47b154d,CUST_03978,PROD_1114,15,4922.27,73834.05,2023-11-19,credit_card,Teixeira de Vargas,ES,cancelled,parceiro_b
00e239a3-869e-284f-21d1-5f23cbf23887,CUST_47327,PROD_4334,7,3677.01,25739.07,2023-11-19,pix,Teixeira,SP,pending,parceiro_c
9a3274e3-a4af-198b-bf73-de55c4e4684b,CUST_22137,PROD_1750,11,1522.37,16746.07,2023-11-19,credit_card,Cardoso de Brito,SP,delivered,parceiro_b
f7b83806-a65e-ad96-5760-c9fefeedd243,CUST_43914,PROD_0259,12,2468.8,29625.6,2023-11-19,debit_card,Casa Grande de da Costa,PA,delivered,parceiro_a
e21c3bd8-51ab-84f4-d31e-4e4c491e3ee7,CUST_06275,PROD_1047,10,3273.17,32731.7,2023-11-19,debit_card,Pinto,MG,delivered,parceiro_a
df1adf3e-d8dd-1750-a532-17c46336e97c,CUST_11651,PROD_0917,7,1383.88,9687.16,2023-11-19,boleto,Albuquerque do Oeste,SP,delivered,parceiro_c
3215e4ed-77e5-26a0-e8a3-bc21983d2b4e,CUST_03085,PROD_3344,16,1058.45,16935.2,2023-11-19,boleto,Dias,RJ,pending,parceiro_a
f5c82ede-77a0-f386-7d05-540d20db10e9,CUST_21215,PROD_3246,4,2387.48,9549.92,2023-11-19,pix,Fonseca,SP,delivered,parceiro_c
9eb9696f-19f3-1d1c-a8d9-11c3220e44d4,CUST_03187,PROD_0332,16,4537.86,72605.76,2023-11-19,boleto,Pereira,RS,delivered,parceiro_a
e7c36968-76d7-a279-997b-e08ce7602a31,CUST_21648,PROD_2639,18,2588.23,46588.14,2023-11-19,debit_card,da Paz Alegre,RJ,delivered,parceiro_b
dc407e0d-5aa6-d221-2c66-41d0e522320e,CUST_11029,PROD_2938,7,3716.61,26016.27,2023-11-19,credit_card,Farias das Pedras,SP,delivered,parceiro_a
7786a317-af5f-4d58-e46c-753917d0251b,CUST_05100,PROD_1617,20,4479.45,89589.0,2023-11-19,pix,Macedo de Rodrigues,DF,delivered,parceiro_a
712a34d6-d462-d514-9a0d-1fbed94d34e9,CUST_36182,PROD_2175,18,2381.27,42862.86,2023-11-19,credit_card,Almeida,MG,pending,parceiro_c
03d192e1-17a9-6505-bca9-313b3b1de62b,CUST_02906,PROD_3072,5,2529.93,12649.65,2023-11-19,credit_card,Ramos da Serra,SP,delivered,parceiro_c
0523c8e7-11e1-7520-3cb3-fa5f71ba782d,CUST_43738,PROD_2999,9,4838.68,43548.12,2023-11-19,debit_card,Alves,SP,shipped,parceiro_b
3c03c580-830d-34ab-001b-96bef3db297e,CUST_24333,PROD_4754,4,765.74,3062.96,2023-11-19,credit_card,Cavalcanti de Pimenta,BA,delivered,parceiro_a
218210d4-af4c-459d-c93a-7551e48cc371,CUST_04288,PROD_3340,5,3730.26,18651.3,2023-11-19,credit_card,Lopes de Sampaio,BA,delivered,parceiro_a
ae483448-d239-0179-5d78-bd99b25590f6,CUST_33958,PROD_1523,6,3075.88,18455.28,2023-11-19,pix,Sales,RJ,delivered,parceiro_a
6665ab74-9688-0aea-1fae-30fcf51f673b,CUST_01130,PROD_3647,11,43.42,477.62,2023-11-19,debit_card,Lima,MG,pending,parceiro_b
dbab699e-f276-45cc-b1df-a44cb29ffaf7,CUST_25570,PROD_3743,13,2481.58,32260.54,2023-11-19,credit_card,Gomes,SP,delivered,parceiro_a
fc62354e-540e-58f4-9f3f-61476fca74fe,CUST_29566,PROD_4461,14,4412.54,61775.56,2023-11-19,pix,Cavalcanti,MG,delivered,parceiro_a
f0feebff-a820-8fd1-0ec6-b1258c1ce4cb,CUST_48126,PROD_3930,1,1617.56,1617.56,2023-11-19,debit_card,Novais de Goiás,RS,delivered,parceiro_c
a9269520-54d9-eac3-0b85-6361cbe5f45e,CUST_29552,PROD_1471,17,4174.92,70973.64,2023-11-19,boleto,Brito do Norte,MG,delivered,parceiro_b
6c9c624b-fec9-c533-d1be-e2738bbc28c5,CUST_07577,PROD_2165,7,89.05,623.35,2023-11-19,credit_card,Teixeira,SP,delivered,parceiro_a
30e959eb-aa13-2b1f-447b-b01bec6db698,CUST_43458,PROD_2870,8,784.97,6279.76,2023-11-19,debit_card,da Rosa,AL,delivered,parceiro_c
85c6a1f5-8ac6-46c7-2970-3f9dd9fab2ea,CUST_12003,PROD_2262,20,640.02,12800.4,2023-11-19,boleto,Novaes,SP,delivered,parceiro_a
c5312656-d729-955d-0e23-e65e5b02615f,CUST_37264,PROD_2926,16,1459.79,23356.64,2023-11-19,debit_card,Santos,SP,delivered,parceiro_a
412c3bfb-9ba7-000c-3083-ef681932ec2d,CUST_08538,PROD_4968,20,2000.87,40017.4,2023-11-19,credit_card,Costa do Sul,MG,shipped,parceiro_c
213b8066-47fa-d998-90a9-23ad13858d77,CUST_40008,PROD_0160,18,1408.98,25361.64,2023-11-19,pix,Oliveira,MG,shipped,parceiro_b
40349eca-5532-abac-0fe1-0f1d051baa82,CUST_33892,PROD_3928,20,3221.47,64429.4,2023-11-19,boleto,Guerra Alegre,SP,pending,parceiro_a
f9285e28-a456-e9c5-32ee-2e15347e7562,CUST_47379,PROD_1466,7,4441.12,31087.84,2023-11-19,pix,Pires,MT,delivered,parceiro_b
68bee613-2d95-c943-30ab-c62514f8ca06,CUST_07777,PROD_4972,20,3050.35,61007.0,2023-11-19,credit_card,Almeida,PR,delivered,parceiro_b
5a74ba7d-a5e4-09b6-487e-35fcc2716c5d,CUST_33776,PROD_3974,6,1799.97,10799.82,2023-11-19,credit_card,Cardoso de Martins,PE,delivered,parceiro_b
15ba038b-cd18-91d0-8ca9-17a60d857507,CUST_20522,PROD_3733,11,4956.69,54523.59,2023-11-19,pix,Silva de Minas,SP,delivered,parceiro_c
05224d3a-341e-1dce-f0dd-3af06fae51be,CUST_09126,PROD_3853,8,576.03,4608.24,2023-11-19,debit_card,Campos,SP,pending,parceiro_b
6e36e794-b43e-1985-e1c1-b310b5b7ab02,CUST_05355,PROD_3267,13,42.97,558.61,2023-11-19,pix,Costela Paulista,AL,delivered,parceiro_a
13c95c6e-08e4-d261-7407-2d9888ce9176,CUST_42602,PROD_4384,12,202.3,2427.6,2023-11-19,pix,Viana,RJ,cancelled,parceiro_c
d67838c8-1310-a4a1-1746-c744aa175dc5,CUST_37076,PROD_4664,10,344.48,3444.8,2023-11-19,debit_card,Moraes,BA,cancelled,parceiro_c
a7597daf-cf92-9b11-a20d-d48f14918b34,CUST_48935,PROD_0385,9,2464.54,22180.86,2023-11-19,debit_card,Pastor,MS,delivered,parceiro_b
4ff67365-ede8-991d-3643-59eb12395519,CUST_14241,PROD_4053,4,604.7,2418.8,2023-11-19,pix,Novaes Alegre,PR,shipped,parceiro_b
d2d5e3bb-26ab-438a-352d-4b9156d15ed6,CUST_25502,PROD_3477,6,1835.69,11014.14,2023-11-19,credit_card,Porto de da Rocha,SP,delivered,parceiro_c
b475f926-a592-da67-c1e9-6975f37621cf,CUST_44707,PROD_4484,17,4002.91,68049.47,2023-11-19,pix,Moreira,SC,shipped,parceiro_a
04b5c506-99ea-4831-a475-92fe2f55c756,CUST_00773,PROD_2615,5,1643.14,8215.7,2023-11-19,debit_card,Martins das Pedras,RS,delivered,parceiro_a
12d77b8c-12ef-2b5c-d502-45d79576f772,CUST_36236,PROD_1639,15,2705.6,40584.0,2023-11-19,pix,Araújo de Correia,BA,delivered,parceiro_c
824609cd-b40a-52b9-14d3-b01be5f459b5,CUST_32378,PROD_2165,2,3103.52,6207.04,2023-11-19,pix,Nunes Verde,SP,delivered,parceiro_b
4ea6a44a-727d-1391-c850-822f7e930606,CUST_09647,PROD_1125,15,2086.73,31300.95,2023-11-19,debit_card,da Mata da Mata,BA,delivered,parceiro_c
23cc32a5-a829-5277-e1da-b5ae956f7731,CUST_30873,PROD_1311,8,472.11,3776.88,2023-11-19,debit_card,da Rocha das Pedras,RJ,delivered,parceiro_c
4a71061c-418a-3002-85da-523a05f4c6c8,CUST_38610,PROD_1268,9,207.13,1864.17,2023-11-19,boleto,Camargo,GO,delivered,parceiro_a
308e7ddb-c64f-9af3-d3c9-d2db0d581f3f,CUST_03867,PROD_0443,11,4934.48,54279.28,2023-11-19,boleto,Alves,RS,delivered,parceiro_a
2c1125ce-ce0b-31c3-b9ce-ba8d7b24e496,CUST_44054,PROD_2955,3,1718.27,5154.81,2023-11-19,credit_card,Cardoso da Prata,SP,delivered,parceiro_a
2f862e84-e63d-9fa0-90fe-8d2346f34adb,CUST_15524,PROD_1351,7,734.86,5144.02,2023-11-19,pix,Rocha do Norte,RS,delivered,parceiro_a
50f3a893-3b6d-0448-250f-23263fe0065e,CUST_06603,PROD_2907,19,845.02,16055.38,2023-11-19,credit_card,Cavalcante,RS,delivered,parceiro_b
7670b024-09d4-2634-4ec4-4f86e75a0748,CUST_39746,PROD_2002,13,1381.07,17953.91,2023-11-19,credit_card,Fernandes de da Luz,MG,pending,parceiro_a
8498e913-7d88-e2cd-b7fa-f35e545db809,CUST_16480,PROD_3934,12,3636.04,43632.48,2023-11-19,pix,Correia de Monteiro,PR,delivered,parceiro_a
9a6a4bb4-d855-316c-1e41-31dc93d474af,CUST_22694,PROD_4428,15,1100.54,16508.1,2023-11-19,pix,Costa,SP,delivered,parceiro_a
1976c2a8-6780-c25f-93c5-d85361e3731c,CUST_39605,PROD_4314,1,4407.02,4407.02,2023-11-19,debit_card,Martins de Minas,PR,cancelled,parceiro_c
6502e352-d6c4-a5be-c249-fadbe3a2537e,CUST_47884,PROD_4527,8,1259.96,10079.68,2023-11-19,credit_card,Garcia,RJ,delivered,parceiro_b
ff13387a-587e-ef5f-1139-51aa649b9b2a,CUST_40924,PROD_4245,2,674.67,1349.34,2023-11-19,pix,Cavalcante,DF,delivered,parceiro_c
f31cde6e-3756-2e62-ff88-c872138b791e,CUST_21066,PROD_0859,14,3585.95,50203.3,2023-11-19,boleto,da Cruz Alegre,MG,delivered,parceiro_c
c82b661b-3d25-e391-14c9-468b0366bf1b,CUST_33409,PROD_1437,13,4160.68,54088.84,2023-11-19,pix,Cavalcante,MG,delivered,parceiro_a
4a9ad15d-57bd-fca1-a58d-0b9784ff318d,CUST_34088,PROD_4477,9,1905.41,17148.69,2023-11-19,debit_card,Pires,CE,delivered,parceiro_c
f7a1787d-d46b-0efc-06e7-ef81d32aba79,CUST_21247,PROD_1581,3,4260.09,12780.27,2023-11-19,credit_card,Souza de Rezende,SP,delivered,parceiro_a
04c61d5f-9df6-09c9-86b2-2f5763728dd8,CUST_43464,PROD_4655,3,4497.37,13492.11,2023-11-19,pix,Lima das Flores,BA,delivered,parceiro_b
b78455f7-7d59-39f4-8bc9-95bb4fc1ad2c,CUST_30575,PROD_0910,19,4605.49,87504.31,2023-11-19,credit_card,Rezende de Goiás,RS,delivered,parceiro_a
e7754d75-cec4-4605-a78d-ae41be2bf706,CUST_17460,PROD_3177,15,3096.44,46446.6,2023-11-19,credit_card,Gonçalves,MA,delivered,parceiro_a
a9340d7f-4049-e135-16ce-62e3351316c6,CUST_06424,PROD_3068,11,1582.89,17411.79,2023-11-19,credit_card,Pimenta,PR,delivered,parceiro_c
95538413-9e3d-d04d-d175-cab8af89df90,CUST_15945,PROD_3805,2,2205.7,4411.4,2023-11-19,debit_card,Albuquerque do Galho,RJ,cancelled,parceiro_a
893b3251-914a-d5fa-28f5-e217dea038d9,CUST_32887,PROD_3109,11,488.34,5371.74,2023-11-19,credit_card,Sousa da Serra,AM,delivered,parceiro_b
5f3591e3-6549-dd31-6d44-b38007d41aab,CUST_13135,PROD_3685,12,1237.89,14854.68,2023-11-19,pix,Camargo,ES,delivered,parceiro_a
2358e395-7572-1748-7689-279ff71dc20f,CUST_34487,PROD_1395,5,349.96,1749.8,2023-11-19,pix,Melo Paulista,RJ,delivered,parceiro_b
78a2208e-35bc-9279-2604-7d2a6773094c,CUST_13593,PROD_3028,6,2008.42,12050.52,2023-11-19,credit_card,Moraes dos Dourados,RJ,pending,parceiro_b
3fa8a513-76a0-80f3-fa33-769f99b42787,CUST_48260,PROD_3199,5,4315.59,21577.95,2023-11-19,boleto,Barbosa de Goiás,MG,delivered,parceiro_c
6f51b3d2-6d80-72fa-1c50-c295e50926c5,CUST_35488,PROD_1477,1,3577.39,3577.39,2023-11-19,debit_card,Fogaça,SP,delivered,parceiro_a
51bdc8a0-b38a-7973-a3c1-0fdc4d985137,CUST_40887,PROD_2780,8,4667.76,37342.08,2023-11-19,credit_card,Rios,RS,delivered,parceiro_c
fcd1df7b-1c67-d42a-0bf1-d53eccbd87da,CUST_06865,PROD_3851,3,2282.44,6847.32,2023-11-19,pix,Dias de Rocha,RJ,delivered,parceiro_a
932dfb1c-fd54-82b6-6b84-3495e5b764e9,CUST_30891,PROD_3825,18,2481.54,44667.72,2023-11-19,pix,da Cunha de Cavalcante,SP,pending,parceiro_a
4679173c-882d-a9d3-6142-3c470e05a8f1,CUST_48373,PROD_2449,8,2118.26,16946.08,2023-11-19,pix,Pimenta dos Dourados,RJ,delivered,parceiro_a
c45b4144-eb0d-7ea7-b36e-a30a722ae594,CUST_06613,PROD_0202,2,870.75,1741.5,2023-11-19,credit_card,Cavalcanti do Amparo,SP,cancelled,parceiro_b
d38ba911-9f14-79d2-8711-e570762a20c7,CUST_11616,PROD_0532,5,25.24,126.2,2023-11-19,pix,Moraes,PR,delivered,parceiro_a
c4bdd543-116e-578d-231c-1dfcb8193135,CUST_32348,PROD_2161,10,2188.58,21885.8,2023-11-19,pix,Câmara,RS,delivered,parceiro_b
72e20ded-e888-00e2-1acc-517b865f1fc7,CUST_48567,PROD_3068,2,1739.76,3479.52,2023-11-19,credit_card,Sousa da Prata,MG,delivered,parceiro_c
5584e041-7603-cac4-7eaa-26b33867396a,CUST_08150,PROD_1951,12,4119.4,49432.8,2023-11-19,pix,Rodrigues,MG,delivered,parceiro_b
2a56b7a7-1fdb-9c73-a79e-d76ef39f37cb,CUST_45124,PROD_1478,8,2171.07,17368.56,2023-11-19,pix,Albuquerque,PR,shipped,parceiro_b
e6f1713b-67d2-c2dd-d9e5-30a7f9c1a176,CUST_04926,PROD_1288,17,760.49,12928.33,2023-11-19,credit_card,Macedo,RJ,cancelled,parceiro_a
1af9c735-b84a-93ca-f1cc-09f78fde801e,CUST_01380,PROD_2495,6,2156.76,12940.56,2023-11-19,boleto,da Paz do Campo,PR,cancelled,parceiro_a
0d4ba24b-68f9-a797-3e2b-0267f8751bc5,CUST_25217,PROD_4577,13,4360.6,56687.8,2023-11-19,debit_card,da Paz Verde,RS,delivered,parceiro_b
76275315-75a9-70bc-7741-0454d2a428dc,CUST_31416,PROD_1371,18,3266.01,58788.18,2023-11-19,credit_card,Gonçalves,DF,shipped,parceiro_a
a0bb1feb-ca5b-fb33-99f7-7a7b9e4a0e96,CUST_42722,PROD_0947,2,191.85,383.7,2023-11-19,debit_card,da Costa,PE,shipped,parceiro_b
318d4856-75b4-7ea9-fd4b-5b04aceabc64,CUST_23962,PROD_1203,3,768.69,2306.07,2023-11-19,credit_card,Teixeira da Serra,RJ,delivered,parceiro_c
f97bd34f-7d67-6594-093f-1dc72dc0b404,CUST_38703,PROD_1506,16,3493.85,55901.6,2023-11-19,boleto,Albuquerque,GO,delivered,parceiro_a
9e920e7d-87ac-ef8f-8ac9-2baad7d1f925,CUST_11678,PROD_4019,9,1865.36,16788.24,2023-11-19,pix,Costela,MG,delivered,parceiro_b
c175f2e7-c238-789a-5515-9de0d79cc037,CUST_34796,PROD_1470,13,1800.06,23400.78,2023-11-19,debit_card,Pacheco de Gonçalves,SC,cancelled,parceiro_b
a70ce8d4-b11b-d227-8d2e-8e98f4cc4398,CUST_12889,PROD_3970,20,1695.76,33915.2,2023-11-19,credit_card,Mendonça,BA,pending,parceiro_c
6d9846dc-b754-f9ab-f1f0-87b793dc584e,CUST_37661,PROD_3794,15,4383.93,65758.95,2023-11-19,credit_card,Nascimento,MA,cancelled,parceiro_a
80356584-84d1-3b0a-386f-d1dbe75855e4,CUST_25421,PROD_0844,2,1959.77,3919.54,2023-11-19,boleto,da Costa,AM,delivered,parceiro_b
3beebbf9-1e38-7430-ff19-21261d54a0a6,CUST_08492,PROD_1879,17,2859.55,48612.35,2023-11-19,debit_card,Siqueira das Pedras,MS,delivered,parceiro_b
777862b8-78b2-2190-6403-c7b962381508,CUST_20077,PROD_3103,14,2977.88,41690.32,2023-11-19,pix,da Cruz do Oeste,PA,pending,parceiro_c
6aa6a6dd-4b0c-3b86-c61f-d6955ed24412,CUST_11026,PROD_2699,1,4808.8,4808.8,2023-11-19,credit_card,Silveira do Sul,MG,delivered,parceiro_a
1b9a4acc-167e-ff81-8b94-d7adf7ddd73c,CUST_05071,PROD_3184,10,3952.86,39528.6,2023-11-19,pix,Cavalcanti,RJ,delivered,parceiro_b
93cfde63-4343-ab55-620a-10763b54ed98,CUST_34577,PROD_4187,7,140.13,980.91,2023-11-19,pix,da Costa de Pastor,SP,delivered,parceiro_b
a3df987b-5130-928b-0283-2d9aa61c2da0,CUST_31486,PROD_4031,11,2624.85,28873.35,2023-11-19,debit_card,Gomes do Galho,MG,delivered,parceiro_a
990987da-4187-0981-e8b4-ee905c031bc8,CUST_40133,PROD_0227,18,3362.42,60523.56,2023-11-19,credit_card,Viana Paulista,SP,delivered,parceiro_c
7d6e1cd1-850e-aff5-9935-02141268712b,CUST_18739,PROD_3119,17,3441.66,58508.22,2023-11-19,pix,Albuquerque do Sul,AC,shipped,parceiro_a
5410047e-9c9c-0f7f-e455-ffd6cfa650f2,CUST_23988,PROD_0274,19,1983.63,37688.97,2023-11-19,pix,Casa Grande,GO,cancelled,parceiro_c
560c02cd-be8c-e0cb-d8f9-959722d53af0,CUST_48447,PROD_1639,15,642.57,9638.55,2023-11-19,debit_card,da Conceição Grande,SP,delivered,parceiro_b
b4434e37-c197-3110-e0d5-90e376eab4ea,CUST_22451,PROD_4712,20,1720.23,34404.6,2023-11-19,boleto,Pimenta de Câmara,RJ,delivered,parceiro_b
0369cecb-4086-1520-19d9-6235b3517543,CUST_19596,PROD_3422,4,2997.94,11991.76,2023-11-19,pix,Mendonça da Serra,ES,delivered,parceiro_a
a5e6e321-d797-18f5-a52b-0a278222b709,CUST_20554,PROD_3211,18,4601.03,82818.54,2023-11-19,pix,Costa,SP,delivered,parceiro_b
07475dc2-6994-8bb7-2090-f46f883749a5,CUST_06059,PROD_0946,15,3157.02,47355.3,2023-11-19,debit_card,Mendonça de Leão,PR,delivered,parceiro_a
34690fc0-e76c-1c9b-32d9-178f6bf14407,CUST_47390,PROD_2113,14,4011.83,56165.62,2023-11-19,boleto,Dias das Pedras,BA,delivered,parceiro_b
a18a3c2e-0bc8-839f-18da-009fdde77685,CUST_08306,PROD_2220,18,1189.64,21413.52,2023-11-19,pix,Gonçalves,RJ,shipped,parceiro_c
8801dc2f-9968-92c4-e41b-838d63041cf5,CUST_46219,PROD_3387,6,1534.97,9209.82,2023-11-19,credit_card,Peixoto,RJ,pending,parceiro_c
771ce046-5b72-77c6-14bd-f164fc86fe40,CUST_28285,PROD_3178,16,2503.0,40048.0,2023-11-19,pix,Ferreira de Aragão,PR,delivered,parceiro_b
7234a40a-606f-3f3a-333e-c7c7856c3ce3,CUST_00657,PROD_2926,18,1595.66,28721.88,2023-11-19,debit_card,Farias,SC,delivered,parceiro_b
8f1ca9a8-e6d2-0d6f-1e40-4e5526fb9991,CUST_02263,PROD_4063,10,3349.78,33497.8,2023-11-19,credit_card,Borges,SP,shipped,parceiro_a
564c7435-f109-978c-44b1-b24e2448377d,CUST_34227,PROD_2306,19,1750.89,33266.91,2023-11-19,debit_card,Sá,SC,shipped,parceiro_b
1a54abda-a504-398b-deb7-f905ea732206,CUST_48015,PROD_1649,9,4551.51,40963.59,2023-11-19,credit_card,da Paz Alegre,BA,delivered,parceiro_a
f76201e6-54db-c366-edb3-b4fa7bd98ac2,CUST_23810,PROD_3410,2,2347.71,4695.42,2023-11-19,pix,Alves do Oeste,SP,cancelled,parceiro_c
502ba708-fae9-3f84-2783-99839fbf4d4e,CUST_40874,PROD_1113,6,2794.03,16764.18,2023-11-19,credit_card,da Rosa do Amparo,SP,delivered,parceiro_b
955e012c-7b95-e0ac-0232-53d80b0fd02f,CUST_38051,PROD_2329,12,2216.76,26601.12,2023-11-19,debit_card,Moreira,GO,cancelled,parceiro_a
beb5b83e-7ce9-cb88-5077-62655f137594,CUST_41982,PROD_2831,1,749.78,749.78,2023-11-19,debit_card,Rios de Nascimento,PA,delivered,parceiro_b
e498598d-f896-be42-0524-fb16de4686ae,CUST_28635,PROD_2022,13,4317.74,56130.62,2023-11-19,pix,Ribeiro,RJ,delivered,parceiro_a
8e5bdc51-e6c6-a1cf-61f2-5bcafcb1900b,CUST_00885,PROD_1862,7,1365.44,9558.08,2023-11-19,debit_card,Guerra,RS,delivered,parceiro_b
f35cfd32-c0b8-a8c8-f277-f1dd70ce5865,CUST_16845,PROD_3098,2,2784.97,5569.94,2023-11-19,boleto,Barbosa de da Rocha,RJ,delivered,parceiro_b
9e659113-8d7c-7b02-225e-0d2978de3cc5,CUST_20031,PROD_0203,11,3349.17,36840.87,2023-11-19,debit_card,Carvalho,PB,delivered,parceiro_a
8567369a-ff73-c8c0-3804-7454fb24f448,CUST_35163,PROD_4511,8,1663.73,13309.84,2023-11-19,credit_card,da Costa do Sul,RJ,shipped,parceiro_b
797e041c-f3b5-0b7c-1dcb-220cf439e92f,CUST_21007,PROD_3203,17,3990.75,67842.75,2023-11-19,credit_card,Fogaça Verde,MG,pending,parceiro_b
e42270f6-3909-25ac-0c25-c74445bfc2f8,CUST_02323,PROD_4626,4,971.51,3886.04,2023-11-19,credit_card,Jesus do Norte,CE,shipped,parceiro_c
38e7fab8-b422-ccaf-11d4-565cf7b3f9ab,CUST_14584,PROD_0652,4,3944.38,15777.52,2023-11-19,debit_card,da Rosa,DF,shipped,parceiro_a
bc8cde6c-f512-4efa-d1ee-3c6637eb69a7,CUST_20994,PROD_2329,20,1018.2,20364.0,2023-11-19,debit_card,Porto,BA,delivered,parceiro_a
890cb672-9765-5e73-34b9-3aa008490337,CUST_12311,PROD_0852,16,1252.53,20040.48,2023-11-19,credit_card,Fogaça,DF,delivered,parceiro_c
b4dcc4db-256e-648b-e732-c086a4409e57,CUST_12208,PROD_2180,17,923.17,15693.89,2023-11-19,debit_card,Albuquerque,MG,cancelled,parceiro_a
af398ff1-9f96-8ee3-1668-009ffce66ba8,CUST_23030,PROD_3674,14,2042.45,28594.3,2023-11-19,credit_card,Rocha,RJ,delivered,parceiro_a
6d4379a0-dce2-24fb-dfb9-23cf628644cb,CUST_09995,PROD_0036,2,4958.42,9916.84,2023-11-19,credit_card,Ribeiro,BA,delivered,parceiro_b
e192a13f-a1ed-abf2-5831-f827b878f497,CUST_39232,PROD_1172,9,4384.97,39464.73,2023-11-19,boleto,Jesus da Mata,MG,delivered,parceiro_b
206eae5c-273c-85d1-d3ac-e8d42912d653,CUST_33044,PROD_0353,4,2292.31,9169.24,2023-11-19,boleto,Siqueira,SP,delivered,parceiro_a
d08091da-84e6-19b7-30b8-994cfee9a23e,CUST_46859,PROD_0224,3,2684.0,8052.0,2023-11-19,credit_card,Fernandes de Cavalcante,SC,shipped,parceiro_c
61e6bdde-12e0-6952-4846-f295601489da,CUST_18505,PROD_3439,5,1642.62,8213.1,2023-11-19,debit_card,Lopes,RS,delivered,parceiro_a
01a8bbdc-04dd-83f6-9c14-044e853d28c3,CUST_46003,PROD_0240,7,1400.34,9802.38,2023-11-19,debit_card,Cirino da Praia,SP,delivered,parceiro_a
11d8937a-95ae-3691-18a4-1b255f3c827d,CUST_12215,PROD_4963,7,1015.55,7108.85,2023-11-19,debit_card,Mendonça das Flores,PR,delivered,parceiro_a
961f2a20-4df3-6b73-f512-580d39a0fc17,CUST_06784,PROD_2876,6,4077.31,24463.86,2023-11-19,credit_card,Gomes dos Dourados,RJ,delivered,parceiro_c
fd519d4e-2df0-3e12-83e3-3c77b62bad21,CUST_35625,PROD_0292,9,2959.42,26634.78,2023-11-19,pix,Castro,RJ,delivered,parceiro_b
ea1df24c-d6ac-c400-bc01-d46aab5b0851,CUST_43764,PROD_4996,4,3168.26,12673.04,2023-11-19,credit_card,Siqueira da Serra,MG,delivered,parceiro_a
f1285be9-50d6-1f49-9f89-53fec7b52d23,CUST_47828,PROD_2416,1,1351.64,1351.64,2023-11-19,credit_card,Leão,PE,shipped,parceiro_a
fbdd4156-cc1b-e07b-90b5-42cbab3f8a2e,CUST_21034,PROD_0160,19,1200.89,22816.91,2023-11-19,credit_card,Fernandes,PR,delivered,parceiro_b
be222ad1-1b28-6f10-278e-01ebe76c791a,CUST_45545,PROD_3074,18,1273.29,22919.22,2023-11-19,boleto,da Costa dos Dourados,BA,shipped,parceiro_c
fd84c8a5-aedd-5971-e276-1ed242ba43e7,CUST_25912,PROD_1521,2,3052.98,6105.96,2023-11-19,credit_card,Fernandes da Praia,AL,pending,parceiro_b
e05d3d1b-990f-6d49-dbd4-6f58cc94abe8,CUST_22593,PROD_0575,15,2211.04,33165.6,2023-11-19,pix,Cassiano Grande,MS,delivered,parceiro_b
1c3b6c62-3504-73dc-0271-af2d3ca9cfa3,CUST_37914,PROD_3127,5,3187.04,15935.2,2023-11-19,credit_card,Vargas de Minas,PI,delivered,parceiro_c
e2c481ff-5778-b997-6216-0d97cd02dc6c,CUST_29545,PROD_4421,2,3619.13,7238.26,2023-11-19,debit_card,das Neves,MA,delivered,parceiro_a
fc666793-ca54-5a96-901a-650fcd19ecca,CUST_41178,PROD_4409,4,743.37,2973.48,2023-11-19,credit_card,Barros,PR,delivered,parceiro_c
941077ff-987d-5372-feda-263f3175c463,CUST_15744,PROD_0926,15,3972.09,59581.35,2023-11-19,credit_card,Cavalcante Grande,RJ,delivered,parceiro_c
3991d414-67e1-6f83-cc7d-4a7f6f6ceb78,CUST_13529,PROD_1112,20,801.71,16034.2,2023-11-19,debit_card,Cardoso de Minas,PA,cancelled,parceiro_a
c9a38e48-f224-4b72-42a3-de76be0f3a61,CUST_13034,PROD_3872,3,447.05,1341.15,2023-11-19,debit_card,Alves do Sul,SP,delivered,parceiro_b
18470691-122d-be6b-850d-af2d8415c362,CUST_25126,PROD_2879,12,2462.41,29548.92,2023-11-19,boleto,Fonseca de Araújo,RR,delivered,parceiro_c
b1b948ca-1a1a-0a70-cd4c-66864848e5af,CUST_29497,PROD_3785,8,3131.6,25052.8,2023-11-19,boleto,Abreu de Minas,BA,shipped,parceiro_c
414e669d-c9e5-a6dd-c51d-9026b7baf266,CUST_48140,PROD_3629,2,2039.57,4079.14,2023-11-19,pix,Almeida,PE,delivered,parceiro_c
178daa7e-3fb2-6c36-7c18-35e6b8ccf407,CUST_10951,PROD_1804,9,3103.39,27930.51,2023-11-19,pix,Farias da Serra,CE,delivered,parceiro_b
938e4e78-9b00-269e-b2b8-35b02d0a528d,CUST_38457,PROD_4331,14,3971.54,55601.56,2023-11-19,pix,Macedo,AM,delivered,parceiro_b
a0193316-62e9-55de-33b9-f29e7f2346bc,CUST_35544,PROD_2385,11,4445.15,48896.65,2023-11-19,credit_card,Sampaio,PR,delivered,parceiro_a
f012c663-0f4c-82f0-7ca7-20614b9a0f2d,CUST_02433,PROD_1413,5,1671.61,8358.05,2023-11-19,credit_card,Sousa de Ferreira,RS,cancelled,parceiro_b
2a65e7ff-3b6c-beba-17d3-da533463db71,CUST_29017,PROD_0114,15,3287.57,49313.55,2023-11-19,credit_card,Freitas,RS,delivered,parceiro_a
3b935fa6-0292-4d6f-bffb-01ec2356800d,CUST_03030,PROD_4612,4,789.47,3157.88,2023-11-19,credit_card,Ramos das Flores,CE,pending,parceiro_a
74a67960-e7df-f47c-4b4c-c5309c4d65f4,CUST_18348,PROD_0149,4,2252.69,9010.76,2023-11-19,credit_card,Ferreira da Praia,MA,shipped,parceiro_a
beefd62f-9aaa-21d0-9362-f73ee5ba297c,CUST_23858,PROD_4122,8,4569.0,36552.0,2023-11-19,pix,Sampaio,BA,delivered,parceiro_b
4c183259-3ee8-c7e6-55cd-69a5df9c5c3f,CUST_24861,PROD_1137,11,2780.84,30589.24,2023-11-19,pix,Câmara do Norte,RJ,cancelled,parceiro_b
edbad0bd-db3a-e59c-e96d-7bedae816aca,CUST_17758,PROD_3299,3,1793.24,5379.72,2023-11-19,credit_card,Santos Verde,RJ,delivered,parceiro_a
273006f6-4dc3-2123-6439-d413d23ab469,CUST_04244,PROD_1062,5,4847.25,24236.25,2023-11-19,pix,Costela,AM,delivered,parceiro_a
b65e7f15-a174-8fc8-3c34-fac7078c5eb2,CUST_40734,PROD_0899,9,396.67,3570.03,2023-11-19,boleto,Silveira,RS,shipped,parceiro_b
68aeae2b-f4a4-2d30-5097-020abaca55e4,CUST_36894,PROD_1689,10,4627.8,46278.0,2023-11-19,debit_card,Gomes,AC,delivered,parceiro_b
3cd0a044-4a83-f46b-ac04-ca599bfd8754,CUST_44883,PROD_0137,8,1645.22,13161.76,2023-11-19,credit_card,Guerra,BA,delivered,parceiro_a
bdbcb79a-a16b-ffec-ea65-ff61ea0382eb,CUST_27223,PROD_1986,11,3588.79,39476.69,2023-11-19,credit_card,Machado,RS,pending,parceiro_a
8738b360-c7a5-1c38-e6d6-70673d349543,CUST_10937,PROD_0601,9,1238.37,11145.33,2023-11-19,credit_card,Pires,SP,shipped,parceiro_a
f506c258-7697-c469-f2c1-c498618c2770,CUST_41190,PROD_2470,20,1170.84,23416.8,2023-11-19,pix,Peixoto da Prata,MG,delivered,parceiro_a
d7139bea-5e66-d634-eba2-6fe55001e470,CUST_16271,PROD_0559,1,1428.28,1428.28,2023-11-19,pix,Cirino de Goiás,MG,delivered,parceiro_b
724b691d-16fb-1929-d1a5-f08c8a1b869a,CUST_02207,PROD_1656,15,4440.44,66606.6,2023-11-19,credit_card,Vieira,AM,delivered,parceiro_a
1758da6e-d3e1-56ef-c077-7c534d59f9d4,CUST_23944,PROD_0326,4,4455.8,17823.2,2023-11-19,pix,da Cruz Alegre,SP,shipped,parceiro_b
3ca99c85-1794-30e8-c8c3-c9f95944a0fc,CUST_22710,PROD_0983,3,63.53,190.59,2023-11-19,debit_card,Gonçalves da Praia,SP,delivered,parceiro_c
9065b106-f5d0-1a87-9456-fec90b18c041,CUST_09417,PROD_2007,11,3680.45,40484.95,2023-11-19,pix,Monteiro,PE,shipped,parceiro_a
fabe2f0c-327c-9946-bf01-8919b95df3bd,CUST_23771,PROD_0225,20,2418.51,48370.2,2023-11-19,debit_card,Borges,RS,delivered,parceiro_c
574688b6-7246-9c0d-eaa9-a8a2cabc122d,CUST_22078,PROD_4200,12,438.25,5259.0,2023-11-19,debit_card,Silva,RS,shipped,parceiro_a
836033b0-6820-60af-b6a0-67057bee9b0f,CUST_45097,PROD_4468,12,3529.79,42357.48,2023-11-19,credit_card,Martins de Minas,SP,delivered,parceiro_b
0658a721-6dc0-9ee3-1000-0290e7d32f28,CUST_19787,PROD_2474,7,2347.36,16431.52,2023-11-19,credit_card,Leão,AC,delivered,parceiro_a
b89fab5b-7b10-c0cd-eea7-043c0b9fd30a,CUST_48514,PROD_0910,18,4546.3,81833.4,2023-11-19,credit_card,Nogueira da Mata,MG,delivered,parceiro_c
e01e4780-6220-b57a-fd91-2c754f0fe6da,CUST_24994,PROD_4086,19,1838.45,34930.55,2023-11-19,credit_card,Andrade,RN,delivered,parceiro_c
479f5d10-518c-dc32-cdf6-4cdedc87cbf7,CUST_25587,PROD_0602,11,401.45,4415.95,2023-11-19,debit_card,da Conceição,PB,delivered,parceiro_a
a417496b-c37e-ea06-9758-2749a2d9b246,CUST_35665,PROD_1008,11,4554.84,50103.24,2023-11-19,credit_card,Cavalcante do Campo,PA,delivered,parceiro_a
146a1eb2-83e8-df74-053d-645c35fa29f6,CUST_28829,PROD_0087,13,1698.01,22074.13,2023-11-19,credit_card,da Cruz de Teixeira,SP,delivered,parceiro_a
a04c68fb-7c2f-7bc8-ea34-0ba21cdb104d,CUST_18212,PROD_3977,19,4914.09,93367.71,2023-11-19,debit_card,da Rocha de Minas,SC,delivered,parceiro_a
1c2b2d01-045b-a968-22e4-6b662e71a04d,CUST_41979,PROD_1048,7,1751.07,12257.49,2023-11-19,credit_card,Azevedo do Galho,RJ,pending,parceiro_b
11aaa68d-0b4a-472e-a6b3-cfbc2d1de859,CUST_00946,PROD_4057,5,4742.12,23710.6,2023-11-19,debit_card,Novais Paulista,PR,delivered,parceiro_b
4298e1a5-c0df-3bc5-2107-91d45aec4400,CUST_40883,PROD_1748,15,3314.81,49722.15,2023-11-19,debit_card,Moraes do Sul,SP,delivered,parceiro_c
7f0af885-651b-2567-b100-c8e5a1f8fc4a,CUST_49510,PROD_0487,12,210.59,2527.08,2023-11-19,credit_card,Macedo de Oliveira,SP,delivered,parceiro_b
21249e2a-f7f3-5eab-ea40-387842b455f6,CUST_14106,PROD_4449,6,3563.24,21379.44,2023-11-19,pix,das Neves,RS,shipped,parceiro_b
4258d8b3-c6f1-2323-8a64-ce2918400d15,CUST_12182,PROD_4173,13,2735.63,35563.19,2023-11-19,pix,Melo de Marques,SP,delivered,parceiro_b
fe782537-3460-54c3-d7e3-6977568a701e,CUST_10095,PROD_4164,14,4947.37,69263.18,2023-11-19,credit_card,Machado da Serra,SC,delivered,parceiro_c
a72bc4d6-9bff-6118-90da-d1fc9c638a10,CUST_11639,PROD_1986,13,487.51,6337.63,2023-11-19,pix,Câmara,SP,cancelled,parceiro_b
e6f0f402-6755-9419-5e4c-55e6f12bf2c5,CUST_10930,PROD_2873,8,3676.0,29408.0,2023-11-19,debit_card,Duarte do Sul,RJ,pending,parceiro_a
e0c89f1e-4189-2628-22a1-9d2d2566e461,CUST_26046,PROD_3947,14,4922.13,68909.82,2023-11-19,debit_card,das Neves de Goiás,PA,delivered,parceiro_b
10f0a73e-33a0-878c-f134-c09082a2e797,CUST_06884,PROD_2554,14,2828.63,39600.82,2023-11-19,debit_card,Sá,PR,delivered,parceiro_c
3899f419-e2f0-1ab6-d02f-b6b90ef1ace9,CUST_40215,PROD_3392,19,3285.83,62430.77,2023-11-19,pix,Sousa Alegre,SP,pending,parceiro_c
55af4dcf-25fc-dea4-24a6-2138d3d4bc63,CUST_32277,PROD_2485,7,1359.63,9517.41,2023-11-19,pix,Silva,AM,pending,parceiro_b
2dddadeb-0803-b644-0461-ff8552ee236b,CUST_45540,PROD_1289,10,226.31,2263.1,2023-11-19,debit_card,Azevedo,SC,delivered,parceiro_a
f36914af-c99b-4ba9-0f85-5ff06562df41,CUST_48314,PROD_2920,13,984.24,12795.12,2023-11-19,credit_card,Gomes,SP,delivered,parceiro_b
3a9555df-c725-f7b6-c719-db57d7c62be7,CUST_33216,PROD_1105,19,2901.13,55121.47,2023-11-19,debit_card,Araújo Paulista,RJ,delivered,parceiro_a
3c9d830a-dc25-a108-5e85-879348240146,CUST_47829,PROD_0607,16,3793.23,60691.68,2023-11-19,debit_card,Ferreira,DF,delivered,parceiro_a
82e725f2-8552-650a-3306-8808acf6b4f1,CUST_31471,PROD_1932,6,2774.85,16649.1,2023-11-19,pix,Marques,BA,delivered,parceiro_c
0a71fc72-0199-5b6b-a93e-85e5d88eba60,CUST_27043,PROD_2655,3,2208.46,6625.38,2023-11-19,pix,Aragão de Novaes,RJ,shipped,parceiro_a
7c2c49ef-35d7-50c0-a893-3a1e0b149ff5,CUST_41070,PROD_2817,10,3117.75,31177.5,2023-11-19,credit_card,Abreu,DF,delivered,parceiro_a
777176c2-3d3e-79b6-567e-2d69240a5d31,CUST_13653,PROD_3195,4,827.88,3311.52,2023-11-19,credit_card,Pastor de Porto,MG,delivered,parceiro_a
92d27527-ce42-f31f-9756-1ef2c16a1e0a,CUST_08988,PROD_2402,5,2789.5,13947.5,2023-11-19,credit_card,Sales do Campo,SP,shipped,parceiro_b
8c118b1b-688c-9708-5179-20b3ec103bbf,CUST_12523,PROD_1889,18,1742.97,31373.46,2023-11-19,debit_card,Fonseca de Azevedo,MG,shipped,parceiro_b
cd097b72-2431-087d-9606-3d0ca82c7480,CUST_09017,PROD_1731,16,3941.31,63060.96,2023-11-19,credit_card,Santos da Mata,MG,delivered,parceiro_a
e1b10764-78ee-1d13-c454-320ac95d463c,CUST_31441,PROD_3260,11,471.29,5184.19,2023-11-19,pix,Nascimento,MA,delivered,parceiro_b
65f70929-b9c3-7563-3585-ab5a720fa7d3,CUST_30356,PROD_4606,8,4233.72,33869.76,2023-11-19,debit_card,Novais de Viana,MG,delivered,parceiro_a
c134ee12-ea12-aaf9-80ef-cd9dfa126dd7,CUST_46684,PROD_1782,5,4206.92,21034.6,2023-11-19,pix,Peixoto Paulista,CE,delivered,parceiro_a
591e7878-f334-e67b-820d-9da55c63acec,CUST_08544,PROD_2427,12,4974.21,59690.52,2023-11-19,credit_card,Nascimento,SC,pending,parceiro_a
817efe1f-8858-1913-fa3a-8c78feb1aa49,CUST_49188,PROD_0423,12,3920.82,47049.84,2023-11-19,debit_card,Campos,PR,delivered,parceiro_b
fd5bc16c-ee22-3307-f188-510b376a3f65,CUST_41801,PROD_0062,3,4383.48,13150.44,2023-11-19,credit_card,Melo de Goiás,MA,delivered,parceiro_c
e66c43fb-1d29-274e-8e1b-dc01ff0af1fb,CUST_01187,PROD_2078,6,4546.86,27281.16,2023-11-19,pix,Azevedo,MG,delivered,parceiro_b
6048c163-3a51-dc94-6780-a172f618cd92,CUST_28085,PROD_4089,2,3001.72,6003.44,2023-11-19,credit_card,Freitas,RJ,delivered,parceiro_b
479abf79-09c1-88be-e705-a37586edef19,CUST_47708,PROD_1702,14,3435.65,48099.1,2023-11-19,debit_card,Camargo,PB,delivered,parceiro_a
5b449155-b6e0-dff0-b229-e2857b3e5b3e,CUST_21162,PROD_3414,1,4045.36,4045.36,2023-11-19,debit_card,Santos do Norte,PI,pending,parceiro_b
8643a5f1-afd1-40a1-1ff9-8a58215a3ec0,CUST_05190,PROD_4611,1,4268.37,4268.37,2023-11-19,pix,Casa Grande,SP,delivered,parceiro_a
edfcf61e-45dc-786b-d382-5974f1170158,CUST_17888,PROD_0042,18,1097.88,19761.84,2023-11-19,debit_card,Moreira,BA,delivered,parceiro_b
fdeb3f14-6c93-4395-4bb3-5372cc2b43df,CUST_23532,PROD_1923,16,452.34,7237.44,2023-11-19,debit_card,Gomes das Flores,DF,delivered,parceiro_c
de0f5de7-9dba-0420-7839-2dac047b97fe,CUST_36109,PROD_3152,14,1273.75,17832.5,2023-11-19,credit_card,Barros de Cavalcanti,PB,shipped,parceiro_a
64d8a4d5-b11d-9903-d49e-f50771d14a28,CUST_43966,PROD_4638,1,1651.51,1651.51,2023-11-19,debit_card,Pinto de Cavalcanti,DF,delivered,parceiro_a
e213d96e-79b2-d003-884f-9193e72222b4,CUST_26578,PROD_1377,7,1441.48,10090.36,2023-11-19,pix,Oliveira,RS,delivered,parceiro_c
752844e1-e17f-bfc3-8ef7-eed8fc12ea80,CUST_49199,PROD_0592,18,1092.13,19658.34,2023-11-19,debit_card,Pires,PA,delivered,parceiro_c
6b215459-49cd-6448-8903-0b2c33220ca5,CUST_34089,PROD_0642,10,1978.77,19787.7,2023-11-19,boleto,Caldeira,BA,delivered,parceiro_b
006d385f-928b-8e76-c9f3-4aae266b5dba,CUST_35942,PROD_4159,2,3723.11,7446.22,2023-11-19,credit_card,da Rosa,PR,shipped,parceiro_a
26ee784c-ebad-0d1a-fc67-979da330a1ee,CUST_38043,PROD_1417,8,655.0,5240.0,2023-11-19,credit_card,Fogaça do Oeste,PA,delivered,parceiro_a
6965e686-cd0c-3ac7-faca-58174db174c1,CUST_09104,PROD_0600,18,4733.59,85204.62,2023-11-19,pix,Nunes,BA,delivered,parceiro_a
f3c6e6b3-c686-2573-6e02-bd4b3e7c919d,CUST_10259,PROD_2991,16,4151.74,66427.84,2023-11-19,debit_card,Gonçalves,RS,cancelled,parceiro_a
dc2d1e95-dede-9e56-b35e-71292965aae3,CUST_25911,PROD_1035,3,2394.13,7182.39,2023-11-19,debit_card,Azevedo do Amparo,RJ,delivered,parceiro_a
e3f9bba4-38c6-146d-a42b-27e8a451de9c,CUST_35752,PROD_2322,17,295.48,5023.16,2023-11-19,pix,Pimenta do Galho,RS,delivered,parceiro_c
aad3e21a-1aa1-21f1-d801-dc6433abe246,CUST_32575,PROD_2153,17,4016.6,68282.2,2023-11-19,credit_card,Dias,RJ,delivered,parceiro_c
3a4b8ecb-1b37-d96d-fc2e-0e673d7545c0,CUST_22272,PROD_4128,2,4253.15,8506.3,2023-11-19,boleto,Sampaio Verde,SC,delivered,parceiro_a
1c85921e-c6ea-f6db-d11e-122bae51c1f9,CUST_20147,PROD_2792,1,2983.06,2983.06,2023-11-19,credit_card,Cavalcante,DF,delivered,parceiro_c
0b63dddb-1391-0ac4-8980-d56b765f8870,CUST_03998,PROD_4859,3,1076.7,3230.1,2023-11-19,pix,Farias da Serra,RJ,shipped,parceiro_b
2b5e6a77-5f34-f559-00ad-5039f6afece1,CUST_10019,PROD_1465,1,714.24,714.24,2023-11-19,credit_card,Santos,PB,cancelled,parceiro_b
c5a41ddd-14af-9344-07e0-b262ca02b2af,CUST_26133,PROD_1570,10,2044.73,20447.3,2023-11-19,debit_card,Jesus da Praia,MG,pending,parceiro_a
ea857a21-4261-c505-5afd-c0a0e36e1c7a,CUST_19074,PROD_0964,2,151.21,302.42,2023-11-19,pix,Borges,RJ,delivered,parceiro_c
7190ddf6-cc78-9d89-59ee-c1db45989865,CUST_34466,PROD_2884,13,859.6,11174.8,2023-11-19,pix,Nunes,PB,pending,parceiro_a
9f687555-54a3-b058-1e22-f891040d4a8a,CUST_01375,PROD_2274,3,3751.47,11254.41,2023-11-19,debit_card,Farias,SC,delivered,parceiro_a
6b6aa564-a428-fd12-7f8c-1d5028f77311,CUST_30191,PROD_2957,18,4163.64,74945.52,2023-11-19,pix,Ramos da Prata,SP,delivered,parceiro_c
dcdc8f67-cff7-9419-b30e-000bd22bca59,CUST_08097,PROD_0430,12,733.94,8807.28,2023-11-19,boleto,Macedo Grande,SP,delivered,parceiro_a
d6b103a1-d47d-79d1-2fb1-c50a4d415114,CUST_20724,PROD_1923,11,2122.79,23350.69,2023-11-19,credit_card,Martins das Pedras,PE,delivered,parceiro_a
a161792a-359f-7ac9-d5d9-dfcf3d5d9590,CUST_04792,PROD_4459,12,3572.37,42868.44,2023-11-19,pix,Viana,RJ,delivered,parceiro_a
23480d23-8b3b-896a-7aa8-cbb453bcb9e8,CUST_16304,PROD_2219,3,4178.82,12536.46,2023-11-19,debit_card,Marques do Norte,SP,cancelled,parceiro_b
67c263a7-9925-13fc-cdc9-4198ce14bc6b,CUST_16839,PROD_1812,20,2695.62,53912.4,2023-11-19,credit_card,Vasconcelos,PE,delivered,parceiro_b
a489622a-41cb-28b7-cbf5-c73163bab90a,CUST_07075,PROD_3347,17,83.26,1415.42,2023-11-19,credit_card,Jesus do Amparo,MG,delivered,parceiro_a
ce203eb3-402e-db4e-f43f-369c39dec5d7,CUST_33412,PROD_3261,5,1754.43,8772.15,2023-11-19,credit_card,Peixoto,SC,shipped,parceiro_a
caa83ad9-7687-4f36-f6a6-c84f1fe8f5af,CUST_07865,PROD_4039,3,2254.9,6764.7,2023-11-19,pix,Aragão,RS,delivered,parceiro_a
1d830af3-64f0-4777-95ac-2ddad9c5cc71,CUST_04845,PROD_0310,2,184.1,368.2,2023-11-19,boleto,da Costa de Cardoso,RJ,delivered,parceiro_a
6e82673a-817c-5419-f3b1-fdcb496268a1,CUST_20136,PROD_0020,2,2038.54,4077.08,2023-11-19,pix,Aparecida de Minas,PR,delivered,parceiro_a
4eee5da8-c17f-3261-fd8c-3cf0332196ec,CUST_10030,PROD_2367,20,408.45,8169.0,2023-11-19,boleto,da Cunha de Rezende,PE,delivered,parceiro_a
6cb89314-21a5-c006-3c1e-3eaa74922650,CUST_04936,PROD_3102,19,4430.44,84178.36,2023-11-19,pix,Silva,MG,shipped,parceiro_b
a910660b-bf78-5922-b706-3bd02a7fc171,CUST_12263,PROD_0997,16,3525.27,56404.32,2023-11-19,pix,Aragão de Goiás,AP,cancelled,parceiro_b
84fb1932-5205-1631-c87f-6927015bc718,CUST_06899,PROD_3068,1,164.61,164.61,2023-11-19,credit_card,Fernandes,SP,delivered,parceiro_b
48ff1f43-2804-f577-8de1-21cf6e1f5996,CUST_26435,PROD_1765,18,1413.62,25445.16,2023-11-19,credit_card,Barros,BA,shipped,parceiro_a
7ff447ed-018c-db0e-d0ad-4ec5eb116cef,CUST_16441,PROD_2302,13,3213.01,41769.13,2023-11-19,credit_card,Vasconcelos,SP,delivered,parceiro_c
8e118d6a-487a-cea9-1845-af3fadea2326,CUST_12573,PROD_3731,18,4195.24,75514.32,2023-11-19,pix,Jesus de Lima,SP,delivered,parceiro_a
2a920873-2953-d996-3a38-d02300075356,CUST_02426,PROD_4716,13,1273.14,16550.82,2023-11-19,credit_card,Albuquerque do Galho,SP,shipped,parceiro_c
c34fb36f-8515-dc88-2c6a-41c2e7a864ef,CUST_32232,PROD_4792,12,3752.04,45024.48,2023-11-19,credit_card,Costela Paulista,AM,delivered,parceiro_b
88e384e4-6055-63cf-f7a4-c8878f530b6d,CUST_46173,PROD_2414,7,3169.9,22189.3,2023-11-19,credit_card,Almeida de Abreu,MG,delivered,parceiro_c
b3a1397d-f045-0443-2afd-6c2076a91f94,CUST_47046,PROD_4638,13,2218.41,28839.33,2023-11-19,debit_card,Melo,PE,cancelled,parceiro_a
ac3b0145-3cfb-ee46-3dc5-dcd8131be140,CUST_27218,PROD_3905,3,3540.37,10621.11,2023-11-19,credit_card,Pimenta Alegre,ES,delivered,parceiro_a
46d8f2ea-3dc6-b0d3-1c6b-b4a5adf4e91a,CUST_44850,PROD_0574,12,1386.23,16634.76,2023-11-19,boleto,Duarte do Norte,SP,delivered,parceiro_a
31aa44be-a1b7-b5e9-31d9-1f8372198a90,CUST_38386,PROD_2670,6,647.44,3884.64,2023-11-19,credit_card,Jesus do Campo,PR,delivered,parceiro_c
ced8ceea-8d80-0ed4-660d-7426d29eb07b,CUST_21163,PROD_0561,2,2259.75,4519.5,2023-11-19,boleto,da Paz,MG,shipped,parceiro_a
ffd7cd22-1524-242a-7836-886bdfcd6cd4,CUST_17205,PROD_2787,8,3857.29,30858.32,2023-11-19,debit_card,Machado do Galho,SP,delivered,parceiro_b
ccb4eb5a-293d-6b29-5ff6-0d0d1be4f2f4,CUST_11419,PROD_3665,3,4668.35,14005.05,2023-11-19,debit_card,Jesus,MS,delivered,parceiro_a
664710c4-5dea-1287-8dd6-bd0965d857d1,CUST_15495,PROD_3052,16,2098.4,33574.4,2023-11-19,pix,Marques do Amparo,RJ,delivered,parceiro_a
c59f214d-6927-cf5c-29d0-8698bf9b642a,CUST_13720,PROD_2187,7,4457.32,31201.24,2023-11-19,boleto,Duarte do Norte,BA,delivered,parceiro_b
f381ca46-06c3-d529-e51d-fdfe28f3d40d,CUST_01033,PROD_3426,18,1333.22,23997.96,2023-11-19,debit_card,Casa Grande de Souza,CE,delivered,parceiro_a
3bc046cd-9ec1-950f-612c-6b06a403964a,CUST_29140,PROD_2241,1,4622.52,4622.52,2023-11-19,debit_card,da Costa da Praia,SP,shipped,parceiro_a
f804cb71-9067-fb12-266e-4fb28f70c4c0,CUST_37443,PROD_4637,5,3327.64,16638.2,2023-11-19,debit_card,Moura,SP,cancelled,parceiro_a
b30a7e84-8463-4f58-f8d8-6f12efcbe401,CUST_38753,PROD_3382,11,80.2,882.2,2023-11-19,debit_card,Monteiro Alegre,AM,shipped,parceiro_b
2a1d3adb-0e6c-1623-20ef-02d51f6abef3,CUST_20530,PROD_3219,18,4954.8,89186.4,2023-11-19,boleto,Pires de da Rocha,ES,shipped,parceiro_a
d84569f8-c426-9092-2252-451ee38a023b,CUST_42503,PROD_2419,17,527.54,8968.18,2023-11-19,credit_card,Peixoto do Norte,SP,delivered,parceiro_b
a99d56a9-0583-46d6-ded5-57d682ad377d,CUST_30961,PROD_3204,16,4961.19,79379.04,2023-11-19,credit_card,Farias da Prata,SP,delivered,parceiro_b
6a6e60af-5194-81e0-e56a-43617bbd27ac,CUST_38990,PROD_4296,13,3741.43,48638.59,2023-11-19,boleto,Casa Grande,SP,pending,parceiro_c
b250c494-d68c-c800-82dd-1fb4d8c80c51,CUST_03548,PROD_4959,14,3226.32,45168.48,2023-11-19,debit_card,Albuquerque,SP,delivered,parceiro_a
d8c63f80-2cfa-330b-8ca0-1768f4a49275,CUST_30844,PROD_3172,3,2128.76,6386.28,2023-11-19,credit_card,Cardoso,PR,delivered,parceiro_c
e8a1348c-9bd0-5bdb-2df4-65e65b7970f1,CUST_49159,PROD_2497,12,3251.99,39023.88,2023-11-19,debit_card,Rocha do Sul,SP,delivered,parceiro_b
5897b3a0-4a5f-07b4-883a-74a4f5cac9df,CUST_33531,PROD_1281,18,2896.0,52128.0,2023-11-19,pix,Machado Grande,SP,delivered,parceiro_c
d477ca82-534a-1547-dfde-b328754bfb36,CUST_35909,PROD_0184,12,3544.52,42534.24,2023-11-19,pix,Rodrigues,BA,shipped,parceiro_b
49805396-b079-ffba-cb72-b34600b593cc,CUST_03789,PROD_0905,12,3121.0,37452.0,2023-11-19,credit_card,Nascimento,SP,pending,parceiro_a
06035e6f-2419-1904-e0bf-dbef0f69a237,CUST_08646,PROD_2795,3,1517.56,4552.68,2023-11-19,credit_card,Albuquerque,CE,delivered,parceiro_a
b6d7fe28-62f9-b466-3c05-0c59e186b480,CUST_49868,PROD_0176,13,2338.86,30405.18,2023-11-19,debit_card,Pastor,RS,delivered,parceiro_c
d3d4d641-4d61-c8b8-20d6-cf8723237284,CUST_19203,PROD_4396,19,4364.34,82922.46,2023-11-19,pix,Aparecida,GO,pending,parceiro_a
92756acc-c48d-0160-1fe0-974179a811d0,CUST_26290,PROD_0335,13,1826.86,23749.18,2023-11-19,credit_card,Marques do Amparo,BA,cancelled,parceiro_c
f192b3be-2ea7-268b-d922-fe1def5cd93b,CUST_36517,PROD_2852,6,3183.53,19101.18,2023-11-19,debit_card,Lopes do Norte,MA,delivered,parceiro_c
e73bfca6-93b1-754e-10c8-a3767e9ada2e,CUST_46897,PROD_0212,14,3531.38,49439.32,2023-11-19,credit_card,Dias do Amparo,RJ,delivered,parceiro_b
bcd1787e-e234-5f15-4612-770bed1f40e7,CUST_11992,PROD_3471,19,2852.05,54188.95,2023-11-19,pix,Moraes,SP,delivered,parceiro_c
c6797a7f-10c7-d1fc-dd0b-052f34e5c0cc,CUST_45592,PROD_2434,1,4624.64,4624.64,2023-11-19,pix,Machado de Mendes,RS,delivered,parceiro_c
1f4ea453-eba6-7935-b06a-1eb737e55c91,CUST_12712,PROD_1674,14,1877.72,26288.08,2023-11-19,pix,Costa do Norte,SC,delivered,parceiro_a
b70242db-a20c-c2b7-07cf-8931944816a0,CUST_43059,PROD_2710,10,4818.16,48181.6,2023-11-19,credit_card,Moura de Ribeiro,RS,delivered,parceiro_a
1d05686b-07a1-1d0c-994a-dba9a414058c,CUST_34922,PROD_1910,4,4174.59,16698.36,2023-11-19,boleto,Alves,MA,cancelled,parceiro_a
3a6784aa-36bd-ffe9-2e0b-10b458e40821,CUST_30866,PROD_2781,8,245.9,1967.2,2023-11-19,credit_card,Castro,AL,delivered,parceiro_a
bdab68b4-2941-4c60-7fd1-f9c13b8ea0d4,CUST_30647,PROD_2295,16,2791.57,44665.12,2023-11-19,pix,Cavalcanti de Moura,MG,cancelled,parceiro_b
72159e98-021e-ef5b-77d0-ea83656c386a,CUST_19840,PROD_1345,7,3449.74,24148.18,2023-11-19,credit_card,Vargas da Praia,BA,delivered,parceiro_b
271ac652-1619-0374-9646-9f13dbb3330a,CUST_26742,PROD_4005,9,557.18,5014.62,2023-11-19,pix,Montenegro,MG,pending,parceiro_b
24598aa5-18f3-7a02-6004-5d812cb3b629,CUST_16829,PROD_0884,4,1070.25,4281.0,2023-11-19,credit_card,da Mota,MG,shipped,parceiro_a
c87176b9-a298-8b31-3ea2-6d169eaf0e82,CUST_31494,PROD_3269,12,3347.84,40174.08,2023-11-19,credit_card,Vargas de Oliveira,PE,pending,parceiro_a
734e47b5-45ba-24d5-c7b1-4c40a64589cf,CUST_00976,PROD_0083,18,4149.06,74683.08,2023-11-19,credit_card,Rios Verde,SP,pending,parceiro_a
31934e66-7388-d5a4-bc2e-dd276aff786a,CUST_45007,PROD_2207,3,4147.36,12442.08,2023-11-19,debit_card,Siqueira,BA,delivered,parceiro_b
5edd930b-ed8d-9d98-265e-c64063516778,CUST_40920,PROD_0077,16,4624.13,73986.08,2023-11-19,credit_card,Duarte,BA,cancelled,parceiro_a
6c3513fe-94f0-a48b-432d-839ace8f56de,CUST_20836,PROD_4253,19,479.47,9109.93,2023-11-19,debit_card,Farias,SP,cancelled,parceiro_a
71340e4d-e585-878b-d022-680e70811e1b,CUST_41684,PROD_1775,4,1830.12,7320.48,2023-11-19,boleto,Viana Verde,SP,pending,parceiro_b
083520b5-e2d5-b67a-e135-c0e54bb65975,CUST_47286,PROD_1024,1,1624.19,1624.19,2023-11-19,pix,Cunha do Campo,PR,delivered,parceiro_b
76e71bcc-42b3-495a-53dd-6eb2e6c2f0c0,CUST_37452,PROD_0236,6,4121.85,24731.1,2023-11-19,credit_card,da Rocha,DF,delivered,parceiro_a
d4d73580-ba9b-3d21-9df8-94507131199b,CUST_14703,PROD_0039,2,3141.8,6283.6,2023-11-19,debit_card,Rezende de Goiás,SP,delivered,parceiro_b
ae612e6c-5e1d-ea32-b728-f414ee58a3d7,CUST_35031,PROD_4567,10,3555.11,35551.1,2023-11-19,credit_card,Vasconcelos,PR,shipped,parceiro_a
817bcd07-4cee-9c1e-0786-12f2acfbefcb,CUST_43177,PROD_0266,12,3979.0,47748.0,2023-11-19,pix,Pereira,MG,delivered,parceiro_a
67d298d9-88d4-559b-656b-cf2769890e4d,CUST_46143,PROD_4977,14,1443.45,20208.3,2023-11-19,boleto,Ramos de Goiás,SP,cancelled,parceiro_a
696efd33-361d-3988-2740-af66b75c7aff,CUST_49214,PROD_1144,17,1795.83,30529.11,2023-11-19,boleto,Vieira Grande,RJ,cancelled,parceiro_a
83c380a7-6447-2e80-189b-34ad52810163,CUST_18329,PROD_1178,8,3750.99,30007.92,2023-11-19,pix,Oliveira Grande,SP,delivered,parceiro_c
d0d9185b-2bbd-3268-d838-36de84e891a8,CUST_34703,PROD_1516,20,426.79,8535.8,2023-11-19,credit_card,Nunes dos Dourados,CE,pending,parceiro_a
3c7d38e0-ff69-6771-b8a8-6487f6068afc,CUST_25008,PROD_2560,17,3107.16,52821.72,2023-11-19,debit_card,Rios,DF,pending,parceiro_a
0cb00a9e-f6fc-c80f-46cf-07c6f9d08efd,CUST_42123,PROD_0273,2,1588.15,3176.3,2023-11-19,pix,Fogaça Verde,PA,delivered,parceiro_c
56e84f13-235f-c2f6-da85-44b0115bb04c,CUST_31293,PROD_4563,2,4752.66,9505.32,2023-11-19,pix,Pimenta,AM,delivered,parceiro_c
3af1f51a-e13f-3c4e-963f-67625ba29c2b,CUST_09415,PROD_2352,7,3044.16,21309.12,2023-11-19,credit_card,das Neves,RS,delivered,parceiro_a
0c064890-4847-b204-7130-03d12b475a11,CUST_01704,PROD_1990,10,2975.66,29756.6,2023-11-19,credit_card,Lopes da Praia,MG,delivered,parceiro_b
6a1da62d-3853-3ede-66b4-e93558df4cc0,CUST_35045,PROD_1107,15,1284.49,19267.35,2023-11-19,boleto,Novais de Minas,SP,delivered,parceiro_b
fed300d7-e647-e0ea-0266-7df3603ad5ea,CUST_39272,PROD_2232,14,982.69,13757.66,2023-11-19,debit_card,Pastor,RJ,delivered,parceiro_c
99b51d66-1dd7-bae1-0061-dba209be9c74,CUST_05628,PROD_0483,13,4588.69,59652.97,2023-11-19,pix,Duarte de Nascimento,RS,delivered,parceiro_b
4811aadf-26fc-88f1-5357-ef6bac8664bb,CUST_48492,PROD_2489,20,2099.09,41981.8,2023-11-19,credit_card,Moreira,PR,pending,parceiro_a
ad2da6ef-a7bc-0e38-daf7-4a1b68098ea6,CUST_17939,PROD_4515,3,4371.82,13115.46,2023-11-19,credit_card,Martins,PB,delivered,parceiro_c
4aed3970-ae59-3b80-5aae-9f5782748dad,CUST_16860,PROD_1202,14,1173.53,16429.42,2023-11-19,pix,Brito do Sul,RJ,delivered,parceiro_c
bb43bb9d-1c0a-eb7a-361d-b183281a8dfd,CUST_24092,PROD_1300,20,1649.26,32985.2,2023-11-19,credit_card,Gonçalves do Galho,SP,delivered,parceiro_a
27798a7c-729f-9091-677f-cb284b12eb6b,CUST_39107,PROD_0942,9,4888.98,44000.82,2023-11-19,credit_card,Freitas,PI,shipped,parceiro_a
f5a66345-92ea-58d8-e9eb-71698ebaa91c,CUST_25648,PROD_3413,19,3933.55,74737.45,2023-11-19,pix,Andrade do Oeste,BA,delivered,parceiro_a
d3cf5fb9-4a72-c0f7-c7cc-5464db30e1c6,CUST_33363,PROD_4339,12,1931.46,23177.52,2023-11-19,debit_card,Barbosa do Amparo,RJ,cancelled,parceiro_a
f14fdecc-ae1a-8cd9-39d4-01455f88ce8b,CUST_38349,PROD_0898,17,4074.74,69270.58,2023-11-19,pix,Fogaça de Machado,SP,pending,parceiro_b
ff1b4fb7-208c-010a-2461-d44373d48998,CUST_42947,PROD_2681,1,2892.21,2892.21,2023-11-19,pix,Machado do Sul,SP,delivered,parceiro_a
60c7bde2-9175-bd9f-d2f9-928a45cf48a5,CUST_00137,PROD_0211,20,2021.03,40420.6,2023-11-19,pix,Pinto de Brito,RS,delivered,parceiro_a
b8dc5425-1b6d-bbc2-2bfc-608a81b3a086,CUST_29510,PROD_0856,12,3534.81,42417.72,2023-11-19,pix,Moraes do Oeste,RO,delivered,parceiro_b
555682c1-38ea-2db1-66e2-43b7c0f16b5e,CUST_26200,PROD_0096,20,4279.77,85595.4,2023-11-19,pix,Borges Paulista,PB,delivered,parceiro_c
2081e38c-c347-fe5d-775a-fce995813a88,CUST_39418,PROD_1523,19,3747.62,71204.78,2023-11-19,debit_card,Caldeira,SP,delivered,parceiro_a
296ea5ef-672e-1418-60b4-217cf5465b7b,CUST_14066,PROD_0713,13,1645.66,21393.58,2023-11-19,debit_card,Montenegro de Alves,PE,shipped,parceiro_a
a7bb0fa6-d522-6c0e-6ca2-d1b1786f6e4a,CUST_18020,PROD_4414,6,3364.69,20188.14,2023-11-19,credit_card,da Conceição de Gonçalves,SP,delivered,parceiro_b
fc3be947-fdfb-c584-0bc8-1462d9597869,CUST_10916,PROD_4847,11,3088.06,33968.66,2023-11-19,credit_card,Pinto da Mata,RO,delivered,parceiro_c
507f1bfc-0547-c355-b669-fae679deb034,CUST_03419,PROD_1408,10,2348.06,23480.6,2023-11-19,debit_card,Martins,SP,shipped,parceiro_a
de3b0532-8847-ba60-b758-05ce24fa32de,CUST_00210,PROD_2579,14,3539.94,49559.16,2023-11-19,pix,Aragão de Moura,RJ,delivered,parceiro_c
14b39b4b-bfb6-103d-6694-4412e18d9b8c,CUST_45808,PROD_0817,10,2852.89,28528.9,2023-11-19,credit_card,Nascimento do Sul,SP,delivered,parceiro_a
3feb6121-d20b-1fbd-204e-02e25c644e72,CUST_17720,PROD_1182,6,1306.14,7836.84,2023-11-19,debit_card,Cardoso da Praia,RS,delivered,parceiro_c
ada440a7-bf73-5d3c-1c45-1ac0fbd49500,CUST_43070,PROD_2305,18,1774.59,31942.62,2023-11-19,credit_card,Pereira de Goiás,RJ,delivered,parceiro_a
8916998c-5d07-bf89-6307-ca813232a669,CUST_24015,PROD_0918,10,853.34,8533.4,2023-11-19,debit_card,Carvalho,SP,cancelled,parceiro_c
bff5daa8-b303-4238-6aae-96e359bbc6a5,CUST_37555,PROD_0107,15,698.58,10478.7,2023-11-19,pix,Novaes,RJ,cancelled,parceiro_a
346be28d-98cd-439b-9f78-b6d8abc2f9ae,CUST_41265,PROD_0537,17,3692.57,62773.69,2023-11-19,pix,Novaes da Serra,SP,cancelled,parceiro_c
0baaab2c-8ad6-1fda-5a01-181ddb3c63cd,CUST_29843,PROD_4007,5,2853.64,14268.2,2023-11-19,boleto,Cirino,AC,shipped,parceiro_c
3819d8b7-0648-b775-fd48-4f8533753161,CUST_05956,PROD_3339,15,3110.47,46657.05,2023-11-19,debit_card,Moreira,MG,delivered,parceiro_c
142fb548-6657-99fc-fdb9-6c76251c90f0,CUST_18603,PROD_0496,15,4235.12,63526.8,2023-11-19,boleto,Sales de Goiás,SP,pending,parceiro_b
4e472496-d2cc-f385-52ac-61cad89aa53f,CUST_34853,PROD_3556,2,4673.72,9347.44,2023-11-19,pix,da Luz,RJ,pending,parceiro_a
ccc4527f-f49b-35ab-e8dd-5333882981b5,CUST_35658,PROD_0714,8,2881.61,23052.88,2023-11-19,pix,Campos,RS,shipped,parceiro_b
622df23f-065b-7d5a-0947-48b50c0b257b,CUST_42849,PROD_2522,20,757.07,15141.4,2023-11-19,credit_card,Martins,SP,delivered,parceiro_c
222d3374-149a-0556-e2b8-acfa86365ead,CUST_33438,PROD_4982,5,4104.11,20520.55,2023-11-19,boleto,Pires,SP,pending,parceiro_b
05f8e3c2-fbd8-ed13-a039-d5c6c268cd9a,CUST_32179,PROD_4033,2,440.43,880.86,2023-11-19,debit_card,Rios,SP,shipped,parceiro_c
f83cb849-bc53-e894-2a87-784a6d167fdb,CUST_33654,PROD_3493,8,2707.44,21659.52,2023-11-19,debit_card,Casa Grande do Campo,PE,delivered,parceiro_c
12b93c9e-d601-fe71-c0c3-4dc4be12efef,CUST_14509,PROD_2919,12,4084.51,49014.12,2023-11-19,pix,Brito,PR,shipped,parceiro_a
f5540b4d-8580-b178-de28-4c07267c27a0,CUST_47604,PROD_4450,6,1504.74,9028.44,2023-11-19,credit_card,Dias Alegre,BA,delivered,parceiro_c
413457ac-49f4-438a-59ef-90177753660a,CUST_41252,PROD_4656,3,537.14,1611.42,2023-11-19,pix,Alves de Cunha,RJ,delivered,parceiro_a
01701533-e67c-f727-7451-2b0ece92825b,CUST_28219,PROD_2087,4,3628.89,14515.56,2023-11-19,boleto,Gomes,BA,delivered,parceiro_c
0c566363-0440-6a50-796e-5699e07b8684,CUST_14677,PROD_1802,9,3066.12,27595.08,2023-11-19,credit_card,Lima da Prata,SP,delivered,parceiro_a
2d04af03-ae13-dc99-fd3c-2e8df6d176c0,CUST_38117,PROD_3880,11,4360.68,47967.48,2023-11-19,debit_card,Cavalcanti,PR,shipped,parceiro_a
af742bca-c9e5-ab9a-b9cd-d96091665755,CUST_42044,PROD_1024,18,2366.55,42597.9,2023-11-19,credit_card,da Cruz de Abreu,SP,delivered,parceiro_a
e96e2bfa-fdeb-e174-8fa3-90c0c274388b,CUST_29856,PROD_3035,10,1283.75,12837.5,2023-11-19,debit_card,Mendes,RR,shipped,parceiro_c
6dae91da-2102-baa3-9762-26424ee10d4c,CUST_14407,PROD_3428,17,1564.6,26598.2,2023-11-19,pix,Novais da Serra,MG,delivered,parceiro_c
dac41dea-4e9c-9b2e-37a4-d9cfffaa97db,CUST_06999,PROD_1275,6,915.91,5495.46,2023-11-19,pix,Cavalcante,SP,cancelled,parceiro_c
eeeb7ae7-2c2f-c55e-47f6-08617944f855,CUST_19583,PROD_2361,10,291.92,2919.2,2023-11-19,boleto,Pimenta,SP,delivered,parceiro_a
e0f4c225-f656-43dc-75bc-6f3040fc3af3,CUST_23334,PROD_0984,1,1067.63,1067.63,2023-11-19,credit_card,Borges,MG,delivered,parceiro_a
fec6e835-3075-e7f3-89fd-57bbfd7dbe4f,CUST_11727,PROD_1879,17,372.48,6332.16,2023-11-19,pix,Marques,SC,delivered,parceiro_b
28c78788-f7ce-6416-9d7b-de9968f702fc,CUST_24627,PROD_0123,15,389.42,5841.3,2023-11-19,pix,Rodrigues do Galho,MG,delivered,parceiro_b
d98520c9-6e01-3336-784d-cf906ed03257,CUST_11182,PROD_2663,20,157.82,3156.4,2023-11-19,credit_card,Vieira,GO,delivered,parceiro_c
12561267-b5d5-0559-7234-0cafbbfb2d76,CUST_08798,PROD_3741,6,3511.5,21069.0,2023-11-19,boleto,Aragão de das Neves,PB,delivered,parceiro_c
e7d0ee17-9fcb-ea4b-419c-15ab1cf374af,CUST_41454,PROD_4665,9,1724.23,15518.07,2023-11-19,boleto,Sá do Galho,DF,pending,parceiro_a
fe67c816-3fad-5878-7a84-49ca652b36c4,CUST_06589,PROD_0775,7,622.45,4357.15,2023-11-19,credit_card,Sousa,SP,delivered,parceiro_b
fe34f6d8-5184-c45c-ffdb-27ed09d1de33,CUST_47049,PROD_4263,12,1909.63,22915.56,2023-11-19,pix,Moura do Norte,SP,delivered,parceiro_b
3da37def-5a35-895a-bc54-4c08f1eed1bb,CUST_08893,PROD_0309,8,608.67,4869.36,2023-11-19,boleto,Vargas de Minas,RJ,delivered,parceiro_a
9aba2307-47e9-8a58-24b6-c43158a997f9,CUST_37250,PROD_0202,16,465.5,7448.0,2023-11-19,pix,Campos de Goiás,SP,delivered,parceiro_b
90bc78c1-09c2-a287-fbc7-d7c543ba0a37,CUST_05708,PROD_2799,14,2565.44,35916.16,2023-11-19,pix,da Luz de Dias,PB,delivered,parceiro_b
102a0b7c-29ef-0096-1a72-2f43bb64ca89,CUST_49101,PROD_3292,3,139.47,418.41,2023-11-19,boleto,da Luz,RJ,delivered,parceiro_c
90d07078-1cb1-1927-f79f-4773db529a8c,CUST_14692,PROD_1154,18,531.24,9562.32,2023-11-19,credit_card,Fonseca Grande,RJ,delivered,parceiro_b
ddfab9bd-bd36-52c3-b60c-03e849530126,CUST_25418,PROD_3260,5,2558.47,12792.35,2023-11-19,boleto,Freitas de Aragão,MA,delivered,parceiro_c
bdc5ecfc-084b-df2c-a9ab-33852f340ca5,CUST_20893,PROD_3341,4,4200.74,16802.96,2023-11-19,debit_card,Campos,MG,delivered,parceiro_a
a1bd483f-dd65-4412-1143-082e120a9172,CUST_22941,PROD_0459,6,394.12,2364.72,2023-11-19,pix,Nogueira,SC,shipped,parceiro_c
cacccf15-9302-d504-7263-71a05d2bcee7,CUST_26683,PROD_1322,11,221.51,2436.61,2023-11-19,pix,Camargo da Praia,PR,shipped,parceiro_a
cf2d87c2-1800-e112-205f-f9c5f2eea669,CUST_32048,PROD_1775,10,1243.58,12435.8,2023-11-19,credit_card,Sampaio da Prata,RS,delivered,parceiro_c
658e7fee-8009-3938-8f5e-572c24a370b0,CUST_22666,PROD_1104,17,537.27,9133.59,2023-11-19,debit_card,da Costa,SP,pending,parceiro_c
ca6d1ba5-6a5d-d4cd-62fb-fb931f2b9b10,CUST_30695,PROD_4077,2,3290.38,6580.76,2023-11-19,pix,Castro,RS,delivered,parceiro_c
a9ffb202-a33c-3852-2b69-c3d8b22e3499,CUST_29642,PROD_0843,3,4624.88,13874.64,2023-11-19,credit_card,Correia,PE,delivered,parceiro_c
e4f6b13e-5e80-78d4-ee6d-97dad19269e3,CUST_35945,PROD_2808,8,2642.51,21140.08,2023-11-19,credit_card,Nascimento,BA,shipped,parceiro_a
ed44ad5d-c929-d1d1-ce27-e87b66d6401e,CUST_02058,PROD_1825,13,2848.01,37024.13,2023-11-19,credit_card,Azevedo,MG,delivered,parceiro_b
66dffbea-b2c9-11a7-5815-f82b4663dd7e,CUST_10583,PROD_0684,11,4691.43,51605.73,2023-11-19,pix,Rios do Oeste,RJ,delivered,parceiro_a
00b78f6e-1144-34af-8e94-252ab244fd91,CUST_42206,PROD_0488,14,4644.81,65027.34,2023-11-19,debit_card,Freitas das Flores,MG,shipped,parceiro_c
356fc39f-f783-ad78-5c5f-71521fd9a3ec,CUST_33042,PROD_2102,15,4813.18,72197.7,2023-11-19,credit_card,Mendes da Praia,MG,delivered,parceiro_c
5d221f97-5ac0-44c5-2c09-6d185d97363e,CUST_26790,PROD_0839,9,3404.05,30636.45,2023-11-19,credit_card,Moura da Prata,MG,pending,parceiro_c
50bb65b6-28e1-d7d4-b0aa-f10233e14368,CUST_00927,PROD_3486,2,3136.95,6273.9,2023-11-19,pix,Almeida,PB,delivered,parceiro_b
9a3283ea-20b9-4892-4c3b-0eb72e1fdd1e,CUST_09198,PROD_0172,8,1514.24,12113.92,2023-11-19,debit_card,Pimenta dos Dourados,SP,delivered,parceiro_a
0b33205b-2999-0619-93ae-47bf1a3966f0,CUST_36240,PROD_0811,18,1503.13,27056.34,2023-11-19,pix,Andrade,SP,pending,parceiro_c
370c496d-3ab0-e60e-7de0-955be89b0462,CUST_48129,PROD_1954,9,4829.87,43468.83,2023-11-19,credit_card,Albuquerque,AC,delivered,parceiro_a
a6e5728c-62da-9830-c2d6-d151db4182fb,CUST_37923,PROD_4357,10,1247.52,12475.2,2023-11-19,credit_card,Aragão,RN,pending,parceiro_a
77171f0b-5e22-0d74-7ef3-7d82de5f0d46,CUST_17659,PROD_2955,18,1214.28,21857.04,2023-11-19,boleto,Caldeira,MG,delivered,parceiro_b
49c36162-8699-cdbd-b79a-b34462bff8ea,CUST_00587,PROD_0431,6,3337.86,20027.16,2023-11-19,credit_card,Lima do Sul,SP,delivered,parceiro_b
04a3fb3e-345c-717c-b632-8aea123b2afc,CUST_19904,PROD_0675,20,4240.0,84800.0,2023-11-19,pix,Oliveira,RJ,delivered,parceiro_b
9c3fe815-5505-d832-04aa-65401b21410a,CUST_25224,PROD_0142,4,4570.53,18282.12,2023-11-19,credit_card,Barros,MT,delivered,parceiro_c
755df977-8db8-9f3d-c1fb-32a10d99ae4c,CUST_12918,PROD_3328,11,1386.66,15253.26,2023-11-19,pix,Garcia Grande,PR,delivered,parceiro_b
c90ca033-9504-ded2-bed6-35f027403423,CUST_28517,PROD_3233,4,4968.92,19875.68,2023-11-19,boleto,Moraes Grande,RJ,delivered,parceiro_b
c3b63eeb-2fff-493d-fc8f-80d470446e29,CUST_32156,PROD_0606,16,2898.35,46373.6,2023-11-19,boleto,Albuquerque de Freitas,PE,shipped,parceiro_b
539410da-7be8-4f04-1e01-feed906710d9,CUST_47828,PROD_3241,2,766.92,1533.84,2023-11-19,debit_card,Cirino,PB,delivered,parceiro_b
212f1fce-3c35-fc27-37b0-1d5fd7906066,CUST_44744,PROD_4155,15,3452.8,51792.0,2023-11-19,credit_card,Monteiro de Costela,BA,delivered,parceiro_a
ff96f9cf-c91b-6554-b49f-a0a59d9842ef,CUST_28509,PROD_4613,4,2270.32,9081.28,2023-11-19,boleto,da Luz,PI,pending,parceiro_a
fe77db11-b228-f835-23f6-a7fdf3aaaa32,CUST_32185,PROD_1636,1,1519.59,1519.59,2023-11-19,debit_card,da Paz de Siqueira,RS,shipped,parceiro_b
54f7f57a-16b9-90cc-0463-78cb6b4513c1,CUST_18735,PROD_0684,16,3572.48,57159.68,2023-11-19,credit_card,Melo do Oeste,PR,pending,parceiro_b
d4fdcbca-03d1-b9fd-79bf-a299910e5638,CUST_31602,PROD_3470,17,607.89,10334.13,2023-11-19,debit_card,Freitas,RS,delivered,parceiro_b
7a9ae63a-3536-dc23-a3c7-b8b1b1863718,CUST_20095,PROD_2978,16,2694.24,43107.84,2023-11-19,boleto,Rocha,CE,pending,parceiro_b
514d5a29-8348-3819-1070-654a4457a183,CUST_30888,PROD_2169,11,4061.6,44677.6,2023-11-19,boleto,Rios,BA,delivered,parceiro_b
132dfe56-b912-75ca-4192-4e5f0526e02f,CUST_21201,PROD_0496,9,3323.67,29913.03,2023-11-19,credit_card,Macedo de Goiás,SP,delivered,parceiro_b
51786196-9204-9424-e8f6-624986afd4c4,CUST_20640,PROD_0908,9,1015.15,9136.35,2023-11-19,debit_card,da Paz da Serra,RJ,pending,parceiro_a
9df390da-7291-98c0-baa0-497ba69dfead,CUST_26869,PROD_3398,6,1783.73,10702.38,2023-11-19,debit_card,Duarte,PR,delivered,parceiro_c
1f1d323e-10a4-e51b-f241-5714360319e8,CUST_36011,PROD_3602,4,2423.93,9695.72,2023-11-19,credit_card,Campos do Amparo,RJ,shipped,parceiro_c
807193c7-e888-ab10-75db-5982ce70280a,CUST_07001,PROD_1677,2,3797.06,7594.12,2023-11-19,pix,Brito,PA,cancelled,parceiro_c
e3c5e4c8-d4f3-cfb0-18a9-6cc97963b128,CUST_37836,PROD_0523,2,28.38,56.76,2023-11-19,pix,Farias de Campos,SP,delivered,parceiro_b
93f68bc7-1784-4bd8-ce08-2855086723c9,CUST_34853,PROD_4143,2,2052.71,4105.42,2023-11-19,boleto,Leão,PI,delivered,parceiro_b
b1a3d950-131c-8644-905c-3aef47289f9c,CUST_07161,PROD_3212,9,1746.04,15714.36,2023-11-19,credit_card,Melo de Goiás,PE,delivered,parceiro_c
94d279f1-db5e-c643-c555-7405751c34f0,CUST_14901,PROD_1819,6,1709.93,10259.58,2023-11-19,boleto,Ramos,DF,delivered,parceiro_a
d3975a57-fb2a-e6d5-e32d-1792ea73206e,CUST_15300,PROD_3422,5,393.36,1966.8,2023-11-19,credit_card,Porto,BA,delivered,parceiro_c
def6b49a-b606-d290-2997-b6b21460719e,CUST_30543,PROD_4057,19,166.08,3155.52,2023-11-19,credit_card,Caldeira de Oliveira,SP,delivered,parceiro_b
1111fccc-86fd-7eea-4e0a-cb6ca88c827e,CUST_43899,PROD_2696,15,3402.33,51034.95,2023-11-19,debit_card,Borges de Borges,RJ,shipped,parceiro_a
43776b63-dae6-430e-5bd6-b7cdf1fa8894,CUST_20129,PROD_3562,16,3110.38,49766.08,2023-11-19,debit_card,Albuquerque da Praia,SP,delivered,parceiro_c
35cfed20-5a3f-2ba0-d75a-45a4768a03e6,CUST_03481,PROD_1882,16,739.46,11831.36,2023-11-19,pix,Araújo,PE,delivered,parceiro_c
7a9258fa-ce6b-c040-97c8-47dda0fb590a,CUST_02390,PROD_2178,10,847.84,8478.4,2023-11-19,pix,Dias,SP,shipped,parceiro_b
0eb5fa30-5907-94ec-a8f8-cc3db6f6e12d,CUST_30466,PROD_2925,17,2436.8,41425.6,2023-11-19,boleto,Ferreira,MG,delivered,parceiro_c
c282a76c-9942-e6e3-3ebf-71a10a8a02d5,CUST_18056,PROD_4577,13,2912.41,37861.33,2023-11-19,pix,Gonçalves,PR,delivered,parceiro_a
ff77d2ac-460e-ddda-e5f6-beb08b955256,CUST_27150,PROD_2682,14,591.37,8279.18,2023-11-19,pix,Nascimento,PE,delivered,parceiro_c
8cbb53c4-2273-b2c2-4f40-6acd8fb93d1e,CUST_42765,PROD_4212,14,3075.81,43061.34,2023-11-19,boleto,Pereira de Minas,DF,cancelled,parceiro_b
644772cf-0867-854a-7356-aabb47737e51,CUST_40049,PROD_1593,8,2086.38,16691.04,2023-11-19,credit_card,Brito,RJ,pending,parceiro_a
1cdb8321-6dfb-712b-d62b-e1391cfd7998,CUST_49517,PROD_1919,15,3392.09,50881.35,2023-11-19,debit_card,Cavalcanti do Amparo,SP,delivered,parceiro_a
32d1de49-8682-51a1-5d8d-71c188843933,CUST_43210,PROD_3620,2,2529.07,5058.14,2023-11-19,debit_card,Moreira,RJ,delivered,parceiro_a
43e946f6-5962-8d12-8806-da46d1ff0217,CUST_41481,PROD_1053,3,1570.02,4710.06,2023-11-19,pix,Melo Alegre,SP,delivered,parceiro_c
97769656-cc06-ed59-7f92-ebeb789b3cde,CUST_40032,PROD_1753,3,4947.63,14842.89,2023-11-19,credit_card,Silveira,RS,delivered,parceiro_c
bbd089e9-9abd-d317-f000-db9c5623bccc,CUST_33598,PROD_3071,10,1602.72,16027.2,2023-11-19,boleto,Barbosa de Azevedo,SC,cancelled,parceiro_b
3b97dbb6-caf9-dd71-350d-05a7a5aaf33b,CUST_05746,PROD_1747,2,4469.05,8938.1,2023-11-19,credit_card,Nogueira,SC,delivered,parceiro_c
d297e54a-2d70-7857-fb2f-2e6c92c3b834,CUST_11490,PROD_0291,13,1531.29,19906.77,2023-11-19,pix,Vieira de Gonçalves,SP,pending,parceiro_a
5ef0f6db-ef09-8675-fde5-896a8983ee57,CUST_31860,PROD_2262,4,391.92,1567.68,2023-11-19,credit_card,Moraes,MG,delivered,parceiro_b
832365e8-8186-f704-a074-1ff158a88372,CUST_46067,PROD_3771,8,1574.46,12595.68,2023-11-19,credit_card,Rodrigues da Prata,PR,delivered,parceiro_b
3da149ad-8c1e-a4d2-37de-b388ee5ff036,CUST_25503,PROD_1386,1,1867.29,1867.29,2023-11-19,debit_card,Sousa de Martins,RO,shipped,parceiro_b
e610f3c5-56db-764b-e379-083d8062154e,CUST_28741,PROD_2164,7,1513.13,10591.91,2023-11-19,credit_card,Souza,SP,delivered,parceiro_a
bb4a73a7-1796-1fb3-f286-fc3c73c5896e,CUST_10189,PROD_0163,20,121.0,2420.0,2023-11-19,credit_card,da Rosa da Mata,RJ,delivered,parceiro_a
5591fbe7-c9e1-b00c-6668-ba7e69ec190e,CUST_05959,PROD_4445,13,2228.62,28972.06,2023-11-19,debit_card,da Paz,SP,delivered,parceiro_c
556d916b-b5e1-8c9d-86d9-8865ee5d1124,CUST_45715,PROD_0975,12,2858.18,34298.16,2023-11-19,pix,Ramos da Serra,RS,shipped,parceiro_b
470c545d-15ad-f502-357a-053931cb1666,CUST_39302,PROD_1001,19,4983.43,94685.17,2023-11-19,debit_card,Nunes,BA,delivered,parceiro_b
1f3d4bd1-3706-8980-81b5-60d3876df59a,CUST_14003,PROD_0140,5,1990.11,9950.55,2023-11-19,credit_card,Gomes,RJ,shipped,parceiro_c
2c97e4a7-a470-803a-66e4-22cfc360bab9,CUST_02619,PROD_4211,2,4502.25,9004.5,2023-11-19,credit_card,Aparecida,RJ,delivered,parceiro_a
fc21d438-efd0-3918-2a78-5332e2c9a937,CUST_24791,PROD_0611,3,1554.24,4662.72,2023-11-19,credit_card,Nunes,SP,delivered,parceiro_a
58930feb-a8d9-c457-9dbb-ef544bf49265,CUST_08519,PROD_1031,20,436.71,8734.2,2023-11-19,credit_card,Rocha Grande,RJ,shipped,parceiro_a
79746edf-e3e6-9e54-5109-42b2b266898a,CUST_40198,PROD_0688,4,3066.14,12264.56,2023-11-19,credit_card,Borges dos Dourados,SP,delivered,parceiro_a
ad6f1767-832e-7d20-84ea-62f4459c072a,CUST_15346,PROD_0944,3,369.43,1108.29,2023-11-19,pix,Cassiano de Castro,BA,delivered,parceiro_a
e92f51c6-de56-29ef-9334-1b05ebfeaf80,CUST_47311,PROD_2124,13,1998.29,25977.77,2023-11-19,pix,Pimenta do Amparo,PR,shipped,parceiro_a
2eff11d1-e32f-7931-c719-1a904b01c69d,CUST_14046,PROD_2098,8,2004.07,16032.56,2023-11-19,pix,Andrade,RJ,pending,parceiro_a
38d7dd73-c0dc-804c-4b0a-2a0501c90f6c,CUST_06391,PROD_2522,9,4758.65,42827.85,2023-11-19,pix,Aragão de Goiás,SC,cancelled,parceiro_b
6ee312f8-aa4d-5ff6-c9f6-e377e6a1ec40,CUST_38864,PROD_0682,1,2407.28,2407.28,2023-11-19,pix,Guerra do Galho,MG,cancelled,parceiro_b
2747f5bc-4926-1f36-4a52-1b77dc3615ed,CUST_36896,PROD_3001,5,4595.4,22977.0,2023-11-19,debit_card,Monteiro de da Rocha,MT,cancelled,parceiro_c
8a056d52-01c2-bf98-0742-f99f84d98b2a,CUST_30330,PROD_0317,9,2447.52,22027.68,2023-11-19,credit_card,Cardoso,CE,delivered,parceiro_b
c22080b2-5c4b-acc3-161d-a9ddc5d2a9df,CUST_04071,PROD_2309,9,2222.39,20001.51,2023-11-19,boleto,Nascimento,SE,shipped,parceiro_a
c14e6dd0-bcac-4c5f-5de4-1d94fd0e418c,CUST_39294,PROD_2246,19,4341.09,82480.71,2023-11-19,boleto,Freitas do Amparo,SP,delivered,parceiro_a
0f965add-27c1-b84d-f85a-f8896d4d08f9,CUST_08496,PROD_4257,13,4030.22,52392.86,2023-11-19,credit_card,Casa Grande,RJ,delivered,parceiro_a
127b85c3-094c-aa1a-e468-e13e05361cf1,CUST_07161,PROD_3543,18,1488.21,26787.78,2023-11-19,credit_card,Borges,MG,shipped,parceiro_a
aec7a104-fd28-d3cb-81cc-97ae371dcff3,CUST_10104,PROD_2435,12,3810.77,45729.24,2023-11-19,pix,Freitas,SP,delivered,parceiro_b
32777032-964e-3227-2472-915f22f0def1,CUST_49255,PROD_3868,12,252.18,3026.16,2023-11-19,credit_card,Viana de Montenegro,CE,delivered,parceiro_b
0822ea72-71fd-4b9b-3313-f0b5c6c67342,CUST_03809,PROD_1265,19,3073.14,58389.66,2023-11-19,credit_card,da Cruz,RJ,delivered,parceiro_a
40a5f430-9519-7e0e-b29a-69be9a3e28f2,CUST_30664,PROD_4781,20,4031.82,80636.4,2023-11-19,credit_card,Alves do Galho,SE,delivered,parceiro_b
2aa1a9a3-b923-4eb6-360f-eeadc5aa25ca,CUST_30832,PROD_2060,13,3985.3,51808.9,2023-11-19,debit_card,Castro,PB,delivered,parceiro_b
0ac8e951-157e-3298-c6d7-0c18cf507dc7,CUST_12380,PROD_4279,4,1432.16,5728.64,2023-11-19,boleto,Araújo de Minas,MG,shipped,parceiro_c
3b0ed4db-5d80-3210-6d3b-8ea7ef4837e5,CUST_40687,PROD_0015,20,3980.67,79613.4,2023-11-19,credit_card,Silveira Verde,RJ,delivered,parceiro_c
c4515d2c-dbc5-785d-cb11-b9c9eff531af,CUST_35456,PROD_2449,9,811.85,7306.65,2023-11-19,credit_card,Câmara da Prata,SP,delivered,parceiro_a
bb306b83-331e-f5c1-bb60-9435a435ca84,CUST_44534,PROD_1215,18,3882.09,69877.62,2023-11-19,pix,Abreu,AP,pending,parceiro_c
00a1c4e8-d4bd-2eec-a856-3f3d476a51ce,CUST_06012,PROD_3615,13,2893.2,37611.6,2023-11-19,credit_card,Freitas,SP,shipped,parceiro_c
7bf8fc02-a86c-86c3-6aed-562c529a4822,CUST_02310,PROD_2911,20,1900.96,38019.2,2023-11-19,pix,Barbosa,PR,pending,parceiro_b
e990cfd3-038c-0f14-07a3-8102dc365a8b,CUST_06359,PROD_1204,15,689.98,10349.7,2023-11-19,pix,da Costa de Barbosa,SP,delivered,parceiro_c
6ea7c4af-3062-3af5-fcff-6be42892b7b3,CUST_33732,PROD_2037,6,430.84,2585.04,2023-11-19,debit_card,Freitas das Pedras,CE,delivered,parceiro_c
98834d33-2bfe-a7ec-b91e-f31dc690867d,CUST_24909,PROD_4296,20,4375.89,87517.8,2023-11-19,pix,Lima,RS,delivered,parceiro_b
f5ad6cab-c25d-74d2-fd4b-91b6b984b135,CUST_36055,PROD_2596,20,3323.53,66470.6,2023-11-19,debit_card,Fonseca,RJ,delivered,parceiro_a
5b738596-07cf-8996-235e-f251b0f6ae4b,CUST_15786,PROD_0732,14,271.06,3794.84,2023-11-19,boleto,Rodrigues,PR,delivered,parceiro_a
4e0a48b2-0a1b-185c-5180-1639d0eb708b,CUST_10623,PROD_4906,9,3651.38,32862.42,2023-11-19,debit_card,Machado,PR,delivered,parceiro_b
77e8e42f-0aee-cb74-8ca5-3adbb003a9d6,CUST_28373,PROD_0940,13,4015.39,52200.07,2023-11-19,pix,Silveira,PR,delivered,parceiro_b
0b97be4b-7f51-c7f4-680e-a3fe5e08814f,CUST_43257,PROD_2257,7,1605.34,11237.38,2023-11-19,pix,Oliveira,PE,shipped,parceiro_c
8ab2f31e-403b-0e6e-1ba3-e4684afd6685,CUST_18058,PROD_1944,9,479.31,4313.79,2023-11-19,credit_card,da Cruz,BA,cancelled,parceiro_b
6af686de-f6c4-cb16-e54d-61c65477fe2e,CUST_32462,PROD_1062,1,2453.63,2453.63,2023-11-19,pix,Duarte de da Luz,SP,delivered,parceiro_c
2727ff5d-1600-bf5f-5f48-a35115ac0cd5,CUST_24236,PROD_4575,20,3211.72,64234.4,2023-11-19,debit_card,Moura,MG,delivered,parceiro_a
55239624-31b8-ca26-4b4d-cc18bdbabb15,CUST_48015,PROD_4349,8,2511.18,20089.44,2023-11-19,pix,Souza da Mata,PR,delivered,parceiro_b
02a21a6c-5908-dedf-4257-6fcda7a384b9,CUST_00687,PROD_0507,13,1571.88,20434.44,2023-11-19,boleto,Mendes,CE,delivered,parceiro_a
f7fb0084-1df5-07e0-cbd3-d784baeeb99b,CUST_18197,PROD_2056,5,1637.83,8189.15,2023-11-19,pix,Duarte Verde,DF,delivered,parceiro_c
7553f112-0347-eef7-f372-46d30c7cae33,CUST_04571,PROD_2853,1,3547.52,3547.52,2023-11-19,pix,Barros,SC,cancelled,parceiro_b
e93d061b-37f3-e15e-1429-02a73d06075b,CUST_04038,PROD_1557,7,3356.6,23496.2,2023-11-19,pix,Moura,SP,delivered,parceiro_c
8c22a8ca-6399-69cc-597e-a45046528ce7,CUST_42489,PROD_3023,7,752.97,5270.79,2023-11-19,debit_card,da Cunha Verde,SP,delivered,parceiro_c
30b93a12-6bed-7457-4f78-467c13a4a8d1,CUST_34319,PROD_4983,1,269.47,269.47,2023-11-19,debit_card,Guerra,RR,delivered,parceiro_a
f200ff7f-8bd6-8a1a-47f8-4ecb8432e28f,CUST_23673,PROD_4607,20,3683.26,73665.2,2023-11-19,pix,Novaes,SP,cancelled,parceiro_b
976719f7-2f1f-f1e0-8864-5799be453f81,CUST_39379,PROD_2383,5,3205.58,16027.9,2023-11-19,credit_card,Silveira,MS,delivered,parceiro_b
020f3305-baeb-376d-12d0-4643628ec043,CUST_19656,PROD_3997,10,3511.82,35118.2,2023-11-19,debit_card,das Neves,BA,shipped,parceiro_b
e38f50c4-7191-bfdb-507e-5627d07a9776,CUST_47776,PROD_1696,10,3498.48,34984.8,2023-11-19,credit_card,Rios,RS,delivered,parceiro_a
acdcbd3b-c7fa-dc9a-3985-74bb8233f27a,CUST_25136,PROD_2573,5,591.38,2956.9,2023-11-19,credit_card,Leão dos Dourados,GO,delivered,parceiro_c
d4e3ebe1-32b9-c730-b052-5c46b217c9b9,CUST_26200,PROD_2772,8,641.83,5134.64,2023-11-19,credit_card,Nascimento Paulista,SP,delivered,parceiro_c
a361615a-ab4d-d209-3991-373924aefdac,CUST_17322,PROD_0171,19,3704.1,70377.9,2023-11-19,credit_card,Rocha das Pedras,PR,delivered,parceiro_b
531e6c1c-9ac4-43a2-fe4a-2b133b6cc482,CUST_37129,PROD_0233,16,1945.46,31127.36,2023-11-19,credit_card,Teixeira,SP,delivered,parceiro_b
8c421a87-8661-93d2-dfbb-6b92efdc6b5f,CUST_26522,PROD_3171,20,2366.76,47335.2,2023-11-19,debit_card,Abreu,MG,delivered,parceiro_c
958c3a07-344c-2feb-15d2-3e3c3a959b66,CUST_09592,PROD_2400,5,3307.2,16536.0,2023-11-19,debit_card,Aragão de da Mata,SP,delivered,parceiro_a
15939d1c-5f0e-446b-2d1c-5f6c527b8664,CUST_24984,PROD_3404,2,2562.61,5125.22,2023-11-19,boleto,Pereira Verde,RJ,delivered,parceiro_a
08fa45a7-eeb9-6ca1-3d30-c46633ee9b82,CUST_43235,PROD_1033,20,3449.89,68997.8,2023-11-19,pix,Aragão da Prata,SP,delivered,parceiro_a
0b27a159-b415-737e-7733-fb6617e68778,CUST_46160,PROD_1720,13,721.2,9375.6,2023-11-19,credit_card,Fernandes,MA,delivered,parceiro_a
6b359904-d0d8-ef50-59a1-c2045ec76991,CUST_33897,PROD_2033,17,3111.72,52899.24,2023-11-19,credit_card,Rios,SP,delivered,parceiro_a
2e0e1310-89d4-ecf6-a98a-f5de2efdee92,CUST_09757,PROD_2741,8,712.57,5700.56,2023-11-19,pix,Freitas do Campo,MS,delivered,parceiro_b
f4dc4d84-c158-01e6-7698-f904e037460c,CUST_45077,PROD_0360,7,32.64,228.48,2023-11-19,pix,Leão,MG,delivered,parceiro_a
33619d76-21ae-7a18-8f2e-c1dd9a5a0e17,CUST_09565,PROD_3659,2,52.08,104.16,2023-11-19,boleto,Pastor,SC,cancelled,parceiro_b
3e18eaf8-de4a-525b-88ed-02b3b92da04e,CUST_13874,PROD_2350,19,4184.55,79506.45,2023-11-19,debit_card,Aparecida de Cavalcante,RJ,shipped,parceiro_a
2c8ae2d3-d95f-8c89-21b6-4f3fd57e3ffe,CUST_31767,PROD_2202,10,2457.09,24570.9,2023-11-19,boleto,Vargas,SP,delivered,parceiro_c
369f2ce5-5574-97fc-096d-37527dc07aab,CUST_28275,PROD_2509,1,1957.24,1957.24,2023-11-19,pix,Pinto,RJ,cancelled,parceiro_c
5e908a14-6ad9-211d-1a59-b9319f84308f,CUST_13730,PROD_0759,10,2652.96,26529.6,2023-11-19,pix,Fonseca,PR,delivered,parceiro_a
4d3e1dd3-68ce-b091-4eba-3dd601708df4,CUST_08144,PROD_0930,18,4022.72,72408.96,2023-11-19,credit_card,Aparecida,PE,delivered,parceiro_b
3fab39d5-fd87-9200-d40f-d12101a3d9ed,CUST_43117,PROD_3610,20,142.45,2849.0,2023-11-19,credit_card,Lopes,CE,delivered,parceiro_c
af7701b5-e920-5d26-54bf-197fe8737bb9,CUST_14279,PROD_0371,8,3939.74,31517.92,2023-11-19,debit_card,Andrade da Serra,RJ,delivered,parceiro_a
986655c6-8441-3127-f6f1-5f67d764e04f,CUST_42465,PROD_3852,11,4733.42,52067.62,2023-11-19,pix,Novais de Monteiro,MG,delivered,parceiro_b
dfb02d7c-f2d9-204f-2ecd-7199533cdd8c,CUST_26469,PROD_3941,16,1683.44,26935.04,2023-11-19,boleto,Fernandes da Prata,SC,delivered,parceiro_c
638f9696-f324-bcfc-9596-2ac08e87577c,CUST_44616,PROD_4823,17,3530.9,60025.3,2023-11-19,credit_card,Jesus de Caldeira,BA,delivered,parceiro_a
267a11bb-0bc8-997d-c7fd-261d17f80c4c,CUST_42123,PROD_1869,3,4911.43,14734.29,2023-11-19,credit_card,Caldeira,RJ,delivered,parceiro_a
7a622b18-ae8b-e318-3c95-6f4ed3b29b8b,CUST_48814,PROD_4969,12,4579.06,54948.72,2023-11-19,debit_card,da Rosa,SP,pending,parceiro_c
9a82e748-4c29-0363-bba2-ad1ccbed9722,CUST_03184,PROD_1725,18,826.36,14874.48,2023-11-19,pix,Porto,SP,shipped,parceiro_b
defcb0fb-f74a-0f31-4f00-cf0fb2250396,CUST_45030,PROD_3208,7,2462.12,17234.84,2023-11-19,pix,Novais,SC,delivered,parceiro_a
9c6b54eb-f89a-b3e2-8713-44c4f6c428a8,CUST_23802,PROD_2795,10,152.21,1522.1,2023-11-19,credit_card,Pereira de Correia,AM,shipped,parceiro_a
e4bfd3f9-412a-93f4-c780-43f0197f27ca,CUST_38041,PROD_0121,8,3784.91,30279.28,2023-11-19,credit_card,Câmara,MG,delivered,parceiro_c
8b9f4196-1e32-521d-d93e-4b85a22419b3,CUST_42786,PROD_2656,13,3479.61,45234.93,2023-11-19,credit_card,Cavalcanti,RJ,cancelled,parceiro_b
da8595ad-27b8-176b-c920-b3871feca6c8,CUST_38486,PROD_2946,9,536.45,4828.05,2023-11-19,pix,Dias da Prata,SP,pending,parceiro_a
16f4383d-3453-3461-ff62-c3ef32d441d2,CUST_15036,PROD_1169,11,92.74,1020.14,2023-11-19,pix,Silveira,SC,delivered,parceiro_a
1c0b2640-cc25-7a4a-71cf-a8ed16dec425,CUST_31861,PROD_0494,5,2355.36,11776.8,2023-11-19,credit_card,Barbosa de Ramos,PR,delivered,parceiro_a
a5e5f0ca-31ef-565b-cd45-26bafc2e22ba,CUST_48221,PROD_0142,20,4397.26,87945.2,2023-11-19,debit_card,Mendonça,BA,delivered,parceiro_a
651ada2d-b3a5-f94c-dfe2-778e1d81b440,CUST_01413,PROD_0019,18,3086.23,55552.14,2023-11-19,credit_card,da Paz,RJ,cancelled,parceiro_a
5046294b-8177-7ceb-646e-2f24bdd1b445,CUST_22407,PROD_1191,7,3858.16,27007.12,2023-11-19,debit_card,da Conceição dos Dourados,RJ,pending,parceiro_b
6a9bf74b-9cb2-0e89-ea42-e98b89e97e24,CUST_06186,PROD_4308,15,2504.59,37568.85,2023-11-19,boleto,Caldeira de Freitas,TO,delivered,parceiro_c
e20a8562-6b0d-93d5-852e-925c3450ad79,CUST_14482,PROD_0860,12,2564.96,30779.52,2023-11-19,credit_card,Pastor do Sul,PI,delivered,parceiro_a
3ee55198-1c44-e0e3-98bc-b401504ce01c,CUST_26961,PROD_0330,16,3715.57,59449.12,2023-11-19,debit_card,da Luz,RS,delivered,parceiro_c
8a94bf07-747e-ca8d-6360-f1a8a9d82b78,CUST_43374,PROD_1353,17,643.53,10940.01,2023-11-19,pix,Nascimento de Minas,RN,pending,parceiro_a
9b514b46-73b6-4cca-549a-11c209526904,CUST_45087,PROD_2376,17,4815.92,81870.64,2023-11-19,debit_card,Brito,BA,delivered,parceiro_c
67366d70-851f-c588-701c-f913c331236f,CUST_20085,PROD_3125,14,2473.88,34634.32,2023-11-19,credit_card,Barros de da Rosa,RJ,pending,parceiro_a
27b4082d-ffeb-68fc-16ea-ba440f049274,CUST_05573,PROD_3904,6,2414.58,14487.48,2023-11-19,credit_card,Rios,MG,shipped,parceiro_b
d2a20491-2dbb-e26d-2c24-11729e935ae8,CUST_27491,PROD_1277,10,2482.28,24822.8,2023-11-19,credit_card,Pacheco do Campo,PA,delivered,parceiro_a
e968a78f-877b-731e-c6a5-c5dcd484d448,CUST_25588,PROD_4085,9,829.43,7464.87,2023-11-19,credit_card,Nunes,MG,delivered,parceiro_b
67c0c085-44cd-456d-dcbc-8d6df1ae67e3,CUST_06716,PROD_0955,16,386.96,6191.36,2023-11-19,credit_card,Pires Paulista,SP,delivered,parceiro_a
bab33565-adf5-d23f-12cb-b93c8981f0cc,CUST_32320,PROD_0219,5,4886.27,24431.35,2023-11-19,pix,Lopes de Aragão,BA,delivered,parceiro_a
688d065a-d05e-d2eb-6511-3ed0d1d12764,CUST_18705,PROD_2739,7,4815.6,33709.2,2023-11-19,debit_card,Correia do Campo,SP,pending,parceiro_a
c0ad57f2-f873-79f3-849b-d59406b67fc2,CUST_30775,PROD_1268,5,329.15,1645.75,2023-11-19,credit_card,da Rocha da Serra,PE,delivered,parceiro_b
84703a42-7217-b98c-22e2-ebdd194fe5bf,CUST_48499,PROD_4704,9,1719.72,15477.48,2023-11-19,credit_card,Moreira,PR,delivered,parceiro_c
edb3ec1f-6621-b682-2aea-a6cf675afc81,CUST_32555,PROD_2530,1,556.62,556.62,2023-11-19,credit_card,Porto Paulista,PR,pending,parceiro_b
b28e2938-20fb-5161-8832-a3a6016be801,CUST_12496,PROD_3069,8,2868.71,22949.68,2023-11-19,debit_card,Castro,PR,shipped,parceiro_b
64b5eecb-49e6-c295-7308-226eb8811926,CUST_06456,PROD_0047,14,4144.63,58024.82,2023-11-19,pix,Pastor,SC,pending,parceiro_a
0beeff1e-7e21-ab45-54f8-6c23cfa7554a,CUST_46710,PROD_2947,5,2072.15,10360.75,2023-11-19,debit_card,Novais do Norte,MG,delivered,parceiro_a
a5f960b6-aa50-8785-fe98-f69e98ea3832,CUST_06546,PROD_3950,8,2122.46,16979.68,2023-11-19,debit_card,Lima do Oeste,BA,delivered,parceiro_a
8c8d80be-b5bb-5ab8-12ec-ab215690385f,CUST_45111,PROD_0567,5,348.13,1740.65,2023-11-19,debit_card,Ramos,RJ,delivered,parceiro_a
56847a2b-e910-11cf-c17b-723203298d17,CUST_38705,PROD_0207,2,3868.62,7737.24,2023-11-19,boleto,Rodrigues Grande,RS,delivered,parceiro_b
490afbac-98b2-3cda-1d1c-a13e0d4bb57e,CUST_16076,PROD_2676,6,4646.28,27877.68,2023-11-19,credit_card,Cunha das Flores,PR,pending,parceiro_a
0672141d-4424-1cad-57d0-9923d0ad0341,CUST_43691,PROD_0002,15,2535.47,38032.05,2023-11-19,credit_card,Brito Alegre,SP,delivered,parceiro_c
142daf1b-3e42-c1be-016d-a5f10669c886,CUST_15391,PROD_0453,1,3221.59,3221.59,2023-11-19,credit_card,Pastor de Abreu,AL,delivered,parceiro_c
73b2b9cd-1d73-4a7d-44b7-d356be0963e9,CUST_16720,PROD_2524,12,837.62,10051.44,2023-11-19,pix,Novaes de Vasconcelos,PE,delivered,parceiro_a
bc195e65-f66e-724d-43d4-eabdcc3367f3,CUST_32211,PROD_0940,17,2531.76,43039.92,2023-11-19,debit_card,Carvalho de da Paz,SP,delivered,parceiro_b
5fbf4a34-e911-e92a-6886-e53d1698b93c,CUST_17155,PROD_4059,18,668.57,12034.26,2023-11-19,pix,Machado,PR,pending,parceiro_a
dbfb3742-5e1f-c320-97bb-5cd115761535,CUST_45608,PROD_4278,15,541.63,8124.45,2023-11-19,pix,Sá do Sul,RJ,cancelled,parceiro_b
8bb91dea-e93d-41f0-6237-3eafe4ac3437,CUST_34923,PROD_0437,9,1681.29,15131.61,2023-11-19,boleto,Pires da Prata,RS,delivered,parceiro_a
f2be0d45-aca1-a36d-53e0-6d95c9fdcb7f,CUST_33013,PROD_2937,16,1024.42,16390.72,2023-11-19,debit_card,Nogueira da Prata,SC,delivered,parceiro_c
54ee9816-c810-e81c-f9a0-767e9b5515d0,CUST_48935,PROD_0695,5,460.86,2304.3,2023-11-19,boleto,Vieira de Fogaça,SP,delivered,parceiro_b
f3e863d8-606b-d1f0-62c7-86827ed1fa44,CUST_12699,PROD_3260,15,1574.0,23610.0,2023-11-19,credit_card,da Mata,RN,delivered,parceiro_b
cc192057-88a0-5872-f6e1-11f8a00705eb,CUST_08516,PROD_3668,3,3103.23,9309.69,2023-11-19,credit_card,da Mota de Martins,RS,delivered,parceiro_a
0c714832-e1e5-25e4-097a-404ebce63616,CUST_32817,PROD_2315,20,4034.48,80689.6,2023-11-19,pix,da Mata,SP,delivered,parceiro_c
a63fdfd8-96fb-7610-7fdc-ef893258e0e7,CUST_40500,PROD_2583,14,4790.5,67067.0,2023-11-19,credit_card,Aparecida,MG,delivered,parceiro_c
7ea0f2d9-8085-11d6-8a31-86630ef6e37a,CUST_08786,PROD_0151,7,547.43,3832.01,2023-11-19,debit_card,Marques da Praia,SP,delivered,parceiro_a
726fd498-7752-6f7f-e6cb-bfa8d18b899c,CUST_16719,PROD_2674,16,1398.63,22378.08,2023-11-19,credit_card,Alves,RS,delivered,parceiro_a
df0fa4d0-db49-8b45-93a1-d42c5bfd7a35,CUST_32187,PROD_0008,8,622.37,4978.96,2023-11-19,pix,Vieira,BA,cancelled,parceiro_b
d0eb0328-7f5d-3b63-806a-41c934155d35,CUST_38627,PROD_1138,17,1712.16,29106.72,2023-11-19,credit_card,da Cunha,SP,shipped,parceiro_a
d4d7d6d7-06e7-4517-6ec2-7c9a20441f22,CUST_38983,PROD_0491,5,3914.07,19570.35,2023-11-19,credit_card,Melo de Montenegro,ES,delivered,parceiro_c
e2d81e71-1b74-5503-e4af-accf26ad85d4,CUST_47242,PROD_1734,13,782.9,10177.7,2023-11-19,credit_card,Barros,DF,cancelled,parceiro_a
9891b093-2567-8664-602b-2daa92d26da8,CUST_11665,PROD_2386,19,642.09,12199.71,2023-11-19,credit_card,Santos,SP,shipped,parceiro_b
3b8bf8c4-b859-70c5-1189-daa98d42b971,CUST_18057,PROD_3118,17,1779.82,30256.94,2023-11-19,credit_card,Lopes Alegre,RJ,delivered,parceiro_c
d8c5a042-ac65-a142-e4e7-fe776493fa4a,CUST_35412,PROD_0991,20,4282.29,85645.8,2023-11-19,boleto,Rodrigues,SP,delivered,parceiro_a
f0a7eca2-8347-6be1-3311-74561c2e8500,CUST_13597,PROD_4576,4,2961.32,11845.28,2023-11-19,credit_card,Nunes de Correia,SP,delivered,parceiro_a
d4585e7b-e622-79e3-984a-3bc3e24708be,CUST_38210,PROD_3041,4,1695.38,6781.52,2023-11-19,pix,Oliveira da Serra,GO,cancelled,parceiro_a
e2998c88-f8cb-159c-62c6-c0e9b76634ff,CUST_14893,PROD_4643,4,4966.95,19867.8,2023-11-19,credit_card,Vieira de Rios,TO,delivered,parceiro_b
d3a98ecb-70e9-9bb7-62fe-35535ce5fb8a,CUST_24875,PROD_1643,13,2489.39,32362.07,2023-11-19,credit_card,Vargas,SP,cancelled,parceiro_a
d7999b9e-8c97-3b4b-815c-57bf70a03d8a,CUST_22956,PROD_3984,9,3061.49,27553.41,2023-11-19,credit_card,Correia,RJ,delivered,parceiro_b
91dee536-31fc-6215-b5ce-f913da751a8b,CUST_24751,PROD_2798,2,1747.41,3494.82,2023-11-19,credit_card,Borges,SC,delivered,parceiro_a
d2c411e6-9f6b-ef19-294f-77b016e457c8,CUST_31619,PROD_1720,2,1994.25,3988.5,2023-11-19,debit_card,Barbosa de Goiás,SP,delivered,parceiro_a
f5b94b98-3b0c-0e56-80b3-9031d7c4bbec,CUST_10798,PROD_4266,6,1935.6,11613.6,2023-11-19,credit_card,da Paz,PE,cancelled,parceiro_b
99582007-ee79-6032-4eb0-95c608c1259a,CUST_14095,PROD_2640,19,2883.44,54785.36,2023-11-19,pix,Araújo,SP,delivered,parceiro_b
efc048b2-2366-ce99-bffa-0c2245a82e75,CUST_27081,PROD_3856,17,4053.79,68914.43,2023-11-19,credit_card,Montenegro,MG,delivered,parceiro_a
42f8d33b-8d60-00fd-0ca3-aa5dc6ae4f83,CUST_31881,PROD_2532,4,1948.67,7794.68,2023-11-19,pix,Sousa,SP,delivered,parceiro_a
784ddcd0-219d-2059-7986-c2c0cbdd1608,CUST_39913,PROD_4583,19,1167.04,22173.76,2023-11-19,pix,da Paz da Prata,MG,shipped,parceiro_a
59e4d2f1-8f04-a19b-c4b0-1faf46bf5bb7,CUST_46084,PROD_0800,12,1939.63,23275.56,2023-11-19,credit_card,Macedo da Prata,RJ,delivered,parceiro_c
c8147e78-53f3-8cb3-e01e-d7592ed5950f,CUST_26100,PROD_1190,10,1718.39,17183.9,2023-11-19,boleto,Moura dos Dourados,SP,delivered,parceiro_c
12a11086-4564-f446-0ba6-1998c6b73cc4,CUST_34304,PROD_1198,12,3989.33,47871.96,2023-11-19,credit_card,Silveira de Pires,BA,pending,parceiro_b
7d02887a-b981-807a-956e-189e9ebd2eba,CUST_28863,PROD_0963,8,4407.06,35256.48,2023-11-19,credit_card,Teixeira,MG,delivered,parceiro_a
56a4f8fc-4972-5f37-3308-73da71564fb5,CUST_28639,PROD_3898,15,4812.84,72192.6,2023-11-19,boleto,Fonseca das Flores,CE,delivered,parceiro_a
957515e5-e585-3458-d30b-97a24ea1884a,CUST_39322,PROD_4107,11,4459.44,49053.84,2023-11-19,credit_card,da Mata,CE,shipped,parceiro_b
de80e900-11d8-e3c5-68cf-e6cc255d1c11,CUST_23865,PROD_3619,2,3445.56,6891.12,2023-11-19,pix,Mendes Alegre,SP,pending,parceiro_b
9cf72e57-4a64-c05d-07ff-ecb7c5315625,CUST_40087,PROD_4541,4,822.67,3290.68,2023-11-19,pix,Câmara,RJ,pending,parceiro_b
988a9ccb-b509-167b-719a-6eab9d52bcba,CUST_38777,PROD_1770,15,3346.99,50204.85,2023-11-19,boleto,Cavalcanti,PR,delivered,parceiro_b
7d11fb56-9db4-f91b-bb74-94102e096ccc,CUST_06461,PROD_1055,19,4832.74,91822.06,2023-11-19,boleto,Melo,RJ,shipped,parceiro_a
ab241b3f-2310-009e-921f-412a97230dc9,CUST_13019,PROD_2460,20,2134.1,42682.0,2023-11-19,debit_card,Monteiro de Goiás,ES,pending,parceiro_a
b6cae9d1-234a-00de-3e49-4a663d0be876,CUST_25301,PROD_3361,2,2387.55,4775.1,2023-11-19,credit_card,Azevedo,PI,cancelled,parceiro_a
d1b644dd-dd37-462f-524a-ad1799e1d47d,CUST_49598,PROD_4860,15,340.01,5100.15,2023-11-19,debit_card,Gomes,SP,delivered,parceiro_b
d754da3b-80f7-af0f-8d8c-98c8a717577e,CUST_41768,PROD_0608,11,1055.72,11612.92,2023-11-19,pix,Oliveira Grande,BA,cancelled,parceiro_a
dc604709-bbf0-e4b9-3f48-1a648691364c,CUST_04863,PROD_3814,15,2008.88,30133.2,2023-11-19,credit_card,Cunha,SP,delivered,parceiro_c
6ed5a572-d2f9-d631-194d-5ce171f39690,CUST_05170,PROD_3125,17,3324.33,56513.61,2023-11-19,credit_card,Sousa,MG,shipped,parceiro_b
c6928c31-e7b3-d286-0b61-c99e80e5a4aa,CUST_37585,PROD_0055,15,362.04,5430.6,2023-11-19,credit_card,Borges,CE,pending,parceiro_c
fe9c35c1-9a63-b00e-daab-a882c19eb5c3,CUST_24208,PROD_3009,14,4501.87,63026.18,2023-11-19,credit_card,Alves,PR,shipped,parceiro_b
46aa2c67-bb92-2f5e-8941-3fb2ba24f059,CUST_28925,PROD_1544,14,4100.86,57412.04,2023-11-19,debit_card,Cunha do Oeste,DF,shipped,parceiro_b
9cf46a8d-04c4-b904-5718-c052a8b966f3,CUST_34584,PROD_0678,18,4780.29,86045.22,2023-11-19,pix,Novais,AC,delivered,parceiro_b
25db9243-466c-5b40-fbdd-98c7846bdb2f,CUST_15979,PROD_2959,18,3049.03,54882.54,2023-11-19,boleto,Moura das Pedras,ES,delivered,parceiro_b
ae59b68a-1fff-498b-3a60-d9f365ce9f1d,CUST_39134,PROD_1384,7,3291.55,23040.85,2023-11-19,pix,Santos de Leão,BA,cancelled,parceiro_b
ce9a23a3-850d-61eb-0e9c-e4c4e71a21e7,CUST_06436,PROD_0740,20,1107.24,22144.8,2023-11-19,pix,Cassiano,SP,shipped,parceiro_b
252c5855-85d2-decd-a1e5-a870a4b224b3,CUST_18638,PROD_0186,3,3426.45,10279.35,2023-11-19,credit_card,Mendes,SP,pending,parceiro_a
d04b3dc1-3e25-49e4-d2db-d49715f5f543,CUST_46036,PROD_3764,16,1270.75,20332.0,2023-11-19,credit_card,da Conceição,SP,pending,parceiro_c
2bd502d2-1c19-15fc-13b8-0fc589a88322,CUST_02817,PROD_4022,18,4298.72,77376.96,2023-11-19,boleto,Fernandes,MG,delivered,parceiro_b
a5fb39d2-a781-1158-74af-4524a40b2b74,CUST_23378,PROD_3350,13,1700.08,22101.04,2023-11-19,boleto,da Conceição de Goiás,SP,delivered,parceiro_c
a1fab0bb-305d-7a9b-9bfd-864cdcd59459,CUST_48054,PROD_3036,1,4080.26,4080.26,2023-11-19,debit_card,Borges,SP,shipped,parceiro_b
597fad00-debb-6eeb-b1f1-32b91dba30f7,CUST_39802,PROD_2625,3,1335.54,4006.62,2023-11-19,pix,Garcia,MG,delivered,parceiro_a
231f2f86-79bf-da19-ee47-5b6201060eb1,CUST_27844,PROD_4307,15,2749.74,41246.1,2023-11-19,credit_card,Freitas da Serra,MG,delivered,parceiro_b
80f40f98-3f39-5123-b484-661f26b592d9,CUST_14071,PROD_1245,14,2391.08,33475.12,2023-11-19,debit_card,Dias de Caldeira,SP,shipped,parceiro_a
95aa95de-307b-87da-dcff-79a6339d6044,CUST_46056,PROD_3282,15,2871.6,43074.0,2023-11-19,pix,Lima,SP,delivered,parceiro_c
c3ba6874-f96f-8987-61ea-9ec18deee8e9,CUST_11797,PROD_0582,13,4931.7,64112.1,2023-11-19,boleto,Guerra,BA,delivered,parceiro_c
681d90c8-2f4e-643f-06ea-f6cdcfbb297a,CUST_46551,PROD_2083,17,132.83,2258.11,2023-11-19,pix,Costa,PE,delivered,parceiro_b
fd594cb1-3203-8404-22b2-c5cf37e9b4e1,CUST_40896,PROD_2957,15,2153.11,32296.65,2023-11-19,debit_card,Garcia do Campo,PB,pending,parceiro_b
514cd8ea-8c8b-3ba6-a3d8-fcd614b27f0f,CUST_09134,PROD_4468,19,4802.73,91251.87,2023-11-19,credit_card,da Cunha do Sul,SP,delivered,parceiro_b
0a5461a9-bcfa-9ec1-84d2-ac6f2c3f555d,CUST_04911,PROD_3824,3,168.61,505.83,2023-11-19,pix,Sá,BA,pending,parceiro_b
c1c4edbe-4347-826a-70bb-7bc19c4b5214,CUST_30135,PROD_2640,12,313.52,3762.24,2023-11-19,pix,Pacheco,PR,delivered,parceiro_b
3a7cb5b9-2486-f6fd-76ee-2399df304738,CUST_21567,PROD_1709,2,4780.01,9560.02,2023-11-19,credit_card,Albuquerque de Minas,MT,pending,parceiro_a
414df1a4-04f9-1e9a-48b7-8ac391e26cf9,CUST_43179,PROD_3282,13,2748.06,35724.78,2023-11-19,pix,Aparecida da Mata,RJ,pending,parceiro_a
505ed047-4656-2f7b-1b92-53280c23836f,CUST_24646,PROD_0198,7,4560.93,31926.51,2023-11-19,credit_card,Sampaio,PR,delivered,parceiro_b
f685bd65-a258-3d59-1666-94343e49ec5d,CUST_08747,PROD_3958,2,4491.48,8982.96,2023-11-19,boleto,Silveira,GO,delivered,parceiro_b
769d1a3a-1ae2-5e2f-f6bd-aeeab22589e3,CUST_24734,PROD_3189,13,1680.87,21851.31,2023-11-19,boleto,Correia,MG,delivered,parceiro_b
0fae0546-f5fc-d452-5303-19e49d28cf2e,CUST_33332,PROD_3355,10,3009.98,30099.8,2023-11-19,credit_card,Novais Grande,RS,shipped,parceiro_b
c5474fab-6c02-9733-fe5a-dd55754c0dcc,CUST_17614,PROD_0730,11,144.81,1592.91,2023-11-19,credit_card,Peixoto,ES,delivered,parceiro_c
e8496588-f671-315e-1bd4-7b1b2b50fc1c,CUST_01501,PROD_2511,6,1010.73,6064.38,2023-11-19,boleto,Nogueira da Serra,DF,delivered,parceiro_c
6d224a32-c771-4d10-11ad-7e86647a8ba4,CUST_32439,PROD_2405,9,4319.59,38876.31,2023-11-19,credit_card,da Mota das Flores,SP,delivered,parceiro_c
6fc5cee6-d92a-b983-4e52-c0ebd0a45703,CUST_44559,PROD_4820,18,4092.8,73670.4,2023-11-19,credit_card,Oliveira do Sul,SC,delivered,parceiro_a
9a682192-0476-3969-0c51-1dddc65429cb,CUST_10075,PROD_4101,16,2179.73,34875.68,2023-11-19,debit_card,Almeida,PR,pending,parceiro_c
55a9197e-e2f4-50bd-983c-bfa5337b2fc0,CUST_48117,PROD_4834,16,2505.16,40082.56,2023-11-19,credit_card,Rios de Araújo,SP,delivered,parceiro_a
369646ab-9f10-2e02-47d0-3456b2b61be2,CUST_29349,PROD_2945,12,1938.53,23262.36,2023-11-19,credit_card,Araújo de Porto,MG,delivered,parceiro_b
a970278f-28ea-e2de-76e8-845c02236b44,CUST_06910,PROD_0301,18,16.35,294.3,2023-11-19,debit_card,Sousa,BA,cancelled,parceiro_c
07c35800-9f58-b27a-ab05-1c6b584733a3,CUST_09312,PROD_0224,2,155.68,311.36,2023-11-19,credit_card,Fernandes de Goiás,TO,delivered,parceiro_c
0e691ad7-5a4d-58ca-30da-94e712cef359,CUST_14511,PROD_2229,2,216.8,433.6,2023-11-19,credit_card,Rocha de Barbosa,MG,delivered,parceiro_b
1cc099fc-b5c7-e17a-c0d2-b7d98c00dd6b,CUST_46227,PROD_3652,8,2272.8,18182.4,2023-11-19,credit_card,Costa,SP,delivered,parceiro_c
e76b84cc-d851-1b39-9b84-21609cb6abdc,CUST_21192,PROD_0758,1,3942.54,3942.54,2023-11-19,pix,Silveira,MG,pending,parceiro_b
32001dff-dba4-b531-9fde-95f2f04e90d1,CUST_05714,PROD_3864,7,4783.42,33483.94,2023-11-19,credit_card,Macedo,AM,delivered,parceiro_c
f5ec0b02-d4a5-4ba9-e370-6c1432e07d86,CUST_04112,PROD_4247,1,1845.53,1845.53,2023-11-19,boleto,Pinto de Araújo,RS,shipped,parceiro_c
067c9230-fdf1-e0c2-c107-439f0829cb25,CUST_40797,PROD_2351,7,4565.54,31958.78,2023-11-19,pix,Marques,RJ,cancelled,parceiro_c
c9770e27-fd04-5bd8-3a03-0b6e6c3c386b,CUST_08320,PROD_4240,6,2806.84,16841.04,2023-11-19,debit_card,Souza,BA,delivered,parceiro_b
d76c5541-b55f-f122-ba4b-fb305411b41d,CUST_45471,PROD_0953,15,4838.73,72580.95,2023-11-19,credit_card,Peixoto dos Dourados,SP,delivered,parceiro_b
a4461d58-db6c-5ab4-6072-c60a40cc488d,CUST_33839,PROD_4680,20,3000.0,60000.0,2023-11-19,pix,Borges Verde,BA,delivered,parceiro_a
ad03ed06-bc91-18aa-b38f-ff35e103f378,CUST_49272,PROD_2594,5,730.08,3650.4,2023-11-19,pix,Fernandes,PR,delivered,parceiro_c
b8fc6bec-e1dc-9dc2-a5f6-198f546c4425,CUST_40883,PROD_3919,19,4706.9,89431.1,2023-11-19,credit_card,Ramos,RJ,delivered,parceiro_a
b759bc18-e179-86c3-a83c-831da7e4741d,CUST_19657,PROD_0888,10,1852.42,18524.2,2023-11-19,credit_card,Castro do Amparo,CE,delivered,parceiro_b
30bfa1e2-eff7-ef97-e5ca-9b55767b7927,CUST_11773,PROD_4576,13,2701.51,35119.63,2023-11-19,boleto,Cirino da Prata,SP,delivered,parceiro_a
9e05a75e-96c0-d1ac-fa69-76f59be154fe,CUST_01912,PROD_3997,4,2499.17,9996.68,2023-11-19,pix,Nunes da Praia,RJ,delivered,parceiro_c
58d8f823-7a7d-7602-0f72-0b43975e2613,CUST_26577,PROD_3566,4,384.49,1537.96,2023-11-19,boleto,Cavalcante,BA,shipped,parceiro_c
d262d0c8-f5e3-4a17-826e-f3e8ee16ea8b,CUST_03755,PROD_4064,9,251.28,2261.52,2023-11-19,pix,Almeida,PA,delivered,parceiro_b
5a0fc6e7-1abe-4526-8033-6f2ba38fc187,CUST_29577,PROD_1700,11,2736.11,30097.21,2023-11-19,credit_card,Carvalho de Pastor,PR,delivered,parceiro_c
35fd00cb-691e-9d71-0074-004c767b0069,CUST_01930,PROD_3987,11,1943.36,21376.96,2023-11-19,pix,Mendonça do Sul,RS,delivered,parceiro_b
a3d66fe4-7138-5c32-16a5-0a3296ee503f,CUST_30226,PROD_4171,19,2954.05,56126.95,2023-11-19,debit_card,Gomes,AP,shipped,parceiro_c
0168a8ef-359e-4336-b92f-6a073c24194b,CUST_39505,PROD_4952,10,2317.92,23179.2,2023-11-19,credit_card,Caldeira de Barbosa,SP,delivered,parceiro_b
abe505e5-c5ce-4059-ad77-f927368de3c4,CUST_27951,PROD_3437,5,2063.51,10317.55,2023-11-19,pix,Nogueira,RS,delivered,parceiro_b
b188cf0a-40c0-0489-97c6-25778f39fefe,CUST_14638,PROD_1004,3,4152.61,12457.83,2023-11-19,credit_card,Silveira,PR,delivered,parceiro_b
96e1e60e-2c7c-6450-a308-0593879974d6,CUST_03432,PROD_4663,4,948.03,3792.12,2023-11-19,credit_card,Caldeira do Amparo,PR,delivered,parceiro_c
0f799579-112b-a825-8982-10e07d214e04,CUST_12061,PROD_2696,20,3777.04,75540.8,2023-11-19,credit_card,Farias,RS,delivered,parceiro_b
9b6811c8-85b1-7137-f20b-1557b373e1aa,CUST_21283,PROD_1014,16,3088.47,49415.52,2023-11-19,credit_card,Cavalcanti da Mata,GO,delivered,parceiro_b
6fbfd182-d574-917c-fd9c-75574585beaa,CUST_11717,PROD_3995,13,3585.65,46613.45,2023-11-19,pix,Oliveira dos Dourados,PR,shipped,parceiro_b
5b0c4899-bbbd-5308-a20d-e255228fb40b,CUST_46354,PROD_0833,10,1325.2,13252.0,2023-11-19,pix,Cardoso de Montenegro,SC,shipped,parceiro_a
725f7624-6b86-f8bf-243a-29c60d67392b,CUST_46460,PROD_0912,2,4504.98,9009.96,2023-11-19,credit_card,Lopes dos Dourados,PR,pending,parceiro_a
d025051e-2174-6f7b-2189-172ec80a2273,CUST_00467,PROD_0509,17,1752.12,29786.04,2023-11-19,pix,Teixeira,RS,delivered,parceiro_b
2de22202-3a3d-6002-8d49-7397c61dd176,CUST_21827,PROD_1988,4,4875.94,19503.76,2023-11-19,pix,Moura,SP,delivered,parceiro_b
70e39bac-2077-7d26-3884-31550dcac5d9,CUST_09843,PROD_4803,8,4440.29,35522.32,2023-11-19,credit_card,Aragão,MG,pending,parceiro_a
d341940c-df9c-23f4-06e3-a077ed3c4b5e,CUST_07955,PROD_2118,10,2867.16,28671.6,2023-11-19,pix,Silva de Goiás,RS,delivered,parceiro_b
3da39b84-a328-3e8c-87a9-1042e8bda9a2,CUST_12618,PROD_1958,20,1162.88,23257.6,2023-11-19,pix,Nunes,BA,shipped,parceiro_c
c534f92a-40f4-474b-be3c-029efc8a2174,CUST_00997,PROD_3220,1,2489.12,2489.12,2023-11-19,credit_card,Peixoto,PR,cancelled,parceiro_a
57f28271-43bc-00c0-1c78-b25e4d53abfc,CUST_48616,PROD_4083,2,182.34,364.68,2023-11-19,debit_card,Vargas,MS,delivered,parceiro_b
d91bf1b7-6ca1-c7d0-b803-6000ce115fda,CUST_44641,PROD_4270,12,4611.64,55339.68,2023-11-19,credit_card,Lima da Mata,RJ,shipped,parceiro_b
a1b030a4-8990-66c4-d10f-8f0d27d8a77c,CUST_28151,PROD_3145,20,3149.86,62997.2,2023-11-19,pix,Santos do Campo,PR,shipped,parceiro_c
66230b4c-57fc-ad8b-bdcf-6996129ec267,CUST_03743,PROD_0260,20,3900.43,78008.6,2023-11-19,pix,Novais das Flores,GO,pending,parceiro_a
528768fd-0789-767d-6364-39a7c724462f,CUST_02719,PROD_1268,7,3790.83,26535.81,2023-11-19,pix,da Rosa Grande,SP,delivered,parceiro_c
425bbf9e-dc0c-ca34-fa1b-657e7a8d37b8,CUST_12458,PROD_2053,9,3840.99,34568.91,2023-11-19,credit_card,Freitas,RS,delivered,parceiro_b
b8270803-a9f2-a539-b55a-db8572626f3d,CUST_02742,PROD_1442,8,2208.89,17671.12,2023-11-19,boleto,Novais das Pedras,SP,delivered,parceiro_a
e27e47b1-623d-4733-9c12-bc86fb3f85f0,CUST_35320,PROD_2908,13,4757.2,61843.6,2023-11-19,boleto,Garcia,CE,cancelled,parceiro_c
e237f7e3-60e9-7bf6-526e-ff6b01f1e22a,CUST_01872,PROD_1785,8,1073.9,8591.2,2023-11-19,pix,da Rosa,SP,delivered,parceiro_a
7dac1e93-07eb-7cb1-7929-e90121d53eaf,CUST_40446,PROD_4118,1,3624.92,3624.92,2023-11-19,pix,Viana Alegre,SP,delivered,parceiro_c
f8ce390c-c953-3f46-18a8-c89239a15920,CUST_23068,PROD_0774,4,4951.1,19804.4,2023-11-19,pix,Castro,SP,delivered,parceiro_a
5c0760c4-9a6a-3de7-74fa-8b5132ab6396,CUST_22240,PROD_1551,6,1064.72,6388.32,2023-11-19,boleto,da Costa Verde,BA,shipped,parceiro_a
5e9bd236-9008-7209-67ad-6c9d44766938,CUST_22402,PROD_4505,13,1191.4,15488.2,2023-11-19,debit_card,Rodrigues do Sul,MG,delivered,parceiro_b
6022c2ac-9af9-dcc4-56a9-585e6963eea8,CUST_22606,PROD_4266,18,4351.71,78330.78,2023-11-19,boleto,Melo,RJ,pending,parceiro_a
62e68f93-1b0e-7355-cf8f-7f79b5e03fa4,CUST_00829,PROD_3625,8,640.12,5120.96,2023-11-19,debit_card,Camargo da Praia,ES,delivered,parceiro_a
3ee54e47-52cf-8b20-58d9-8055fba13905,CUST_08743,PROD_0746,15,720.23,10803.45,2023-11-19,pix,Novais da Mata,RS,delivered,parceiro_c
46189b50-c0b0-fef4-b43a-49f81242f8b1,CUST_02674,PROD_1876,12,3654.77,43857.24,2023-11-19,credit_card,Vargas de Goiás,GO,delivered,parceiro_c
42052348-7bb6-1692-d9e4-ca4f64ae8cb5,CUST_39183,PROD_4168,2,3652.96,7305.92,2023-11-19,boleto,Moura Verde,SP,shipped,parceiro_b
64f97ecd-9cc4-ada6-06af-ffb570512e45,CUST_11684,PROD_4501,11,3603.99,39643.89,2023-11-19,boleto,Almeida do Norte,RS,delivered,parceiro_a
ed32ab40-8e62-e6e7-e7be-37809915931e,CUST_01370,PROD_0072,5,2958.53,14792.65,2023-11-19,credit_card,Leão,BA,delivered,parceiro_a
47a41cf5-7f98-d43e-24a5-e37e666b6182,CUST_31342,PROD_1417,17,2926.58,49751.86,2023-11-19,debit_card,Montenegro,BA,delivered,parceiro_a
6b524522-c9d9-3466-a641-bbed7288e244,CUST_30635,PROD_2601,1,4496.82,4496.82,2023-11-19,debit_card,Pereira,PE,cancelled,parceiro_a
3d0dc488-87f2-d0ab-2a01-f5bbe8805fc2,CUST_16282,PROD_4879,19,2897.37,55050.03,2023-11-19,boleto,da Rocha,BA,shipped,parceiro_a
33958b46-75a6-4a59-289d-d2c296f83914,CUST_49486,PROD_1230,12,1092.8,13113.6,2023-11-19,credit_card,da Paz,BA,shipped,parceiro_b
d93e9043-35d8-774c-b4bc-ac7fdd445cc4,CUST_47212,PROD_2505,13,646.28,8401.64,2023-11-19,debit_card,Cirino,SP,pending,parceiro_b
b0ae4661-8595-85eb-ede2-70984f813a8d,CUST_05275,PROD_4910,6,4399.97,26399.82,2023-11-19,pix,Porto,BA,delivered,parceiro_a
5027281a-2bad-845a-c625-1f42fe15aa20,CUST_05696,PROD_3509,17,3864.54,65697.18,2023-11-19,debit_card,Cardoso do Galho,SC,delivered,parceiro_b
825ce60e-f237-15ee-ec0f-aa0545d4fab3,CUST_16187,PROD_3605,4,4469.25,17877.0,2023-11-19,credit_card,Sales,MG,delivered,parceiro_b
bbcab228-faf6-8e54-262b-b6ac52cf273e,CUST_35824,PROD_2431,17,2324.59,39518.03,2023-11-19,pix,Borges,ES,cancelled,parceiro_b
4319b1e8-56b4-8573-1c04-f990fbb5d524,CUST_31772,PROD_1535,8,915.55,7324.4,2023-11-19,credit_card,Nunes do Oeste,RS,cancelled,parceiro_a
3ef7cf61-dc49-d163-711d-5f39a1f17c17,CUST_12944,PROD_2162,15,4679.4,70191.0,2023-11-19,debit_card,Barros de Goiás,PA,delivered,parceiro_b
e6a15bc6-0aea-5efe-134f-79884d92cf1e,CUST_18425,PROD_3610,5,864.99,4324.95,2023-11-19,pix,Fogaça das Pedras,BA,pending,parceiro_a
b3773e21-e763-473b-1c3b-acf331bb03ea,CUST_35205,PROD_4369,9,3240.07,29160.63,2023-11-19,credit_card,Santos da Praia,SP,delivered,parceiro_a
ed5b3b7e-c2b5-1a0c-6e05-57bf5f7fb4cf,CUST_10580,PROD_4024,3,3993.69,11981.07,2023-11-19,boleto,Ribeiro Alegre,ES,delivered,parceiro_a
d43d4e38-d8c7-f808-b9bd-7f9b499a224a,CUST_22868,PROD_0641,17,228.2,3879.4,2023-11-19,credit_card,Sá,AM,delivered,parceiro_b
741827f5-1778-e998-5675-fc2b2294853e,CUST_09881,PROD_2688,10,665.04,6650.4,2023-11-19,debit_card,Novais,RJ,delivered,parceiro_b
41f98cc4-a3e1-108f-c9ee-97c83e991ff2,CUST_25451,PROD_0795,6,2157.4,12944.4,2023-11-19,credit_card,Pimenta,PR,delivered,parceiro_a
3af919a0-80de-389d-9607-a3cb44005546,CUST_22087,PROD_1517,9,973.78,8764.02,2023-11-19,boleto,Sousa,GO,delivered,parceiro_a
077107d3-6288-df59-78f0-38787c9a8b63,CUST_12368,PROD_3236,3,3297.84,9893.52,2023-11-19,pix,Gonçalves do Galho,BA,cancelled,parceiro_c
42134eeb-9fff-ab68-1455-de2f03f53a36,CUST_02453,PROD_0787,7,2061.82,14432.74,2023-11-19,debit_card,da Cruz de Barros,PA,delivered,parceiro_c
0d6990b6-4332-92df-e697-064a2081fc6e,CUST_26825,PROD_2487,16,3597.87,57565.92,2023-11-19,boleto,Silveira da Prata,MG,delivered,parceiro_a
cb7fbf85-9ba2-1964-47b4-6cc0a82f0f47,CUST_32120,PROD_4019,7,1654.63,11582.41,2023-11-19,credit_card,das Neves,RJ,delivered,parceiro_a
096c62db-da1b-d5d4-8995-cba405a0d10e,CUST_17880,PROD_1730,7,1647.92,11535.44,2023-11-19,credit_card,da Rosa,PB,pending,parceiro_c
f48963ff-5f81-ac24-6be2-9f038ca78cb8,CUST_16656,PROD_3711,2,912.23,1824.46,2023-11-19,debit_card,Fonseca,PB,cancelled,parceiro_b
19ffd1d1-fc6e-42a5-457d-f101264f9b29,CUST_44440,PROD_0953,16,2250.95,36015.2,2023-11-19,credit_card,Rodrigues,RS,pending,parceiro_a
e95f0015-3d5c-4b3a-aab3-d55fb0c5c090,CUST_25260,PROD_0184,19,2167.31,41178.89,2023-11-19,pix,Castro,ES,cancelled,parceiro_a
ed4ce719-82db-2152-9e86-5388795ec03c,CUST_32770,PROD_0034,14,514.27,7199.78,2023-11-19,pix,Ferreira dos Dourados,PE,delivered,parceiro_a
e653db6b-a377-510c-423f-d39c2eec3b3f,CUST_20523,PROD_1254,14,2696.13,37745.82,2023-11-19,pix,Almeida,PR,delivered,parceiro_b
d038dac2-955a-cf3e-009b-c991838b4608,CUST_37163,PROD_2316,18,2905.89,52306.02,2023-11-19,boleto,Azevedo,SP,delivered,parceiro_a
323e2b6d-165c-d437-b79f-ff1fe3c7aaa7,CUST_18120,PROD_4376,6,2451.0,14706.0,2023-11-19,pix,Souza,SP,shipped,parceiro_a
f5f6d435-8be3-0ab6-755a-9e641e309eb4,CUST_46211,PROD_1048,13,61.45,798.85,2023-11-19,credit_card,Nascimento de Fernandes,CE,delivered,parceiro_a
e68081b6-fd1c-4562-ebb2-c554e11936aa,CUST_22044,PROD_2865,3,1704.33,5112.99,2023-11-19,debit_card,da Costa das Pedras,CE,delivered,parceiro_c
19e1b785-dcce-cca3-debf-0273e74fee8a,CUST_49260,PROD_4181,4,3592.74,14370.96,2023-11-19,debit_card,Martins do Galho,GO,shipped,parceiro_c
e31feedf-68e4-192c-3b72-1769ce9e022d,CUST_27747,PROD_0504,1,4489.37,4489.37,2023-11-19,debit_card,Aragão da Prata,MG,delivered,parceiro_b
fc0bab77-1dcb-98c2-e5e4-cef09e02b5de,CUST_48854,PROD_0908,1,3399.44,3399.44,2023-11-19,credit_card,Casa Grande do Norte,MA,delivered,parceiro_c
43eaa2f0-144a-a606-f698-bb860e54e12b,CUST_03831,PROD_3091,8,396.41,3171.28,2023-11-19,pix,Câmara de Costa,PE,pending,parceiro_a
5db1e6ad-c4f6-6e89-7646-bdcb25fb2c21,CUST_36632,PROD_4147,20,2493.72,49874.4,2023-11-19,credit_card,Pacheco,MG,delivered,parceiro_c
33837d05-1cf4-9860-fa20-bf22636938f4,CUST_21640,PROD_1739,17,3564.49,60596.33,2023-11-19,pix,Fernandes de Goiás,PA,pending,parceiro_c
e09ec03c-8185-e96a-06cd-cc29ed79bfd7,CUST_31415,PROD_4577,19,493.23,9371.37,2023-11-19,pix,Lopes da Prata,SP,pending,parceiro_a
575efadf-360d-337c-be43-85453f5b6fcd,CUST_32266,PROD_1044,9,2255.94,20303.46,2023-11-19,pix,Caldeira do Norte,PA,delivered,parceiro_c
bd983cd1-1542-7e92-5fad-45c055eaf6cb,CUST_12346,PROD_4489,7,1137.58,7963.06,2023-11-19,credit_card,Câmara Verde,RJ,shipped,parceiro_b
e60d51ef-83b0-7e18-81c6-73098c80ce82,CUST_44658,PROD_1934,3,2184.73,6554.19,2023-11-19,credit_card,Cardoso Grande,SP,pending,parceiro_c
13674ac8-6f42-59fe-4f9e-439afb01682c,CUST_04925,PROD_3073,17,2444.9,41563.3,2023-11-19,pix,Albuquerque de Araújo,PA,delivered,parceiro_a
40a73e98-7b06-fb08-53b4-1c1439e2c827,CUST_13182,PROD_2285,3,733.93,2201.79,2023-11-19,boleto,Souza,RS,delivered,parceiro_c
01e25a00-f41b-0ed9-ef85-c0a8acb0961a,CUST_16927,PROD_3783,14,4717.99,66051.86,2023-11-19,debit_card,Porto de Machado,SP,shipped,parceiro_b
942954fe-2a7b-0998-1294-ff99d4b07363,CUST_04746,PROD_4842,7,1950.03,13650.21,2023-11-19,debit_card,Alves de Barros,DF,delivered,parceiro_c
e471acca-6afc-f755-80f6-fd331dcfe3f9,CUST_49067,PROD_4314,4,1082.12,4328.48,2023-11-19,credit_card,Guerra,RS,delivered,parceiro_c
621d0192-907a-f542-97f9-b5bfd905ef77,CUST_49301,PROD_0712,7,107.09,749.63,2023-11-19,credit_card,Abreu,SP,shipped,parceiro_c
9b54a632-34ae-7c87-7d74-769b4e34e4a4,CUST_18644,PROD_2020,11,1315.45,14469.95,2023-11-19,boleto,Guerra de Teixeira,TO,delivered,parceiro_a
cfd965ee-8d19-3561-5283-3741540b0158,CUST_41022,PROD_2779,13,1068.45,13889.85,2023-11-19,boleto,da Luz,BA,delivered,parceiro_a
842a82a1-9422-6975-cd29-d62355144428,CUST_48412,PROD_1883,2,2601.54,5203.08,2023-11-19,credit_card,Aragão das Flores,AL,cancelled,parceiro_c
2d682965-db9f-ceac-746a-53c9bc27e9c0,CUST_12912,PROD_2560,20,4698.69,93973.8,2023-11-19,debit_card,Vasconcelos,SC,pending,parceiro_b
6692743e-76fd-e5a9-50e7-d86a97f26f87,CUST_09966,PROD_1001,10,1010.73,10107.3,2023-11-19,debit_card,da Rocha Alegre,MG,cancelled,parceiro_a
5accfda5-935a-23b5-fada-b263c979c224,CUST_12773,PROD_4164,18,318.13,5726.34,2023-11-19,credit_card,Fogaça,PI,cancelled,parceiro_c
abf54bcd-7c1e-671f-a187-ed7c2f9c44af,CUST_33746,PROD_1060,2,1841.13,3682.26,2023-11-19,debit_card,Azevedo dos Dourados,RJ,delivered,parceiro_a
46c61e6f-e66f-ac22-5581-51229102adde,CUST_06861,PROD_2983,15,3481.88,52228.2,2023-11-19,credit_card,Cavalcante,RJ,delivered,parceiro_c
ba0113ca-8fca-acae-4c4e-9a0ad7690dc2,CUST_17913,PROD_4695,20,1121.92,22438.4,2023-11-19,pix,Gomes do Campo,MG,cancelled,parceiro_c
7d7d3bb8-20ec-891c-233c-1faf9bb11b23,CUST_26915,PROD_2762,16,790.43,12646.88,2023-11-19,credit_card,Souza do Sul,SC,cancelled,parceiro_b
21c9085a-205f-6f4b-f2aa-edca58334762,CUST_43443,PROD_4962,17,4843.56,82340.52,2023-11-19,credit_card,Campos,MA,shipped,parceiro_c
d2ccc54c-9b94-956b-64d1-1775cee2607e,CUST_35563,PROD_3769,17,128.57,2185.69,2023-11-19,debit_card,Campos,MT,cancelled,parceiro_a
5a0f52be-d52f-6ddd-6d6d-461b3f783381,CUST_17385,PROD_1915,20,4408.73,88174.6,2023-11-19,credit_card,Montenegro,SP,cancelled,parceiro_c
fef70c0a-df35-3982-c2d8-3e21916892a7,CUST_33343,PROD_4176,19,2505.84,47610.96,2023-11-19,credit_card,Sales das Pedras,RS,shipped,parceiro_b
7938c8af-fbce-1413-7555-ce76f9e1a524,CUST_00926,PROD_0277,12,2397.42,28769.04,2023-11-19,boleto,Souza Paulista,RJ,delivered,parceiro_c
3bad1af7-4549-6b53-e019-54689e86fdf6,CUST_13316,PROD_0408,16,2735.58,43769.28,2023-11-19,debit_card,Porto do Amparo,BA,delivered,parceiro_b
9a1fd45e-550f-0dc1-e3f6-7ecaafd797d3,CUST_36004,PROD_1671,14,268.85,3763.9,2023-11-19,pix,Cavalcanti de Abreu,PE,cancelled,parceiro_a
da68394c-f2e3-5383-542a-9ffafd96f576,CUST_03006,PROD_0497,13,767.84,9981.92,2023-11-19,credit_card,Pacheco das Flores,PR,pending,parceiro_b
f0787122-7563-08b1-9eaf-9f39177dc3fb,CUST_24872,PROD_4956,18,4184.36,75318.48,2023-11-19,credit_card,Rios,DF,delivered,parceiro_c
02688fa8-2fa4-e223-0719-c19dab6454a1,CUST_22050,PROD_4558,5,4931.56,24657.8,2023-11-19,debit_card,Gomes da Prata,SP,delivered,parceiro_b
eb9d4e83-4369-1666-35a9-d79a3750541f,CUST_06800,PROD_1398,16,3750.01,60000.16,2023-11-19,pix,Moura,SP,delivered,parceiro_b
44de5280-94f4-24a4-f883-901cd63906a6,CUST_15620,PROD_0245,19,1032.54,19618.26,2023-11-19,credit_card,Moura,PR,pending,parceiro_c
ec808f67-4f4b-e9ae-92c6-468244da0e4d,CUST_07637,PROD_2243,20,995.45,19909.0,2023-11-19,boleto,Sampaio de Goiás,BA,pending,parceiro_a
57981add-14fe-d6a0-274e-38876afc66be,CUST_07943,PROD_2746,13,2596.87,33759.31,2023-11-19,pix,Novaes,MG,delivered,parceiro_a
e7b3bd6a-0f03-0aef-9bd2-031b81651c41,CUST_31971,PROD_4951,4,4807.41,19229.64,2023-11-19,debit_card,Freitas de Azevedo,PI,cancelled,parceiro_a
9acab650-bbd0-79ea-1dab-130df3c96b30,CUST_10483,PROD_2974,15,4999.27,74989.05,2023-11-19,pix,Sampaio Alegre,AM,cancelled,parceiro_b
fcf98d93-d1d8-fe12-dbc4-f7100776735a,CUST_41789,PROD_2979,19,2539.31,48246.89,2023-11-19,boleto,Albuquerque Paulista,RJ,shipped,parceiro_a
16c35a76-027f-17ea-1429-13326495ff89,CUST_27336,PROD_4039,15,3566.1,53491.5,2023-11-19,credit_card,da Rocha Verde,ES,pending,parceiro_c
66c6d750-8a14-521e-b9bd-084a1389e678,CUST_22238,PROD_3377,1,2448.3,2448.3,2023-11-19,pix,Nunes,RJ,delivered,parceiro_c
af6eb177-3f15-2f3e-258e-6827dc114de1,CUST_16949,PROD_4125,12,3033.07,36396.84,2023-11-19,credit_card,Gonçalves,SP,delivered,parceiro_a
45161499-d4c0-c65d-a060-84775cebc98a,CUST_00387,PROD_0063,20,4610.29,92205.8,2023-11-19,debit_card,Aragão da Mata,PB,pending,parceiro_a
5c766b7a-6977-1125-b7a7-a6f202568470,CUST_42514,PROD_2523,20,3137.0,62740.0,2023-11-19,pix,Santos,PB,shipped,parceiro_a
bd4d0de0-d1e2-c5c8-89fa-f2b83e826a74,CUST_39321,PROD_0544,16,2037.06,32592.96,2023-11-19,credit_card,Almeida,RJ,delivered,parceiro_c
f1bc3377-0176-d5a3-8602-985e70da74c4,CUST_35452,PROD_4514,12,2022.58,24270.96,2023-11-19,pix,Silveira,MG,delivered,parceiro_a
1ea8cdaf-15ff-cb39-5c2a-758a4c62d330,CUST_37049,PROD_4102,19,2270.25,43134.75,2023-11-19,credit_card,Aragão de Goiás,SP,delivered,parceiro_a
98af8b7c-c8c5-031b-ae8a-c148dcf91f8c,CUST_10304,PROD_4964,16,257.99,4127.84,2023-11-19,credit_card,Cassiano,SP,cancelled,parceiro_a
bb8448d6-4434-490d-ab60-d02e7e44e0fa,CUST_33029,PROD_0223,6,4546.72,27280.32,2023-11-19,debit_card,Melo da Praia,SP,delivered,parceiro_c
add63baa-f6ec-4606-3bbc-b603522d8583,CUST_41551,PROD_3881,6,3787.79,22726.74,2023-11-19,credit_card,Vargas da Serra,SP,delivered,parceiro_a
ac1f5e3f-c0c7-582b-8931-41103d1119f1,CUST_14120,PROD_3096,17,3074.13,52260.21,2023-11-19,credit_card,Abreu,SC,delivered,parceiro_a
5ce6492b-9107-656a-4665-ab0c82540a3e,CUST_25808,PROD_4258,18,3425.88,61665.84,2023-11-19,boleto,Cirino,SP,delivered,parceiro_b
e65d1bbe-0a28-7668-cf02-5a42651c5f4c,CUST_29860,PROD_4593,7,937.57,6562.99,2023-11-19,credit_card,Marques,RS,delivered,parceiro_a
bd0d08a6-3ce0-db88-000a-3b0eb1d4f1cb,CUST_34114,PROD_1375,16,1030.72,16491.52,2023-11-19,boleto,Moura das Flores,SP,cancelled,parceiro_c
e555b17d-bf90-2709-ad14-217a349de377,CUST_45109,PROD_3915,4,2682.07,10728.28,2023-11-19,debit_card,Pastor de Gonçalves,RS,delivered,parceiro_b
8a0b1cd3-af03-ccad-f02a-4362ed56ce1a,CUST_01631,PROD_4019,12,3661.21,43934.52,2023-11-19,pix,Aragão,GO,delivered,parceiro_b
b051bf48-a17c-9974-76c4-1ceaef2ebfc9,CUST_47200,PROD_1617,13,3457.34,44945.42,2023-11-19,pix,da Luz,SC,shipped,parceiro_c
81d0b19a-6b21-fd34-817d-77f54bcdca6e,CUST_03049,PROD_4413,1,207.73,207.73,2023-11-19,debit_card,Macedo,MG,delivered,parceiro_a
399411a9-bbc3-3691-8500-948bbe7709b2,CUST_33381,PROD_3507,18,1588.37,28590.66,2023-11-19,boleto,Castro,SP,delivered,parceiro_c
d6a8b4cc-73b9-7c29-ccd9-653a110fdba7,CUST_19870,PROD_4137,5,3976.91,19884.55,2023-11-19,pix,Peixoto do Norte,SC,delivered,parceiro_a
3d6105a7-c9f6-5290-cce5-a6a081f52eef,CUST_20552,PROD_2651,3,1550.5,4651.5,2023-11-19,credit_card,Duarte de Sales,GO,cancelled,parceiro_a
e7da332e-c6fd-07fa-d4ca-a3cb5a3747f8,CUST_43710,PROD_1936,6,4678.64,28071.84,2023-11-19,debit_card,Guerra de Campos,MG,delivered,parceiro_b
2d4f4fc9-238c-abe3-2aaa-ad98db44adba,CUST_20703,PROD_1641,20,3393.09,67861.8,2023-11-19,pix,Pinto,SP,delivered,parceiro_c
fe89ef51-878b-03dd-dd74-27e9453f9526,CUST_37602,PROD_4500,12,2530.31,30363.72,2023-11-19,credit_card,Carvalho do Norte,RJ,delivered,parceiro_a
